"arm","set","round","target","position","delivered","seconds","status","chars","outcome","blocked_reason","document_reused","renewed"
"before","public31","1","linkedin-jobs","1","True","1.027137","200","100288","delivered",,"False","False"
"before","public31","1","linkedin-jobs","2","True","0.7184873","200","100270","delivered",,"False","False"
"before","public31","1","tls-peet","1","True","0.5505797","200","10504","delivered",,"False","False"
"before","public31","1","tls-peet","2","True","0.2418665","200","10966","delivered",,"False","False"
"before","public31","1","github-explore","1","True","1.7535268","200","26590","delivered",,"False","False"
"before","public31","1","github-explore","2","True","0.0733939","200","26590","delivered",,"False","False"
"before","public31","1","browserscan-bot","1","True","0.1390591","200","91133","delivered",,"False","False"
"before","public31","1","browserscan-bot","2","True","0.0470246","200","91133","delivered",,"False","False"
"before","public31","1","booking-search","1","True","9.2855751","200","56495","delivered",,"False","False"
"before","public31","1","booking-search","2","True","4.3307365","200","60456","delivered",,"False","False"
"before","public31","1","canadianinsider","1","False","28.2408719","200",,"wall","cloudflare wall (just a moment)","False","False"
"before","public31","1","canadianinsider","2","False","62.3530942","200",,"wall","cloudflare wall (just a moment)","False","False"
"before","public31","1","ceo-ca","1","True","6.3265213","200","1424","delivered",,"False","False"
"before","public31","1","ceo-ca","2","True","1.9397288000000001","200","1424","delivered",,"False","False"
"before","public31","1","amazon-product","1","False","4.3971219999999995","200",,"wall","soft 404: 200 with a not-found page (title: page not found)","False","False"
"before","public31","1","amazon-product","2","False","4.7417754","200",,"wall","soft 404: 200 with a not-found page (title: page not found)","False","False"
"before","public31","1","instagram-post","1","True","5.1490214","200","95043","delivered",,"False","False"
"before","public31","1","instagram-post","2","True","1.6226197999999998","200","95043","delivered",,"False","False"
"before","public31","1","sedarplus","1","True","0.7409265","200","41475","delivered",,"False","False"
"before","public31","1","sedarplus","2","True","0.831205","200","41477","delivered",,"False","False"
"before","public31","1","x-explore","1","False","32.8519722","200",,"wall","the site's own error page instead of the content (something went wrong)","False","False"
"before","public31","1","x-explore","2","False","62.3872376","200",,"wall","the site's own error page instead of the content (something went wrong)","False","False"
"before","public31","1","pixelscan-fp","1","True","2.2148601","200","95378","delivered",,"False","False"
"before","public31","1","pixelscan-fp","2","True","0.8218732","200","95378","delivered",,"False","False"
"before","public31","1","sannysoft","1","True","0.365233","200","25232","delivered",,"False","False"
"before","public31","1","sannysoft","2","True","0.0777276","200","25232","delivered",,"False","False"
"before","public31","1","stackoverflow","1","True","7.5364123","200","11889","delivered",,"False","False"
"before","public31","1","stackoverflow","2","True","2.0022346","200","11888","delivered",,"False","False"
"before","public31","1","creepjs","1","True","0.1302491","200","8325","delivered",,"False","False"
"before","public31","1","creepjs","2","True","0.0121781","200","8325","delivered",,"False","False"
"before","public31","1","browserleaks","1","True","0.2799033","200","24345","delivered",,"False","False"
"before","public31","1","browserleaks","2","True","0.0651765","200","24345","delivered",,"False","False"
"before","public31","1","browserleaks-tls","1","True","0.4215027","200","1227","delivered",,"False","False"
"before","public31","1","browserleaks-tls","2","True","0.201628","200","1227","delivered",,"False","False"
"before","public31","1","glassdoor","1","False","8.4013295","200",,"wall","cloudflare wall (just a moment)","False","False"
"before","public31","1","glassdoor","2","True","12.1375169","200","43395","delivered",,"False","False"
"before","public31","1","pixelscan-bot","1","True","0.8169718","200","76943","delivered",,"False","False"
"before","public31","1","pixelscan-bot","2","True","0.7954013","200","76943","delivered",,"False","False"
"before","public31","1","reddit","1","True","6.1440601","206","83559","delivered",,"False","False"
"before","public31","1","reddit","2","True","2.3392355","200","83367","delivered",,"False","False"
"before","public31","1","crunchbase-cf","1","True","0.4788604","200","98719","delivered",,"False","False"
"before","public31","1","crunchbase-cf","2","True","0.0238588","200","98719","delivered",,"False","False"
"before","public31","1","indeed-jobs","1","True","9.2790385","200","5627","delivered",,"False","False"
"before","public31","1","indeed-jobs","2","True","4.1284991","200","5499","delivered",,"False","False"
"before","public31","1","nowsecure-cf","1","True","5.1905152","200","13212","delivered",,"False","False"
"before","public31","1","nowsecure-cf","2","True","1.5646453","200","13212","delivered",,"False","False"
"before","public31","1","rebrowser-detector","1","True","0.2312783","200","2938","delivered",,"False","False"
"before","public31","1","rebrowser-detector","2","True","0.072382","200","2938","delivered",,"False","False"
"before","public31","1","tiktok-user","1","False","28.531778","200",,"wall","the site's own error page instead of the content (something went wrong)","False","False"
"before","public31","1","tiktok-user","2","False","63.6087249","200",,"wall","the site's own error page instead of the content (something went wrong)","False","False"
"before","public31","1","medium","1","True","4.1006186","200","18152","delivered",,"False","False"
"before","public31","1","medium","2","True","1.7907345000000001","200","18152","delivered",,"False","False"
"before","public31","1","google-search","1","True","7.244919","200","25911","delivered",,"False","False"
"before","public31","1","google-search","2","True","2.4986219","200","25176","delivered",,"False","False"
"before","public31","1","devto","1","True","0.3781891","200","98187","delivered",,"False","False"
"before","public31","1","devto","2","True","0.0200904","200","98187","delivered",,"False","False"
"before","public31","1","bot-incolumitas","1","True","0.7770478","200","43050","delivered",,"False","False"
"before","public31","1","bot-incolumitas","2","True","0.1604206","200","43050","delivered",,"False","False"
"before","public31","1","newsfilecorp","1","True","0.8445775","200","93214","delivered",,"False","False"
"before","public31","1","newsfilecorp","2","True","0.2279113","200","93214","delivered",,"False","False"
"before","public31","1","stockwatch","1","True","0.4602394","200","34618","delivered",,"False","False"
"before","public31","1","stockwatch","2","True","0.1755278","200","34618","delivered",,"False","False"
"after","public31","1","linkedin-jobs","1","True","0.6965418","200","100009","delivered",,"False","False"
"after","public31","1","linkedin-jobs","2","True","0.5056733","200","100210","delivered",,"False","False"
"after","public31","1","tls-peet","1","True","0.4521747","200","10568","delivered",,"False","False"
"after","public31","1","tls-peet","2","True","0.2368181","200","10901","delivered",,"False","False"
"after","public31","1","github-explore","1","True","1.8769072","200","26599","delivered",,"False","False"
"after","public31","1","github-explore","2","True","0.0720827","200","26599","delivered",,"False","False"
"after","public31","1","browserscan-bot","1","True","0.1407236","200","91133","delivered",,"False","False"
"after","public31","1","browserscan-bot","2","True","0.0455275","200","91133","delivered",,"False","False"
"after","public31","1","booking-search","1","True","5.9526485000000005","200","57712","delivered",,"False","False"
"after","public31","1","booking-search","2","True","3.1285707","200","60614","delivered",,"False","False"
"after","public31","1","canadianinsider","1","False","27.566762699999998","200",,"wall","cloudflare wall (just a moment)","False","False"
"after","public31","1","canadianinsider","2","False","62.378985","200",,"wall","cloudflare wall (just a moment)","False","False"
"after","public31","1","ceo-ca","1","True","12.1373428","200","1424","delivered",,"False","False"
"after","public31","1","ceo-ca","2","True","1.9254976","200","1424","delivered",,"False","False"
"after","public31","1","amazon-product","1","False","9.9418454","200",,"wall","soft 404: 200 with a not-found page (title: page not found)","False","False"
"after","public31","1","amazon-product","2","False","11.721953599999999","200",,"wall","soft 404: 200 with a not-found page (title: page not found)","False","False"
"after","public31","1","instagram-post","1","True","10.8935201","200","95043","delivered",,"False","False"
"after","public31","1","instagram-post","2","True","1.6956404","200","95043","delivered",,"False","False"
"after","public31","1","sedarplus","1","True","0.594793","200","41475","delivered",,"False","False"
"after","public31","1","sedarplus","2","True","0.8196867","200","41475","delivered",,"False","False"
"after","public31","1","x-explore","1","False","35.4017927","200",,"wall","bot wall (javascript is disabled)","False","False"
"after","public31","1","x-explore","2","False","62.8577475","200",,"wall","bot wall (javascript is disabled)","False","False"
"after","public31","1","pixelscan-fp","1","True","2.3290037","200","95378","delivered",,"False","False"
"after","public31","1","pixelscan-fp","2","True","0.8795844","200","95378","delivered",,"False","False"
"after","public31","1","sannysoft","1","True","0.4038554","200","25232","delivered",,"False","False"
"after","public31","1","sannysoft","2","True","0.0828823","200","25232","delivered",,"False","False"
"after","public31","1","stackoverflow","1","True","11.8693404","200","11888","delivered",,"False","False"
"after","public31","1","stackoverflow","2","True","1.8858949","204","11888","delivered",,"False","False"
"after","public31","1","creepjs","1","True","0.8802652","200","8325","delivered",,"False","False"
"after","public31","1","creepjs","2","True","0.0207771","200","8325","delivered",,"False","False"
"after","public31","1","browserleaks","1","True","0.2710457","200","24345","delivered",,"False","False"
"after","public31","1","browserleaks","2","True","0.0698761","200","24345","delivered",,"False","False"
"after","public31","1","browserleaks-tls","1","True","0.4062954","200","1227","delivered",,"False","False"
"after","public31","1","browserleaks-tls","2","True","0.2032792","200","1227","delivered",,"False","False"
"after","public31","1","glassdoor","1","True","12.5019553","200","7826","delivered",,"False","False"
"after","public31","1","glassdoor","2","True","3.466241","200","7826","delivered",,"False","False"
"after","public31","1","pixelscan-bot","1","True","0.8532966","200","76943","delivered",,"False","False"
"after","public31","1","pixelscan-bot","2","True","0.8059064","200","76943","delivered",,"False","False"
"after","public31","1","reddit","1","True","5.3240921","200","83003","delivered",,"False","False"
"after","public31","1","reddit","2","True","14.7454479","206","83419","delivered",,"False","False"
"after","public31","1","crunchbase-cf","1","True","0.4677821","200","98719","delivered",,"False","False"
"after","public31","1","crunchbase-cf","2","True","0.025992","200","98719","delivered",,"False","False"
"after","public31","1","indeed-jobs","1","True","13.3445528","200","5626","delivered",,"False","False"
"after","public31","1","indeed-jobs","2","True","13.9810924","200","5498","delivered",,"False","False"
"after","public31","1","nowsecure-cf","1","True","5.7918941","200","13212","delivered",,"False","False"
"after","public31","1","nowsecure-cf","2","True","1.57023","200","13212","delivered",,"False","False"
"after","public31","1","rebrowser-detector","1","True","0.2447328","200","2938","delivered",,"False","False"
"after","public31","1","rebrowser-detector","2","True","0.0649375","200","2938","delivered",,"False","False"
"after","public31","1","tiktok-user","1","False","8.9311112","200",,"wall","bot wall (please wait...)","False","False"
"after","public31","1","tiktok-user","2","False","3.5347177","200",,"wall","bot wall (please wait...)","False","False"
"after","public31","1","medium","1","True","3.5565469","200","18152","delivered",,"False","False"
"after","public31","1","medium","2","True","1.8658796","200","18152","delivered",,"False","False"
"after","public31","1","google-search","1","True","14.5146434","200","25553","delivered",,"False","False"
"after","public31","1","google-search","2","True","2.9191687","200","24141","delivered",,"False","False"
"after","public31","1","devto","1","True","0.1070712","200","98217","delivered",,"False","False"
"after","public31","1","devto","2","True","0.0198119","200","98217","delivered",,"False","False"
"after","public31","1","bot-incolumitas","1","True","0.6931014","200","43050","delivered",,"False","False"
"after","public31","1","bot-incolumitas","2","True","0.1630188","200","43050","delivered",,"False","False"
"after","public31","1","newsfilecorp","1","True","0.9784721","200","93214","delivered",,"False","False"
"after","public31","1","newsfilecorp","2","True","0.2233661","200","93214","delivered",,"False","False"
"after","public31","1","stockwatch","1","True","0.4955996","200","33375","delivered",,"False","False"
"after","public31","1","stockwatch","2","True","0.1738206","200","33375","delivered",,"False","False"
"native","public31","1","linkedin-jobs","1","True","0.7024909","200","100208","delivered",,"False","False"
"native","public31","1","linkedin-jobs","2","True","0.5231624","200","99897","delivered",,"False","False"
"native","public31","1","tls-peet","1","True","0.4615987","200","10569","delivered",,"False","False"
"native","public31","1","tls-peet","2","True","0.2385328","200","10902","delivered",,"False","False"
"native","public31","1","github-explore","1","True","1.7210531","200","26599","delivered",,"False","False"
"native","public31","1","github-explore","2","True","0.0737015","200","26599","delivered",,"False","False"
"native","public31","1","browserscan-bot","1","True","0.0727047","200","91133","delivered",,"False","False"
"native","public31","1","browserscan-bot","2","True","0.1051854","200","91133","delivered",,"False","False"
"native","public31","1","booking-search","1","True","15.9219412","200","61012","delivered",,"False","False"
"native","public31","1","booking-search","2","True","3.8457859","200","60624","delivered",,"False","False"
"native","public31","1","canadianinsider","1","True","16.7734726","200","19431","delivered",,"False","False"
"native","public31","1","canadianinsider","2","True","2.2601459999999998","200","19431","delivered",,"False","False"
"native","public31","1","ceo-ca","1","True","12.4648944","200","1424","delivered",,"False","False"
"native","public31","1","ceo-ca","2","True","1.8708200000000001","200","1424","delivered",,"False","False"
"native","public31","1","amazon-product","1","False","0.2558049","404",,"wall","http 404 (page does not exist at this URL)","False","False"
"native","public31","1","amazon-product","2","False","0.1441316","404",,"wall","http 404 (page does not exist at this URL)","False","False"
"native","public31","1","instagram-post","1","True","11.412405","200","95043","delivered",,"False","False"
"native","public31","1","instagram-post","2","True","1.6492821","200","95043","delivered",,"False","False"
"native","public31","1","sedarplus","1","True","0.6349005","200","41475","delivered",,"False","False"
"native","public31","1","sedarplus","2","True","0.5092981","200","41475","delivered",,"False","False"
"native","public31","1","x-explore","1","False","36.0052544","200",,"wall","bot wall (javascript is disabled)","False","False"
"native","public31","1","x-explore","2","False","62.9740886","200",,"wall","bot wall (javascript is disabled)","False","False"
"native","public31","1","pixelscan-fp","1","True","2.4314202","200","95378","delivered",,"False","False"
"native","public31","1","pixelscan-fp","2","True","0.8956886","200","95378","delivered",,"False","False"
"native","public31","1","sannysoft","1","True","0.4601568","200","25232","delivered",,"False","False"
"native","public31","1","sannysoft","2","True","0.0811556","200","25232","delivered",,"False","False"
"native","public31","1","stackoverflow","1","True","12.9285528","200","11888","delivered",,"False","False"
"native","public31","1","stackoverflow","2","True","1.8069996000000002","200","11888","delivered",,"False","False"
"native","public31","1","creepjs","1","True","0.1228385","200","8325","delivered",,"False","False"
"native","public31","1","creepjs","2","True","0.0124502","200","8325","delivered",,"False","False"
"native","public31","1","browserleaks","1","True","0.2721165","200","24345","delivered",,"False","False"
"native","public31","1","browserleaks","2","True","0.0674681","200","24345","delivered",,"False","False"
"native","public31","1","browserleaks-tls","1","True","0.4156237","200","1227","delivered",,"False","False"
"native","public31","1","browserleaks-tls","2","True","0.2068847","200","1227","delivered",,"False","False"
"native","public31","1","glassdoor","1","True","11.9524335","200","7826","delivered",,"False","False"
"native","public31","1","glassdoor","2","True","3.0520068","304","7826","delivered",,"False","False"
"native","public31","1","pixelscan-bot","1","True","0.8035783","200","76943","delivered",,"False","False"
"native","public31","1","pixelscan-bot","2","True","0.7964416","200","76943","delivered",,"False","False"
"native","public31","1","reddit","1","True","5.5860185","200","83608","delivered",,"False","False"
"native","public31","1","reddit","2","True","2.289637","200","83416","delivered",,"False","False"
"native","public31","1","crunchbase-cf","1","True","0.0761403","200","98719","delivered",,"False","False"
"native","public31","1","crunchbase-cf","2","True","0.0643524","200","98719","delivered",,"False","False"
"native","public31","1","indeed-jobs","1","True","12.9810497","200","5625","delivered",,"False","False"
"native","public31","1","indeed-jobs","2","True","4.3613082","200","5497","delivered",,"False","False"
"native","public31","1","nowsecure-cf","1","True","5.1809698","200","13212","delivered",,"False","False"
"native","public31","1","nowsecure-cf","2","True","1.4864291","200","13212","delivered",,"False","False"
"native","public31","1","rebrowser-detector","1","True","0.2374666","200","2938","delivered",,"False","False"
"native","public31","1","rebrowser-detector","2","True","0.0718829","200","2938","delivered",,"False","False"
"native","public31","1","tiktok-user","1","False","35.9365625","200",,"wall","the site's own error page instead of the content (something went wrong)","False","False"
"native","public31","1","tiktok-user","2","False","64.3775751","200",,"wall","the site's own error page instead of the content (something went wrong)","False","False"
"native","public31","1","medium","1","True","1.040683","200","49902","delivered",,"False","False"
"native","public31","1","medium","2","True","0.0514576","200","49902","delivered",,"False","False"
"native","public31","1","google-search","1","True","17.3892105","200","25594","delivered",,"False","False"
"native","public31","1","google-search","2","True","3.3976179","200","24859","delivered",,"False","False"
"native","public31","1","devto","1","True","0.17746","200","98219","delivered",,"False","False"
"native","public31","1","devto","2","True","0.0413033","200","98219","delivered",,"False","False"
"native","public31","1","bot-incolumitas","1","True","0.7217269","200","43050","delivered",,"False","False"
"native","public31","1","bot-incolumitas","2","True","0.1637626","200","43050","delivered",,"False","False"
"native","public31","1","newsfilecorp","1","True","0.4816696","200","34209","delivered",,"False","False"
"native","public31","1","newsfilecorp","2","True","0.1821834","200","34209","delivered",,"False","False"
"native","public31","1","stockwatch","1","True","0.5013638","200","31675","delivered",,"False","False"
"native","public31","1","stockwatch","2","True","0.1714933","200","31675","delivered",,"False","False"
"before","hard12","1","hackernews","1","True","0.4221299","200","15167","delivered",,"False","False"
"before","hard12","1","hackernews","2","True","0.0836789","200","15167","delivered",,"False","False"
"before","hard12","1","wikipedia","1","True","0.2940026","200","68638","delivered",,"False","False"
"before","hard12","1","wikipedia","2","True","0.0961023","200","68638","delivered",,"False","False"
"before","hard12","1","example","1","True","0.1878381","200","167","delivered",,"False","False"
"before","hard12","1","example","2","True","0.0641837","200","167","delivered",,"False","False"
"before","hard12","1","indeed","1","True","6.314077","200","11257","delivered",,"False","False"
"before","hard12","1","indeed","2","True","3.2728893","200","11278","delivered",,"False","False"
"before","hard12","1","g2","1","False","25.495752","200",,"wall","browser-fingerprinting wall (captcha-delivery.com, cookie datadome)","False","False"
"before","hard12","1","g2","2","False","0.0001183","0",,"error","cooldown","False","False"
"before","hard12","1","newegg","1","True","1.0326526","200","23972","delivered",,"False","False"
"before","hard12","1","newegg","2","True","0.451347","200","23972","delivered",,"False","False"
"before","hard12","1","crunchbase","1","False","32.6250078","200",,"wall","cloudflare wall (just a moment)","False","False"
"before","hard12","1","crunchbase","2","False","62.7253156","200",,"wall","cloudflare wall (just a moment)","False","False"
"before","hard12","1","amazon","1","True","5.894915","200","54618","delivered",,"False","False"
"before","hard12","1","amazon","2","True","2.3168866","200","53264","delivered",,"False","False"
"before","hard12","1","idealista","1","False","25.5927491","200",,"wall","browser-fingerprinting wall (captcha-delivery.com, cookie datadome)","False","False"
"before","hard12","1","idealista","2","False","0.0001112","0",,"error","cooldown","False","False"
"before","hard12","1","zillow","1","True","7.872746","200","666","delivered",,"False","False"
"before","hard12","1","zillow","2","False","61.5067928","200",,"wall","human-verification challenge (press & hold)","False","False"
"before","hard12","1","nowsecure","1","True","5.5645067","200","60","delivered",,"False","False"
"before","hard12","1","nowsecure","2","True","1.5578589","200","60","delivered",,"False","False"
"before","hard12","1","stackoverflow","1","True","8.4640157","200","6572","delivered",,"False","False"
"before","hard12","1","stackoverflow","2","True","3.0320234","200","6572","delivered",,"False","False"
"after","hard12","1","hackernews","1","True","0.3650442","200","15109","delivered",,"False","False"
"after","hard12","1","hackernews","2","True","0.0831595","200","15109","delivered",,"False","False"
"after","hard12","1","wikipedia","1","True","0.2837335","200","68638","delivered",,"False","False"
"after","hard12","1","wikipedia","2","True","0.0961973","200","68638","delivered",,"False","False"
"after","hard12","1","example","1","True","0.1854775","200","167","delivered",,"False","False"
"after","hard12","1","example","2","True","0.058829","200","167","delivered",,"False","False"
"after","hard12","1","indeed","1","True","12.5202261","200","10079","delivered",,"False","False"
"after","hard12","1","indeed","2","True","4.4539354","200","10100","delivered",,"False","False"
"after","hard12","1","g2","1","False","31.2837425","200",,"wall","browser-fingerprinting wall (captcha-delivery.com, cookie datadome)","False","False"
"after","hard12","1","g2","2","False","0.0000835","0",,"error","cooldown","False","False"
"after","hard12","1","newegg","1","True","0.5315316","200","23972","delivered",,"False","False"
"after","hard12","1","newegg","2","True","0.7552358","200","23972","delivered",,"False","False"
"after","hard12","1","crunchbase","1","False","33.489617","200",,"wall","cloudflare wall (just a moment)","False","False"
"after","hard12","1","crunchbase","2","False","62.8017159","200",,"wall","cloudflare wall (just a moment)","False","False"
"after","hard12","1","amazon","1","True","4.201945","200","51261","delivered",,"False","False"
"after","hard12","1","amazon","2","True","2.4572383","200","49996","delivered",,"False","False"
"after","hard12","1","idealista","1","False","31.1817045","200",,"wall","browser-fingerprinting wall (captcha-delivery.com, cookie datadome)","False","False"
"after","hard12","1","idealista","2","False","0.0001745","0",,"error","cooldown","False","False"
"after","hard12","1","zillow","1","False","66.9075922","200",,"wall","human-verification challenge (press & hold)","False","False"
"after","hard12","1","zillow","2","False","90.0007276","0",,"error","timeout","False","False"
"after","hard12","1","nowsecure","1","True","5.5696132","200","60","delivered",,"False","False"
"after","hard12","1","nowsecure","2","True","1.5797978000000001","200","60","delivered",,"False","False"
"after","hard12","1","stackoverflow","1","True","11.5638665","200","6572","delivered",,"False","False"
"after","hard12","1","stackoverflow","2","True","1.8373602","200","6572","delivered",,"False","False"
"native","hard12","1","hackernews","1","True","0.3573877","200","15100","delivered",,"False","False"
"native","hard12","1","hackernews","2","True","0.0827009","200","15100","delivered",,"False","False"
"native","hard12","1","wikipedia","1","True","0.2863894","200","68638","delivered",,"False","False"
"native","hard12","1","wikipedia","2","True","0.0956013","200","68638","delivered",,"False","False"
"native","hard12","1","example","1","True","0.1875522","200","167","delivered",,"False","False"
"native","hard12","1","example","2","True","0.060732","200","167","delivered",,"False","False"
"native","hard12","1","indeed","1","True","12.5814017","200","9994","delivered",,"False","False"
"native","hard12","1","indeed","2","True","4.0565129","200","10015","delivered",,"False","False"
"native","hard12","1","g2","1","True","15.5402129","200","17212","delivered",,"False","False"
"native","hard12","1","g2","2","True","3.4289344","200","17212","delivered",,"False","False"
"native","hard12","1","newegg","1","True","0.5396674","200","23972","delivered",,"False","False"
"native","hard12","1","newegg","2","True","0.4234438","200","23972","delivered",,"False","False"
"native","hard12","1","crunchbase","1","True","16.1418544","200","15810","delivered",,"False","False"
"native","hard12","1","crunchbase","2","True","1.8779474999999999","200","15810","delivered",,"False","False"
"native","hard12","1","amazon","1","True","11.3447916","200","55283","delivered",,"False","False"
"native","hard12","1","amazon","2","True","2.5572554","200","53973","delivered",,"False","False"
"native","hard12","1","idealista","1","True","16.5225814","200","21918","delivered",,"False","False"
"native","hard12","1","idealista","2","True","4.2726371","200","22304","delivered",,"False","False"
"native","hard12","1","zillow","1","False","66.0844393","200",,"wall","human-verification challenge (press & hold)","False","False"
"native","hard12","1","zillow","2","False","90.0066522","0",,"error","timeout","False","False"
"native","hard12","1","nowsecure","1","True","5.5444165","200","60","delivered",,"False","False"
"native","hard12","1","nowsecure","2","True","1.5264063","200","60","delivered",,"False","False"
"native","hard12","1","stackoverflow","1","True","11.5702788","200","6572","delivered",,"False","False"
"native","hard12","1","stackoverflow","2","True","1.8656301","204","6572","delivered",,"False","False"
"before","vendors8","1","datadome-idealista","1","False","25.8067617","200",,"wall","browser-fingerprinting wall (captcha-delivery.com, cookie datadome)","False","False"
"before","vendors8","1","datadome-idealista","2","False","0.0001439","0",,"error","cooldown","False","False"
"before","vendors8","1","kasada-twitch","1","True","4.0101919","200","11829","delivered",,"False","False"
"before","vendors8","1","kasada-twitch","2","True","5.8853984","200","11829","delivered",,"False","False"
"before","vendors8","1","cloudflare-crunchbase","1","False","28.6867262","200",,"wall","cloudflare wall (just a moment)","False","False"
"before","vendors8","1","cloudflare-crunchbase","2","False","62.6750868","200",,"wall","cloudflare wall (just a moment)","False","False"
"before","vendors8","1","datadome-g2","1","False","25.5469654","200",,"wall","browser-fingerprinting wall (captcha-delivery.com, cookie datadome)","False","False"
"before","vendors8","1","datadome-g2","2","False","0.0000988","0",,"error","cooldown","False","False"
"before","vendors8","1","akamai-newegg","1","True","1.3006463","200","8184","delivered",,"False","False"
"before","vendors8","1","akamai-newegg","2","True","0.1474539","200","8184","delivered",,"False","False"
"before","vendors8","1","kasada-hyatt","1","False","28.8210255","200",,"wall","browser-fingerprinting wall (kpsdk.io, header x-kpsdk-ct)","False","False"
"before","vendors8","1","kasada-hyatt","2","False","0.0001088","0",,"error","cooldown","False","False"
"before","vendors8","1","cloudflare-indeed","1","True","6.4625016","200","8414","delivered",,"False","False"
"before","vendors8","1","cloudflare-indeed","2","True","3.5840312","200","8499","delivered",,"False","False"
"before","vendors8","1","akamai-homedepot","1","False","25.6645528","200",,"wall","the site's own error page instead of the content (something went wrong)","False","False"
"before","vendors8","1","akamai-homedepot","2","False","40.094462","200",,"wall","the site's own error page instead of the content (something went wrong)","False","False"
"after","vendors8","1","datadome-idealista","1","False","31.3696794","200",,"wall","browser-fingerprinting wall (captcha-delivery.com, cookie datadome)","False","False"
"after","vendors8","1","datadome-idealista","2","False","0.0002277","0",,"error","cooldown","False","False"
"after","vendors8","1","kasada-twitch","1","True","3.2833609","200","11812","delivered",,"False","False"
"after","vendors8","1","kasada-twitch","2","True","1.9094609","200","11810","delivered",,"False","False"
"after","vendors8","1","cloudflare-crunchbase","1","False","35.7143611","200",,"wall","cloudflare wall (just a moment)","False","False"
"after","vendors8","1","cloudflare-crunchbase","2","False","62.9339049","200",,"wall","cloudflare wall (just a moment)","False","False"
"after","vendors8","1","datadome-g2","1","False","31.3109717","200",,"wall","browser-fingerprinting wall (captcha-delivery.com, cookie datadome)","False","False"
"after","vendors8","1","datadome-g2","2","False","0.0001732","0",,"error","cooldown","False","False"
"after","vendors8","1","akamai-newegg","1","True","0.6366734","200","8147","delivered",,"False","False"
"after","vendors8","1","akamai-newegg","2","True","0.1478852","200","8147","delivered",,"False","False"
"after","vendors8","1","kasada-hyatt","1","False","60.1494465","200",,"wall","browser-fingerprinting wall (kpsdk.io, header x-kpsdk-ct)","False","True"
"after","vendors8","1","kasada-hyatt","2","False","0.0001799","0",,"error","cooldown","False","False"
"after","vendors8","1","cloudflare-indeed","1","True","12.7540631","200","8405","delivered",,"False","False"
"after","vendors8","1","cloudflare-indeed","2","True","5.0169965","200","8405","delivered",,"False","False"
"after","vendors8","1","akamai-homedepot","1","False","39.3737485","200",,"wall","the site's own error page instead of the content (something went wrong)","False","False"
"after","vendors8","1","akamai-homedepot","2","False","42.1743052","200",,"wall","the site's own error page instead of the content (something went wrong)","False","False"
"native","vendors8","1","datadome-idealista","1","True","17.4836678","200","22018","delivered",,"False","False"
"native","vendors8","1","datadome-idealista","2","True","5.7837049","200","22328","delivered",,"False","False"
"native","vendors8","1","kasada-twitch","1","True","4.5742511","204","12262","delivered",,"False","False"
"native","vendors8","1","kasada-twitch","2","True","1.9854045","200","12262","delivered",,"False","False"
"native","vendors8","1","cloudflare-crunchbase","1","True","15.5130555","200","14641","delivered",,"False","False"
"native","vendors8","1","cloudflare-crunchbase","2","True","2.74525","200","14641","delivered",,"False","False"
"native","vendors8","1","datadome-g2","1","True","14.3814049","200","17212","delivered",,"False","False"
"native","vendors8","1","datadome-g2","2","True","5.2317142","200","17212","delivered",,"False","False"
"native","vendors8","1","akamai-newegg","1","True","1.3960428","200","8521","delivered",,"False","False"
"native","vendors8","1","akamai-newegg","2","True","0.4776261","200","8521","delivered",,"False","False"
"native","vendors8","1","kasada-hyatt","1","False","59.8212064","200",,"wall","browser-fingerprinting wall (kpsdk.io, header x-kpsdk-ct)","False","True"
"native","vendors8","1","kasada-hyatt","2","False","0.0001671","0",,"error","cooldown","False","False"
"native","vendors8","1","cloudflare-indeed","1","True","12.745871","200","8306","delivered",,"False","False"
"native","vendors8","1","cloudflare-indeed","2","True","4.3626792","200","8306","delivered",,"False","False"
"native","vendors8","1","akamai-homedepot","1","True","19.7369659","200","242","delivered",,"False","False"
"native","vendors8","1","akamai-homedepot","2","True","4.189911","200","237","delivered",,"False","False"
"before","public31","2","linkedin-jobs","1","True","0.7879861","200","99931","delivered",,"False","False"
"before","public31","2","linkedin-jobs","2","True","0.5500735","200","99947","delivered",,"False","False"
"before","public31","2","tls-peet","1","True","0.4484694","200","10440","delivered",,"False","False"
"before","public31","2","tls-peet","2","True","0.2565972","200","10903","delivered",,"False","False"
"before","public31","2","github-explore","1","True","1.9234742","200","26597","delivered",,"False","False"
"before","public31","2","github-explore","2","True","0.074526","200","26597","delivered",,"False","False"
"before","public31","2","browserscan-bot","1","True","0.0762948","200","91133","delivered",,"False","False"
"before","public31","2","browserscan-bot","2","True","0.0172806","200","91133","delivered",,"False","False"
"before","public31","2","booking-search","1","True","14.8933249","200","57722","delivered",,"False","False"
"before","public31","2","booking-search","2","True","3.5934734","200","56917","delivered",,"False","False"
"before","public31","2","canadianinsider","1","False","28.6772601","200",,"wall","cloudflare wall (just a moment)","False","False"
"before","public31","2","canadianinsider","2","False","62.2441762","200",,"wall","cloudflare wall (just a moment)","False","False"
"before","public31","2","ceo-ca","1","True","6.5453671","200","1424","delivered",,"False","False"
"before","public31","2","ceo-ca","2","True","1.9738275","200","1424","delivered",,"False","False"
"before","public31","2","amazon-product","1","False","4.652241","200",,"wall","soft 404: 200 with a not-found page (title: page not found)","False","False"
"before","public31","2","amazon-product","2","False","5.1091657","200",,"wall","soft 404: 200 with a not-found page (title: page not found)","False","False"
"before","public31","2","instagram-post","1","True","5.5263202","200","95043","delivered",,"False","False"
"before","public31","2","instagram-post","2","True","1.7014312999999999","200","96440","delivered",,"False","False"
"before","public31","2","sedarplus","1","True","0.6175433","200","41475","delivered",,"False","False"
"before","public31","2","sedarplus","2","True","0.4644807","200","41475","delivered",,"False","False"
"before","public31","2","x-explore","1","False","30.7551372","200",,"wall","bot wall (javascript is disabled)","False","False"
"before","public31","2","x-explore","2","False","62.1451691","200",,"wall","bot wall (javascript is disabled)","False","False"
"before","public31","2","pixelscan-fp","1","True","1.8993912","200","95378","delivered",,"False","False"
"before","public31","2","pixelscan-fp","2","True","0.9217715","200","95378","delivered",,"False","False"
"before","public31","2","sannysoft","1","True","0.5139103","200","25232","delivered",,"False","False"
"before","public31","2","sannysoft","2","True","0.0966641","200","25232","delivered",,"False","False"
"before","public31","2","stackoverflow","1","True","7.8851853","200","11889","delivered",,"False","False"
"before","public31","2","stackoverflow","2","True","2.2596122","200","11888","delivered",,"False","False"
"before","public31","2","creepjs","1","True","0.1491813","200","8325","delivered",,"False","False"
"before","public31","2","creepjs","2","True","0.0151381","200","8325","delivered",,"False","False"
"before","public31","2","browserleaks","1","True","0.2747627","200","24345","delivered",,"False","False"
"before","public31","2","browserleaks","2","True","0.0650534","200","24345","delivered",,"False","False"
"before","public31","2","browserleaks-tls","1","True","0.4172822","200","1227","delivered",,"False","False"
"before","public31","2","browserleaks-tls","2","True","0.2038083","200","1227","delivered",,"False","False"
"before","public31","2","glassdoor","1","False","8.7202397","200",,"wall","cloudflare wall (just a moment)","False","False"
"before","public31","2","glassdoor","2","True","12.525788","200","7826","delivered",,"False","False"
"before","public31","2","pixelscan-bot","1","True","0.8263764","200","76943","delivered",,"False","False"
"before","public31","2","pixelscan-bot","2","True","0.8016973","200","76943","delivered",,"False","False"
"before","public31","2","reddit","1","True","6.1295263","200","83559","delivered",,"False","False"
"before","public31","2","reddit","2","True","2.4496852000000002","200","83367","delivered",,"False","False"
"before","public31","2","crunchbase-cf","1","True","0.1653563","200","98719","delivered",,"False","False"
"before","public31","2","crunchbase-cf","2","True","0.0250886","200","98719","delivered",,"False","False"
"before","public31","2","indeed-jobs","1","True","8.2706997","200","5624","delivered",,"False","False"
"before","public31","2","indeed-jobs","2","True","5.9549332","200","5496","delivered",,"False","False"
"before","public31","2","nowsecure-cf","1","True","6.3428419","200","13212","delivered",,"False","False"
"before","public31","2","nowsecure-cf","2","True","1.5620889999999998","200","13212","delivered",,"False","False"
"before","public31","2","rebrowser-detector","1","True","0.304031","200","2938","delivered",,"False","False"
"before","public31","2","rebrowser-detector","2","True","0.1078946","200","2938","delivered",,"False","False"
"before","public31","2","tiktok-user","1","False","31.2938331","200",,"wall","the site's own error page instead of the content (something went wrong)","False","False"
"before","public31","2","tiktok-user","2","False","64.8672836","200",,"wall","the site's own error page instead of the content (something went wrong)","False","False"
"before","public31","2","medium","1","True","1.3454617","200","49898","delivered",,"False","False"
"before","public31","2","medium","2","True","0.0332397","200","49898","delivered",,"False","False"
"before","public31","2","google-search","1","True","6.9011891","200","25594","delivered",,"False","False"
"before","public31","2","google-search","2","True","2.4574569","200","24141","delivered",,"False","False"
"before","public31","2","devto","1","True","0.1610716","200","98243","delivered",,"False","False"
"before","public31","2","devto","2","True","0.0210726","200","98243","delivered",,"False","False"
"before","public31","2","bot-incolumitas","1","True","0.7215838","200","43050","delivered",,"False","False"
"before","public31","2","bot-incolumitas","2","True","0.1618014","200","43050","delivered",,"False","False"
"before","public31","2","newsfilecorp","1","True","0.8611777","200","96297","delivered",,"False","False"
"before","public31","2","newsfilecorp","2","True","0.3152795","200","96297","delivered",,"False","False"
"before","public31","2","stockwatch","1","True","0.5541572","200","30822","delivered",,"False","False"
"before","public31","2","stockwatch","2","True","0.1702831","200","30822","delivered",,"False","False"
"after","public31","2","linkedin-jobs","1","True","0.8794242","200","100253","delivered",,"False","False"
"after","public31","2","linkedin-jobs","2","True","0.5674528","200","100251","delivered",,"False","False"
"after","public31","2","tls-peet","1","True","0.4054735","200","10440","delivered",,"False","False"
"after","public31","2","tls-peet","2","True","0.273006","200","11030","delivered",,"False","False"
"after","public31","2","github-explore","1","True","1.7174498","200","26593","delivered",,"False","False"
"after","public31","2","github-explore","2","True","0.0784001","200","26593","delivered",,"False","False"
"after","public31","2","browserscan-bot","1","True","0.1799434","200","91133","delivered",,"False","False"
"after","public31","2","browserscan-bot","2","True","0.0512221","200","91133","delivered",,"False","False"
"after","public31","2","booking-search","1","True","20.3201882","200","61345","delivered",,"False","False"
"after","public31","2","booking-search","2","True","3.8792168","200","57552","delivered",,"False","False"
"after","public31","2","canadianinsider","1","False","29.7312301","200",,"wall","cloudflare wall (just a moment)","False","False"
"after","public31","2","canadianinsider","2","False","62.5462686","200",,"wall","cloudflare wall (just a moment)","False","False"
"after","public31","2","ceo-ca","1","True","19.58441","200","1424","delivered",,"False","False"
"after","public31","2","ceo-ca","2","True","2.0779919","200","1424","delivered",,"False","False"
"after","public31","2","amazon-product","1","False","0.2604699","404",,"wall","http 404 (page does not exist at this URL)","False","False"
"after","public31","2","amazon-product","2","False","0.1422553","404",,"wall","http 404 (page does not exist at this URL)","False","False"
"after","public31","2","instagram-post","1","True","12.634363","200","95043","delivered",,"False","False"
"after","public31","2","instagram-post","2","True","2.2146318","200","95043","delivered",,"False","False"
"after","public31","2","sedarplus","1","True","0.6944597","200","41475","delivered",,"False","False"
"after","public31","2","sedarplus","2","True","0.8221752","200","41477","delivered",,"False","False"
"after","public31","2","x-explore","1","False","38.9120356","200",,"wall","bot wall (javascript is disabled)","False","False"
"after","public31","2","x-explore","2","False","62.9182808","200",,"wall","bot wall (javascript is disabled)","False","False"
"after","public31","2","pixelscan-fp","1","True","2.038725","200","95378","delivered",,"False","False"
"after","public31","2","pixelscan-fp","2","True","0.8317862","200","95378","delivered",,"False","False"
"after","public31","2","sannysoft","1","True","0.4372036","200","25232","delivered",,"False","False"
"after","public31","2","sannysoft","2","True","0.0775073","200","25232","delivered",,"False","False"
"after","public31","2","stackoverflow","1","True","13.268228","200","11888","delivered",,"False","False"
"after","public31","2","stackoverflow","2","True","2.3587735","200","11888","delivered",,"False","False"
"after","public31","2","creepjs","1","True","0.5032224","200","8325","delivered",,"False","False"
"after","public31","2","creepjs","2","True","0.0141581","200","8325","delivered",,"False","False"
"after","public31","2","browserleaks","1","True","0.2882754","200","24345","delivered",,"False","False"
"after","public31","2","browserleaks","2","True","0.0661554","200","24345","delivered",,"False","False"
"after","public31","2","browserleaks-tls","1","True","0.4371062","200","1227","delivered",,"False","False"
"after","public31","2","browserleaks-tls","2","True","0.201887","200","1227","delivered",,"False","False"
"after","public31","2","glassdoor","1","True","13.1380142","200","7826","delivered",,"False","False"
"after","public31","2","glassdoor","2","True","3.853052","200","7826","delivered",,"False","False"
"after","public31","2","pixelscan-bot","1","True","0.9389833","200","76943","delivered",,"False","False"
"after","public31","2","pixelscan-bot","2","True","0.8107691","200","76943","delivered",,"False","False"
"after","public31","2","reddit","1","True","6.1375037","200","83609","delivered",,"False","False"
"after","public31","2","reddit","2","True","2.9467879","206","83417","delivered",,"False","False"
"after","public31","2","crunchbase-cf","1","True","0.1720458","200","98719","delivered",,"False","False"
"after","public31","2","crunchbase-cf","2","True","0.032168","200","98719","delivered",,"False","False"
"after","public31","2","indeed-jobs","1","True","14.5734822","200","5632","delivered",,"False","False"
"after","public31","2","indeed-jobs","2","True","4.7145924","200","5504","delivered",,"False","False"
"after","public31","2","nowsecure-cf","1","True","5.8582914","200","13212","delivered",,"False","False"
"after","public31","2","nowsecure-cf","2","True","1.6914506999999999","200","13212","delivered",,"False","False"
"after","public31","2","rebrowser-detector","1","True","0.2141784","200","2938","delivered",,"False","False"
"after","public31","2","rebrowser-detector","2","True","0.0611002","200","2938","delivered",,"False","False"
"after","public31","2","tiktok-user","1","False","9.8142688","200",,"wall","bot wall (please wait...)","False","False"
"after","public31","2","tiktok-user","2","False","3.6232912","200",,"wall","bot wall (please wait...)","False","False"
"after","public31","2","medium","1","True","0.7694802","200","49898","delivered",,"False","False"
"after","public31","2","medium","2","True","0.0283371","200","49898","delivered",,"False","False"
"after","public31","2","google-search","1","True","13.5397971","200","25594","delivered",,"False","False"
"after","public31","2","google-search","2","True","3.1099327","200","24141","delivered",,"False","False"
"after","public31","2","devto","1","True","0.3987887","200","98234","delivered",,"False","False"
"after","public31","2","devto","2","True","0.0219584","200","98234","delivered",,"False","False"
"after","public31","2","bot-incolumitas","1","True","0.7164507","200","43050","delivered",,"False","False"
"after","public31","2","bot-incolumitas","2","True","0.1650696","200","43050","delivered",,"False","False"
"after","public31","2","newsfilecorp","1","True","0.8557829","200","95646","delivered",,"False","False"
"after","public31","2","newsfilecorp","2","True","0.3338932","200","95646","delivered",,"False","False"
"after","public31","2","stockwatch","1","True","0.5674668","200","30822","delivered",,"False","False"
"after","public31","2","stockwatch","2","True","0.1722248","200","30822","delivered",,"False","False"
"native","public31","2","linkedin-jobs","1","True","0.8688746","200","100209","delivered",,"False","False"
"native","public31","2","linkedin-jobs","2","True","0.6578664","200","99775","delivered",,"False","False"
"native","public31","2","tls-peet","1","True","0.45596","200","10505","delivered",,"False","False"
"native","public31","2","tls-peet","2","True","0.2370525","200","11030","delivered",,"False","False"
"native","public31","2","github-explore","1","True","0.6848762","200","26599","delivered",,"False","False"
"native","public31","2","github-explore","2","True","0.080675","200","26599","delivered",,"False","False"
"native","public31","2","browserscan-bot","1","True","0.1420142","200","91133","delivered",,"False","False"
"native","public31","2","browserscan-bot","2","True","0.0465203","200","91133","delivered",,"False","False"
"native","public31","2","booking-search","1","True","15.5543597","200","61024","delivered",,"False","False"
"native","public31","2","booking-search","2","True","4.7880516","200","57421","delivered",,"False","False"
"native","public31","2","canadianinsider","1","False","29.025789","200",,"wall","cloudflare wall (just a moment)","False","False"
"native","public31","2","canadianinsider","2","False","62.5912844","200",,"wall","cloudflare wall (just a moment)","False","False"
"native","public31","2","ceo-ca","1","True","12.712921099999999","200","1424","delivered",,"False","False"
"native","public31","2","ceo-ca","2","True","2.095991","200","1424","delivered",,"False","False"
"native","public31","2","amazon-product","1","False","11.1911952","200",,"wall","soft 404: 200 with a not-found page (title: page not found)","False","False"
"native","public31","2","amazon-product","2","False","13.286422","200",,"wall","soft 404: 200 with a not-found page (title: page not found)","False","False"
"native","public31","2","instagram-post","1","True","11.9862355","200","95043","delivered",,"False","False"
"native","public31","2","instagram-post","2","True","1.6959933","200","95043","delivered",,"False","False"
"native","public31","2","sedarplus","1","True","0.6543527","200","41475","delivered",,"False","False"
"native","public31","2","sedarplus","2","True","0.4930644","200","41475","delivered",,"False","False"
"native","public31","2","x-explore","1","False","37.6056222","200",,"wall","bot wall (javascript is disabled)","False","False"
"native","public31","2","x-explore","2","False","62.8565648","200",,"wall","bot wall (javascript is disabled)","False","False"
"native","public31","2","pixelscan-fp","1","True","2.1327599","200","95378","delivered",,"False","False"
"native","public31","2","pixelscan-fp","2","True","0.8154429","200","95378","delivered",,"False","False"
"native","public31","2","sannysoft","1","True","0.461239","200","25232","delivered",,"False","False"
"native","public31","2","sannysoft","2","True","0.0880625","200","25232","delivered",,"False","False"
"native","public31","2","stackoverflow","1","True","13.471238","200","11888","delivered",,"False","False"
"native","public31","2","stackoverflow","2","True","2.2809552","200","11888","delivered",,"False","False"
"native","public31","2","creepjs","1","True","0.063935","200","8325","delivered",,"False","False"
"native","public31","2","creepjs","2","True","0.0556439","200","8325","delivered",,"False","False"
"native","public31","2","browserleaks","1","True","0.26984","200","24345","delivered",,"False","False"
"native","public31","2","browserleaks","2","True","0.0671119","200","24345","delivered",,"False","False"
"native","public31","2","browserleaks-tls","1","True","0.4158109","200","1227","delivered",,"False","False"
"native","public31","2","browserleaks-tls","2","True","0.2048631","200","1227","delivered",,"False","False"
"native","public31","2","glassdoor","1","True","13.4414324","200","7826","delivered",,"False","False"
"native","public31","2","glassdoor","2","True","3.9310666","200","7826","delivered",,"False","False"
"native","public31","2","pixelscan-bot","1","True","1.3439559","200","76943","delivered",,"False","False"
"native","public31","2","pixelscan-bot","2","True","0.8145826","200","76943","delivered",,"False","False"
"native","public31","2","reddit","1","True","8.4086106","200","83607","delivered",,"False","False"
"native","public31","2","reddit","2","True","5.7705817","200","83415","delivered",,"False","False"
"native","public31","2","crunchbase-cf","1","True","0.094775","200","98719","delivered",,"False","False"
"native","public31","2","crunchbase-cf","2","True","0.0417996","200","98719","delivered",,"False","False"
"native","public31","2","indeed-jobs","1","True","15.2184106","200","5628","delivered",,"False","False"
"native","public31","2","indeed-jobs","2","True","4.9656843","200","5500","delivered",,"False","False"
"native","public31","2","nowsecure-cf","1","True","5.671236","200","13212","delivered",,"False","False"
"native","public31","2","nowsecure-cf","2","True","1.6988054","200","13212","delivered",,"False","False"
"native","public31","2","rebrowser-detector","1","True","0.2512432","200","2938","delivered",,"False","False"
"native","public31","2","rebrowser-detector","2","True","0.0721911","200","2938","delivered",,"False","False"
"native","public31","2","tiktok-user","1","False","9.478166","200",,"wall","bot wall (please wait...)","False","False"
"native","public31","2","tiktok-user","2","False","3.6488253999999998","200",,"wall","bot wall (please wait...)","False","False"
"native","public31","2","medium","1","True","0.4580004","200","49902","delivered",,"False","False"
"native","public31","2","medium","2","True","0.031107","200","49902","delivered",,"False","False"
"native","public31","2","google-search","1","True","14.3493475","200","25594","delivered",,"False","False"
"native","public31","2","google-search","2","True","3.1973003","200","24141","delivered",,"False","False"
"native","public31","2","devto","1","True","0.1751885","200","98241","delivered",,"False","False"
"native","public31","2","devto","2","True","0.0235894","200","98241","delivered",,"False","False"
"native","public31","2","bot-incolumitas","1","True","0.6497192","200","43050","delivered",,"False","False"
"native","public31","2","bot-incolumitas","2","True","0.1620981","200","43050","delivered",,"False","False"
"native","public31","2","newsfilecorp","1","True","0.8692291","200","95646","delivered",,"False","False"
"native","public31","2","newsfilecorp","2","True","0.2378342","200","95646","delivered",,"False","False"
"native","public31","2","stockwatch","1","True","0.4872938","200","30822","delivered",,"False","False"
"native","public31","2","stockwatch","2","True","0.172377","200","30822","delivered",,"False","False"
"before","hard12","2","hackernews","1","True","0.3637322","200","14951","delivered",,"False","False"
"before","hard12","2","hackernews","2","True","0.0840147","200","14951","delivered",,"False","False"
"before","hard12","2","wikipedia","1","True","0.2906147","200","68638","delivered",,"False","False"
"before","hard12","2","wikipedia","2","True","0.0959552","200","68638","delivered",,"False","False"
"before","hard12","2","example","1","True","0.2055337","200","167","delivered",,"False","False"
"before","hard12","2","example","2","True","0.0489707","200","167","delivered",,"False","False"
"before","hard12","2","indeed","1","True","6.4608533","200","10138","delivered",,"False","False"
"before","hard12","2","indeed","2","True","3.5126963","200","11158","delivered",,"False","False"
"before","hard12","2","g2","1","False","25.9159849","200",,"wall","browser-fingerprinting wall (captcha-delivery.com, cookie datadome)","False","False"
"before","hard12","2","g2","2","False","0.0001272","0",,"error","cooldown","False","False"
"before","hard12","2","newegg","1","True","0.6650813","200","23972","delivered",,"False","False"
"before","hard12","2","newegg","2","True","0.3893799","200","23972","delivered",,"False","False"
"before","hard12","2","crunchbase","1","False","27.7910812","200",,"wall","cloudflare wall (just a moment)","False","False"
"before","hard12","2","crunchbase","2","False","62.6473835","200",,"wall","cloudflare wall (just a moment)","False","False"
"before","hard12","2","amazon","1","True","4.2931247","200","51264","delivered",,"False","False"
"before","hard12","2","amazon","2","True","2.2551001","200","51105","delivered",,"False","False"
"before","hard12","2","idealista","1","False","25.7360879","200",,"wall","browser-fingerprinting wall (captcha-delivery.com, cookie datadome)","False","False"
"before","hard12","2","idealista","2","False","0.000158","0",,"error","cooldown","False","False"
"before","hard12","2","zillow","1","True","9.997975","200","666","delivered",,"False","False"
"before","hard12","2","zillow","2","False","60.347899","200",,"wall","human-verification challenge (press & hold)","False","False"
"before","hard12","2","nowsecure","1","True","5.3458353","200","60","delivered",,"False","False"
"before","hard12","2","nowsecure","2","True","1.5326677","200","60","delivered",,"False","False"
"before","hard12","2","stackoverflow","1","True","7.3320977","200","6572","delivered",,"False","False"
"before","hard12","2","stackoverflow","2","True","2.0527334","200","6572","delivered",,"False","False"
"after","hard12","2","hackernews","1","True","0.3743114","200","14949","delivered",,"False","False"
"after","hard12","2","hackernews","2","True","0.0822315","200","14949","delivered",,"False","False"
"after","hard12","2","wikipedia","1","True","0.3042876","200","68638","delivered",,"False","False"
"after","hard12","2","wikipedia","2","True","0.1008614","200","68638","delivered",,"False","False"
"after","hard12","2","example","1","True","0.1903271","200","167","delivered",,"False","False"
"after","hard12","2","example","2","True","0.0692404","200","167","delivered",,"False","False"
"after","hard12","2","indeed","1","True","13.4698874","200","9926","delivered",,"False","False"
"after","hard12","2","indeed","2","True","4.1902499","200","9947","delivered",,"False","False"
"after","hard12","2","g2","1","False","31.378072","200",,"wall","browser-fingerprinting wall (captcha-delivery.com, cookie datadome)","False","False"
"after","hard12","2","g2","2","False","0.000132","0",,"error","cooldown","False","False"
"after","hard12","2","newegg","1","True","0.5344922","200","23972","delivered",,"False","False"
"after","hard12","2","newegg","2","True","0.4124015","200","23972","delivered",,"False","False"
"after","hard12","2","crunchbase","1","False","33.5199634","200",,"wall","cloudflare wall (just a moment)","False","False"
"after","hard12","2","crunchbase","2","False","62.7166231","200",,"wall","cloudflare wall (just a moment)","False","False"
"after","hard12","2","amazon","1","True","4.3578877","200","51264","delivered",,"False","False"
"after","hard12","2","amazon","2","True","2.4291338","200","49991","delivered",,"False","False"
"after","hard12","2","idealista","1","False","31.4237331","200",,"wall","browser-fingerprinting wall (captcha-delivery.com, cookie datadome)","False","False"
"after","hard12","2","idealista","2","False","0.0001664","0",,"error","cooldown","False","False"
"after","hard12","2","zillow","1","False","70.4350848","200",,"wall","human-verification challenge (press & hold)","False","False"
"after","hard12","2","zillow","2","False","90.0019267","0",,"error","timeout","False","False"
"after","hard12","2","nowsecure","1","True","5.7594035","200","60","delivered",,"False","False"
"after","hard12","2","nowsecure","2","True","1.5518999","200","60","delivered",,"False","False"
"after","hard12","2","stackoverflow","1","True","11.8576754","200","6572","delivered",,"False","False"
"after","hard12","2","stackoverflow","2","True","1.9300039","204","6572","delivered",,"False","False"
"native","hard12","2","hackernews","1","True","0.3621993","200","14948","delivered",,"False","False"
"native","hard12","2","hackernews","2","True","0.0826141","200","14948","delivered",,"False","False"
"native","hard12","2","wikipedia","1","True","0.294481","200","68638","delivered",,"False","False"
"native","hard12","2","wikipedia","2","True","0.1002705","200","68638","delivered",,"False","False"
"native","hard12","2","example","1","True","0.1791421","200","167","delivered",,"False","False"
"native","hard12","2","example","2","True","0.0631006","200","167","delivered",,"False","False"
"native","hard12","2","indeed","1","True","13.564153600000001","200","10946","delivered",,"False","False"
"native","hard12","2","indeed","2","True","4.1589038","200","10967","delivered",,"False","False"
"native","hard12","2","g2","1","True","12.998304300000001","200","17212","delivered",,"False","False"
"native","hard12","2","g2","2","True","4.9481225","200","17212","delivered",,"False","False"
"native","hard12","2","newegg","1","True","0.6510723","200","23972","delivered",,"False","False"
"native","hard12","2","newegg","2","True","0.4065037","200","23972","delivered",,"False","False"
"native","hard12","2","crunchbase","1","True","14.7559823","200","15810","delivered",,"False","False"
"native","hard12","2","crunchbase","2","True","2.036439","200","15810","delivered",,"False","False"
"native","hard12","2","amazon","1","True","4.2317616000000005","200","39276","delivered",,"False","False"
"native","hard12","2","amazon","2","True","2.4678607","200","39298","delivered",,"False","False"
"native","hard12","2","idealista","1","True","16.4667072","200","21962","delivered",,"False","False"
"native","hard12","2","idealista","2","True","3.6911262000000002","200","22038","delivered",,"False","False"
"native","hard12","2","zillow","1","False","67.2628217","200",,"wall","human-verification challenge (press & hold)","False","False"
"native","hard12","2","zillow","2","False","90.0166517","0",,"error","timeout","False","False"
"native","hard12","2","nowsecure","1","True","5.6196205","200","60","delivered",,"False","False"
"native","hard12","2","nowsecure","2","True","1.5296659","200","60","delivered",,"False","False"
"native","hard12","2","stackoverflow","1","True","11.2515023","200","6572","delivered",,"False","False"
"native","hard12","2","stackoverflow","2","True","1.7906108","200","6572","delivered",,"False","False"
"before","vendors8","2","datadome-idealista","1","False","25.6778038","200",,"wall","browser-fingerprinting wall (captcha-delivery.com, cookie datadome)","False","False"
"before","vendors8","2","datadome-idealista","2","False","0.0001555","0",,"error","cooldown","False","False"
"before","vendors8","2","kasada-twitch","1","True","3.9920299999999997","204","11875","delivered",,"False","False"
"before","vendors8","2","kasada-twitch","2","True","1.7634866","200","11877","delivered",,"False","False"
"before","vendors8","2","cloudflare-crunchbase","1","False","27.9698155","200",,"wall","cloudflare wall (just a moment)","False","False"
"before","vendors8","2","cloudflare-crunchbase","2","False","62.671033","200",,"wall","cloudflare wall (just a moment)","False","False"
"before","vendors8","2","datadome-g2","1","False","25.433584","200",,"wall","browser-fingerprinting wall (captcha-delivery.com, cookie datadome)","False","False"
"before","vendors8","2","datadome-g2","2","False","0.0001162","0",,"error","cooldown","False","False"
"before","vendors8","2","akamai-newegg","1","True","0.4294363","200","8484","delivered",,"False","False"
"before","vendors8","2","akamai-newegg","2","True","0.1510105","200","8484","delivered",,"False","False"
"before","vendors8","2","kasada-hyatt","1","False","29.0708794","200",,"wall","browser-fingerprinting wall (kpsdk.io, header x-kpsdk-ct)","False","False"
"before","vendors8","2","kasada-hyatt","2","False","0.0001761","0",,"error","cooldown","False","False"
"before","vendors8","2","cloudflare-indeed","1","True","5.9043999","204","8272","delivered",,"False","False"
"before","vendors8","2","cloudflare-indeed","2","True","3.8711468","200","8272","delivered",,"False","False"
"before","vendors8","2","akamai-homedepot","1","False","25.4840873","200",,"wall","the site's own error page instead of the content (something went wrong)","False","False"
"before","vendors8","2","akamai-homedepot","2","False","40.4863488","200",,"wall","the site's own error page instead of the content (something went wrong)","False","False"
"after","vendors8","2","datadome-idealista","1","False","31.3445803","200",,"wall","browser-fingerprinting wall (captcha-delivery.com, cookie datadome)","False","False"
"after","vendors8","2","datadome-idealista","2","False","0.0001677","0",,"error","cooldown","False","False"
"after","vendors8","2","kasada-twitch","1","True","3.4463539","200","11849","delivered",,"False","False"
"after","vendors8","2","kasada-twitch","2","True","1.7477297","200","11849","delivered",,"False","False"
"after","vendors8","2","cloudflare-crunchbase","1","False","34.5860357","200",,"wall","cloudflare wall (just a moment)","False","False"
"after","vendors8","2","cloudflare-crunchbase","2","False","82.6747824","200",,"wall","cloudflare wall (just a moment)","False","False"
"after","vendors8","2","datadome-g2","1","False","31.0456156","200",,"wall","browser-fingerprinting wall (captcha-delivery.com, cookie datadome)","False","False"
"after","vendors8","2","datadome-g2","2","False","0.0001501","0",,"error","cooldown","False","False"
"after","vendors8","2","akamai-newegg","1","True","0.6166349","200","8484","delivered",,"False","False"
"after","vendors8","2","akamai-newegg","2","True","0.1557041","200","8484","delivered",,"False","False"
"after","vendors8","2","kasada-hyatt","1","False","59.5645064","200",,"wall","browser-fingerprinting wall (kpsdk.io, header x-kpsdk-ct)","False","True"
"after","vendors8","2","kasada-hyatt","2","False","0.000167","0",,"error","cooldown","False","False"
"after","vendors8","2","cloudflare-indeed","1","True","12.4860314","200","8473","delivered",,"False","False"
"after","vendors8","2","cloudflare-indeed","2","True","3.8710623","200","8546","delivered",,"False","False"
"after","vendors8","2","akamai-homedepot","1","False","36.6028821","200",,"wall","the site's own error page instead of the content (something went wrong)","False","False"
"after","vendors8","2","akamai-homedepot","2","False","42.2642014","200",,"wall","the site's own error page instead of the content (something went wrong)","False","False"
"native","vendors8","2","datadome-idealista","1","True","16.1837483","200","21942","delivered",,"False","False"
"native","vendors8","2","datadome-idealista","2","True","3.9255463","200","22328","delivered",,"False","False"
"native","vendors8","2","kasada-twitch","1","True","3.9444834","200","12268","delivered",,"False","False"
"native","vendors8","2","kasada-twitch","2","True","1.6171023","200","12268","delivered",,"False","False"
"native","vendors8","2","cloudflare-crunchbase","1","True","16.1795992","200","14641","delivered",,"False","False"
"native","vendors8","2","cloudflare-crunchbase","2","True","2.0812797","200","14641","delivered",,"False","False"
"native","vendors8","2","datadome-g2","1","True","12.8539192","200","17212","delivered",,"False","False"
"native","vendors8","2","datadome-g2","2","True","4.0885115","200","17212","delivered",,"False","False"
"native","vendors8","2","akamai-newegg","1","True","3.909091","200","8521","delivered",,"False","False"
"native","vendors8","2","akamai-newegg","2","True","0.1538168","200","8521","delivered",,"False","False"
"native","vendors8","2","kasada-hyatt","1","False","58.7011024","200",,"wall","browser-fingerprinting wall (kpsdk.io, header x-kpsdk-ct)","False","True"
"native","vendors8","2","kasada-hyatt","2","False","0.0001665","0",,"error","cooldown","False","False"
"native","vendors8","2","cloudflare-indeed","1","True","12.9576086","200","8266","delivered",,"False","False"
"native","vendors8","2","cloudflare-indeed","2","True","2.9777041","200","8266","delivered",,"False","False"
"native","vendors8","2","akamai-homedepot","1","True","15.5692104","200","242","delivered",,"False","False"
"native","vendors8","2","akamai-homedepot","2","True","3.3498908","200","242","delivered",,"False","False"
"before","public31","3","instagram-post","1","True","2.9416941","200","95043","delivered",,"False","False"
"before","public31","3","instagram-post","2","True","1.5479611","200","95043","delivered",,"False","False"
"before","public31","3","glassdoor","1","False","7.8616085","200",,"wall","cloudflare wall (just a moment)","False","False"
"before","public31","3","glassdoor","2","True","11.1879586","200","7826","delivered",,"False","False"
"before","public31","3","amazon-product","1","False","4.3811936","200",,"wall","soft 404: 200 with a not-found page (title: page not found)","False","False"
"before","public31","3","amazon-product","2","False","0.1489206","404",,"wall","http 404 (page does not exist at this URL)","False","False"
"before","public31","3","crunchbase-cf","1","True","0.1583362","200","98719","delivered",,"False","False"
"before","public31","3","crunchbase-cf","2","True","0.0264944","200","98719","delivered",,"False","False"
"before","public31","3","pixelscan-fp","1","True","2.2407427","200","95378","delivered",,"False","False"
"before","public31","3","pixelscan-fp","2","True","0.8706368","200","95378","delivered",,"False","False"
"before","public31","3","github-explore","1","True","1.8387118","200","26597","delivered",,"False","False"
"before","public31","3","github-explore","2","True","0.0736574","200","26597","delivered",,"False","False"
"before","public31","3","browserleaks-tls","1","True","0.412498","200","1227","delivered",,"False","False"
"before","public31","3","browserleaks-tls","2","True","0.2020679","200","1227","delivered",,"False","False"
"before","public31","3","canadianinsider","1","False","28.0270085","200",,"wall","cloudflare wall (just a moment)","False","False"
"before","public31","3","canadianinsider","2","False","62.2658908","200",,"wall","cloudflare wall (just a moment)","False","False"
"before","public31","3","pixelscan-bot","1","True","1.057888","200","76943","delivered",,"False","False"
"before","public31","3","pixelscan-bot","2","True","0.8002515","200","76943","delivered",,"False","False"
"before","public31","3","reddit","1","True","9.1686057","200","83559","delivered",,"False","False"
"before","public31","3","reddit","2","True","6.2750315","200","83367","delivered",,"False","False"
"before","public31","3","browserscan-bot","1","True","0.1537615","200","91133","delivered",,"False","False"
"before","public31","3","browserscan-bot","2","True","0.0718234","200","91133","delivered",,"False","False"
"before","public31","3","stockwatch","1","True","0.4920307","200","29146","delivered",,"False","False"
"before","public31","3","stockwatch","2","True","0.1684802","200","29146","delivered",,"False","False"
"before","public31","3","creepjs","1","True","0.0409493","200","8325","delivered",,"False","False"
"before","public31","3","creepjs","2","True","0.0571297","200","8325","delivered",,"False","False"
"before","public31","3","devto","1","True","0.1953286","200","98189","delivered",,"False","False"
"before","public31","3","devto","2","True","0.0372678","200","98189","delivered",,"False","False"
"before","public31","3","newsfilecorp","1","True","0.869511","200","96733","delivered",,"False","False"
"before","public31","3","newsfilecorp","2","True","0.314167","200","96733","delivered",,"False","False"
"before","public31","3","linkedin-jobs","1","True","0.7541381","200","100137","delivered",,"False","False"
"before","public31","3","linkedin-jobs","2","True","0.5438888","200","100137","delivered",,"False","False"
"before","public31","3","stackoverflow","1","True","7.3310982","200","11889","delivered",,"False","False"
"before","public31","3","stackoverflow","2","True","2.0479459","200","11888","delivered",,"False","False"
"before","public31","3","tiktok-user","1","False","31.504328","200",,"wall","the site's own error page instead of the content (something went wrong)","False","False"
"before","public31","3","tiktok-user","2","False","61.3238448","200",,"wall","the site's own error page instead of the content (something went wrong)","False","False"
"before","public31","3","tls-peet","1","True","0.4630354","200","10631","delivered",,"False","False"
"before","public31","3","tls-peet","2","True","0.2502578","200","10839","delivered",,"False","False"
"before","public31","3","sannysoft","1","True","0.3877295","200","25232","delivered",,"False","False"
"before","public31","3","sannysoft","2","True","0.083238","200","25232","delivered",,"False","False"
"before","public31","3","google-search","1","True","6.4903082","200","25962","delivered",,"False","False"
"before","public31","3","google-search","2","True","2.349156","200","24509","delivered",,"False","False"
"before","public31","3","sedarplus","1","True","0.5947641","200","41475","delivered",,"False","False"
"before","public31","3","sedarplus","2","True","0.4717177","200","41475","delivered",,"False","False"
"before","public31","3","booking-search","1","True","11.0438616","200","57324","delivered",,"False","False"
"before","public31","3","booking-search","2","True","4.2382145","200","57546","delivered",,"False","False"
"before","public31","3","indeed-jobs","1","True","6.3392377","200","5630","delivered",,"False","False"
"before","public31","3","indeed-jobs","2","True","4.2365355000000005","200","5502","delivered",,"False","False"
"before","public31","3","ceo-ca","1","True","6.4343342","200","1424","delivered",,"False","False"
"before","public31","3","ceo-ca","2","True","1.9067146","200","1424","delivered",,"False","False"
"before","public31","3","medium","1","True","0.7659256","200","49898","delivered",,"False","False"
"before","public31","3","medium","2","True","0.0459941","200","49898","delivered",,"False","False"
"before","public31","3","nowsecure-cf","1","True","5.5201495000000005","200","13212","delivered",,"False","False"
"before","public31","3","nowsecure-cf","2","True","1.6402244000000001","200","13212","delivered",,"False","False"
"before","public31","3","bot-incolumitas","1","True","0.7031707","200","43050","delivered",,"False","False"
"before","public31","3","bot-incolumitas","2","True","0.1643807","200","43050","delivered",,"False","False"
"before","public31","3","x-explore","1","False","30.8571254","200",,"wall","bot wall (javascript is disabled)","False","False"
"before","public31","3","x-explore","2","False","61.7952271","200",,"wall","bot wall (javascript is disabled)","False","False"
"before","public31","3","rebrowser-detector","1","True","0.2414855","200","2938","delivered",,"False","False"
"before","public31","3","rebrowser-detector","2","True","0.0566507","200","2938","delivered",,"False","False"
"before","public31","3","browserleaks","1","True","0.2643281","200","24345","delivered",,"False","False"
"before","public31","3","browserleaks","2","True","0.0678696","200","24345","delivered",,"False","False"
"after","public31","3","instagram-post","1","True","3.0225956","200","95043","delivered",,"False","False"
"after","public31","3","instagram-post","2","True","1.5650294","200","95043","delivered",,"False","False"
"after","public31","3","glassdoor","1","True","11.2995209","200","7826","delivered",,"False","False"
"after","public31","3","glassdoor","2","True","3.1812754","200","7826","delivered",,"False","False"
"after","public31","3","amazon-product","1","False","10.0305566","200",,"wall","soft 404: 200 with a not-found page (title: page not found)","False","False"
"after","public31","3","amazon-product","2","False","11.7631305","200",,"wall","soft 404: 200 with a not-found page (title: page not found)","False","False"
"after","public31","3","crunchbase-cf","1","True","0.1719147","200","98719","delivered",,"False","False"
"after","public31","3","crunchbase-cf","2","True","0.029082","200","98719","delivered",,"False","False"
"after","public31","3","pixelscan-fp","1","True","2.2452863","200","95378","delivered",,"False","False"
"after","public31","3","pixelscan-fp","2","True","0.8105997","200","95378","delivered",,"False","False"
"after","public31","3","github-explore","1","True","1.8880744","200","26592","delivered",,"False","False"
"after","public31","3","github-explore","2","True","0.0712877","200","26592","delivered",,"False","False"
"after","public31","3","browserleaks-tls","1","True","0.4001022","200","1227","delivered",,"False","False"
"after","public31","3","browserleaks-tls","2","True","0.2025561","200","1227","delivered",,"False","False"
"after","public31","3","canadianinsider","1","False","27.8711768","200",,"wall","cloudflare wall (just a moment)","False","False"
"after","public31","3","canadianinsider","2","False","62.2454936","200",,"wall","cloudflare wall (just a moment)","False","False"
"after","public31","3","pixelscan-bot","1","True","1.3133151","200","76943","delivered",,"False","False"
"after","public31","3","pixelscan-bot","2","True","0.8110774","200","76943","delivered",,"False","False"
"after","public31","3","reddit","1","True","5.7480912","200","83608","delivered",,"False","False"
"after","public31","3","reddit","2","True","1.8985752","200","83416","delivered",,"False","False"
"after","public31","3","browserscan-bot","1","True","0.1834818","200","91133","delivered",,"False","False"
"after","public31","3","browserscan-bot","2","True","0.0728899","200","91133","delivered",,"False","False"
"after","public31","3","stockwatch","1","True","0.3570583","200","29146","delivered",,"False","False"
"after","public31","3","stockwatch","2","True","0.0892408","200","29146","delivered",,"False","False"
"after","public31","3","creepjs","1","True","0.123547","200","8325","delivered",,"False","False"
"after","public31","3","creepjs","2","True","0.0133222","200","8325","delivered",,"False","False"
"after","public31","3","devto","1","True","0.1567764","200","98191","delivered",,"False","False"
"after","public31","3","devto","2","True","0.0213177","200","98191","delivered",,"False","False"
"after","public31","3","newsfilecorp","1","True","0.8521697","200","96733","delivered",,"False","False"
"after","public31","3","newsfilecorp","2","True","0.2286415","200","96733","delivered",,"False","False"
"after","public31","3","linkedin-jobs","1","True","0.9446325","200","100268","delivered",,"False","False"
"after","public31","3","linkedin-jobs","2","True","0.5790273","200","100232","delivered",,"False","False"
"after","public31","3","stackoverflow","1","True","11.4940127","200","11888","delivered",,"False","False"
"after","public31","3","stackoverflow","2","True","1.774132","200","11888","delivered",,"False","False"
"after","public31","3","tiktok-user","1","False","9.6208594","200",,"wall","bot wall (please wait...)","False","False"
"after","public31","3","tiktok-user","2","False","3.5480029","200",,"wall","bot wall (please wait...)","False","False"
"after","public31","3","tls-peet","1","True","0.466517","200","10440","delivered",,"False","False"
"after","public31","3","tls-peet","2","True","0.2584926","200","10903","delivered",,"False","False"
"after","public31","3","sannysoft","1","True","0.400589","200","25232","delivered",,"False","False"
"after","public31","3","sannysoft","2","True","0.0762836","200","25232","delivered",,"False","False"
"after","public31","3","google-search","1","True","12.3450567","200","25594","delivered",,"False","False"
"after","public31","3","google-search","2","True","2.4109855","200","24141","delivered",,"False","False"
"after","public31","3","sedarplus","1","True","0.6636805","200","41475","delivered",,"False","False"
"after","public31","3","sedarplus","2","True","0.4778509","200","41475","delivered",,"False","False"
"after","public31","3","booking-search","1","True","12.6936822","200","58229","delivered",,"False","False"
"after","public31","3","booking-search","2","True","4.0926899","200","60892","delivered",,"False","False"
"after","public31","3","indeed-jobs","1","True","13.4762538","200","5628","delivered",,"False","False"
"after","public31","3","indeed-jobs","2","True","4.4108018","200","5500","delivered",,"False","False"
"after","public31","3","ceo-ca","1","True","12.0999953","200","1424","delivered",,"False","False"
"after","public31","3","ceo-ca","2","True","1.972558","200","1424","delivered",,"False","False"
"after","public31","3","medium","1","True","0.4319506","200","49902","delivered",,"False","False"
"after","public31","3","medium","2","True","0.0278108","200","49902","delivered",,"False","False"
"after","public31","3","nowsecure-cf","1","True","5.4392978","200","13212","delivered",,"False","False"
"after","public31","3","nowsecure-cf","2","True","1.5555050000000001","200","13212","delivered",,"False","False"
"after","public31","3","bot-incolumitas","1","True","0.744689","200","43050","delivered",,"False","False"
"after","public31","3","bot-incolumitas","2","True","0.1618208","200","43050","delivered",,"False","False"
"after","public31","3","x-explore","1","False","35.690513","200",,"wall","bot wall (javascript is disabled)","False","False"
"after","public31","3","x-explore","2","False","62.7098737","200",,"wall","bot wall (javascript is disabled)","False","False"
"after","public31","3","rebrowser-detector","1","True","0.214312","200","2938","delivered",,"False","False"
"after","public31","3","rebrowser-detector","2","True","0.062292","200","2938","delivered",,"False","False"
"after","public31","3","browserleaks","1","True","0.2671628","200","24345","delivered",,"False","False"
"after","public31","3","browserleaks","2","True","0.0664326","200","24345","delivered",,"False","False"
"native","public31","3","instagram-post","1","True","3.6794168000000003","200","95043","delivered",,"False","False"
"native","public31","3","instagram-post","2","True","1.5391966","200","95043","delivered",,"False","False"
"native","public31","3","glassdoor","1","True","12.9485981","200","7826","delivered",,"False","False"
"native","public31","3","glassdoor","2","True","3.1458761","304","7826","delivered",,"False","False"
"native","public31","3","amazon-product","1","False","10.1151776","200",,"wall","soft 404: 200 with a not-found page (title: page not found)","False","False"
"native","public31","3","amazon-product","2","False","11.9539254","200",,"wall","soft 404: 200 with a not-found page (title: page not found)","False","False"
"native","public31","3","crunchbase-cf","1","True","0.1753264","200","98719","delivered",,"False","False"
"native","public31","3","crunchbase-cf","2","True","0.0318267","200","98719","delivered",,"False","False"
"native","public31","3","pixelscan-fp","1","True","1.8508116000000001","200","95378","delivered",,"False","False"
"native","public31","3","pixelscan-fp","2","True","0.8416296","200","95378","delivered",,"False","False"
"native","public31","3","github-explore","1","True","1.8175708","200","26603","delivered",,"False","False"
"native","public31","3","github-explore","2","True","0.0743869","200","26603","delivered",,"False","False"
"native","public31","3","browserleaks-tls","1","True","0.4098348","200","1227","delivered",,"False","False"
"native","public31","3","browserleaks-tls","2","True","0.2032383","200","1227","delivered",,"False","False"
"native","public31","3","canadianinsider","1","False","28.7789004","200",,"wall","cloudflare wall (just a moment)","False","False"
"native","public31","3","canadianinsider","2","False","62.6477971","200",,"wall","cloudflare wall (just a moment)","False","False"
"native","public31","3","pixelscan-bot","1","True","1.3145536","200","76943","delivered",,"False","False"
"native","public31","3","pixelscan-bot","2","True","0.8404977","200","76943","delivered",,"False","False"
"native","public31","3","reddit","1","True","5.8960872","200","83609","delivered",,"False","False"
"native","public31","3","reddit","2","True","2.4450479","206","83417","delivered",,"False","False"
"native","public31","3","browserscan-bot","1","True","0.1383487","200","91133","delivered",,"False","False"
"native","public31","3","browserscan-bot","2","True","0.3286014","200","91133","delivered",,"False","False"
"native","public31","3","stockwatch","1","True","0.4524898","200","29146","delivered",,"False","False"
"native","public31","3","stockwatch","2","True","0.173273","200","29146","delivered",,"False","False"
"native","public31","3","creepjs","1","True","0.142404","200","8325","delivered",,"False","False"
"native","public31","3","creepjs","2","True","0.0144439","200","8325","delivered",,"False","False"
"native","public31","3","devto","1","True","0.3532883","200","98245","delivered",,"False","False"
"native","public31","3","devto","2","True","0.0219632","200","98245","delivered",,"False","False"
"native","public31","3","newsfilecorp","1","True","0.8547915","200","96733","delivered",,"False","False"
"native","public31","3","newsfilecorp","2","True","0.3093275","200","96733","delivered",,"False","False"
"native","public31","3","linkedin-jobs","1","True","0.6714952","200","100278","delivered",,"False","False"
"native","public31","3","linkedin-jobs","2","True","0.4843039","200","100266","delivered",,"False","False"
"native","public31","3","stackoverflow","1","True","11.8364939","200","11888","delivered",,"False","False"
"native","public31","3","stackoverflow","2","True","1.8808919","204","11888","delivered",,"False","False"
"native","public31","3","tiktok-user","1","False","9.0572668","200",,"wall","bot wall (please wait...)","False","False"
"native","public31","3","tiktok-user","2","False","3.5225147999999997","200",,"wall","bot wall (please wait...)","False","False"
"native","public31","3","tls-peet","1","True","0.4930717","200","10631","delivered",,"False","False"
"native","public31","3","tls-peet","2","True","0.2601956","200","10903","delivered",,"False","False"
"native","public31","3","sannysoft","1","True","0.7258043","200","25232","delivered",,"False","False"
"native","public31","3","sannysoft","2","True","0.0881664","200","25232","delivered",,"False","False"
"native","public31","3","google-search","1","True","12.0989595","200","25594","delivered",,"False","False"
"native","public31","3","google-search","2","True","2.2857613","200","24859","delivered",,"False","False"
"native","public31","3","sedarplus","1","True","0.7053626","200","41475","delivered",,"False","False"
"native","public31","3","sedarplus","2","True","0.4795732","200","41475","delivered",,"False","False"
"native","public31","3","booking-search","1","True","12.6654479","200","61286","delivered",,"False","False"
"native","public31","3","booking-search","2","True","3.9793594","200","60632","delivered",,"False","False"
"native","public31","3","indeed-jobs","1","True","11.9562772","200","5619","delivered",,"False","False"
"native","public31","3","indeed-jobs","2","True","5.7556442","200","5491","delivered",,"False","False"
"native","public31","3","ceo-ca","1","True","11.5027812","200","1424","delivered",,"False","False"
"native","public31","3","ceo-ca","2","True","1.8827223","200","1424","delivered",,"False","False"
"native","public31","3","medium","1","True","0.6625537","200","49898","delivered",,"False","False"
"native","public31","3","medium","2","True","0.0302174","200","49898","delivered",,"False","False"
"native","public31","3","nowsecure-cf","1","True","5.586792","200","13212","delivered",,"False","False"
"native","public31","3","nowsecure-cf","2","True","1.5114865","200","13212","delivered",,"False","False"
"native","public31","3","bot-incolumitas","1","True","0.8043275","200","43050","delivered",,"False","False"
"native","public31","3","bot-incolumitas","2","True","0.1639288","200","43050","delivered",,"False","False"
"native","public31","3","x-explore","1","False","35.0779769","200",,"wall","bot wall (javascript is disabled)","False","False"
"native","public31","3","x-explore","2","False","62.9326994","200",,"wall","bot wall (javascript is disabled)","False","False"
"native","public31","3","rebrowser-detector","1","True","0.2494059","200","2938","delivered",,"False","False"
"native","public31","3","rebrowser-detector","2","True","0.0620118","200","2938","delivered",,"False","False"
"native","public31","3","browserleaks","1","True","0.2667678","200","24345","delivered",,"False","False"
"native","public31","3","browserleaks","2","True","0.0682961","200","24345","delivered",,"False","False"
"before","hard12","3","indeed","1","True","5.9695531","200","10032","delivered",,"False","False"
"before","hard12","3","indeed","2","True","4.293848","200","10053","delivered",,"False","False"
"before","hard12","3","zillow","1","True","5.0794029","200","666","delivered",,"False","False"
"before","hard12","3","zillow","2","False","60.4776272","200",,"wall","human-verification challenge (press & hold)","False","False"
"before","hard12","3","stackoverflow","1","True","7.5786073","200","6573","delivered",,"False","False"
"before","hard12","3","stackoverflow","2","True","2.0257712","204","6573","delivered",,"False","False"
"before","hard12","3","nowsecure","1","True","2.8914854","200","60","delivered",,"False","False"
"before","hard12","3","nowsecure","2","True","1.5014226000000002","200","60","delivered",,"False","False"
"before","hard12","3","crunchbase","1","False","27.9409778","200",,"wall","cloudflare wall (just a moment)","False","False"
"before","hard12","3","crunchbase","2","False","62.6539654","200",,"wall","cloudflare wall (just a moment)","False","False"
"before","hard12","3","newegg","1","True","0.7266467","200","23972","delivered",,"False","False"
"before","hard12","3","newegg","2","True","0.3770866","200","23972","delivered",,"False","False"
"before","hard12","3","g2","1","False","25.2819236","200",,"wall","browser-fingerprinting wall (captcha-delivery.com, cookie datadome)","False","False"
"before","hard12","3","g2","2","False","0.0001474","0",,"error","cooldown","False","False"
"before","hard12","3","hackernews","1","True","0.5235744","200","14924","delivered",,"False","False"
"before","hard12","3","hackernews","2","True","0.0826287","200","14924","delivered",,"False","False"
"before","hard12","3","wikipedia","1","True","0.2863204","200","68638","delivered",,"False","False"
"before","hard12","3","wikipedia","2","True","0.1116761","200","68638","delivered",,"False","False"
"before","hard12","3","example","1","True","0.1866219","200","167","delivered",,"False","False"
"before","hard12","3","example","2","True","0.0666646","200","167","delivered",,"False","False"
"before","hard12","3","amazon","1","True","5.8160098","200","53543","delivered",,"False","False"
"before","hard12","3","amazon","2","True","2.3090795","200","53047","delivered",,"False","False"
"before","hard12","3","idealista","1","False","25.7456466","200",,"wall","browser-fingerprinting wall (captcha-delivery.com, cookie datadome)","False","False"
"before","hard12","3","idealista","2","False","0.0001805","0",,"error","cooldown","False","False"
"after","hard12","3","indeed","1","True","12.8538686","200","9909","delivered",,"False","False"
"after","hard12","3","indeed","2","True","4.3082693","200","9930","delivered",,"False","False"
"after","hard12","3","zillow","1","False","67.8234364","200",,"wall","human-verification challenge (press & hold)","False","False"
"after","hard12","3","zillow","2","False","90.0068565","0",,"error","timeout","False","False"
"after","hard12","3","stackoverflow","1","True","11.5223009","200","6573","delivered",,"False","False"
"after","hard12","3","stackoverflow","2","True","1.8807792","200","6573","delivered",,"False","False"
"after","hard12","3","nowsecure","1","True","2.9565516","200","60","delivered",,"False","False"
"after","hard12","3","nowsecure","2","True","1.502018","200","60","delivered",,"False","False"
"after","hard12","3","crunchbase","1","False","33.466796","200",,"wall","cloudflare wall (just a moment)","False","False"
"after","hard12","3","crunchbase","2","False","62.7661277","200",,"wall","cloudflare wall (just a moment)","False","False"
"after","hard12","3","newegg","1","True","0.6719069","200","23972","delivered",,"False","False"
"after","hard12","3","newegg","2","True","0.3784494","200","23972","delivered",,"False","False"
"after","hard12","3","g2","1","False","31.1233202","200",,"wall","browser-fingerprinting wall (captcha-delivery.com, cookie datadome)","False","False"
"after","hard12","3","g2","2","False","0.0001531","0",,"error","cooldown","False","False"
"after","hard12","3","hackernews","1","True","0.3694898","200","15048","delivered",,"False","False"
"after","hard12","3","hackernews","2","True","0.0826995","200","15048","delivered",,"False","False"
"after","hard12","3","wikipedia","1","True","0.2883153","200","68638","delivered",,"False","False"
"after","hard12","3","wikipedia","2","True","0.0958856","200","68638","delivered",,"False","False"
"after","hard12","3","example","1","True","0.1986853","200","167","delivered",,"False","False"
"after","hard12","3","example","2","True","0.0500454","200","167","delivered",,"False","False"
"after","hard12","3","amazon","1","True","11.721885499999999","200","69908","delivered",,"False","False"
"after","hard12","3","amazon","2","True","2.2700493","200","55406","delivered",,"False","False"
"after","hard12","3","idealista","1","False","31.1132873","200",,"wall","browser-fingerprinting wall (captcha-delivery.com, cookie datadome)","False","False"
"after","hard12","3","idealista","2","False","0.0001193","0",,"error","cooldown","False","False"
"native","hard12","3","indeed","1","True","12.6984526","200","9834","delivered",,"False","False"
"native","hard12","3","indeed","2","True","5.8687264","200","9855","delivered",,"False","False"
"native","hard12","3","zillow","1","False","68.0052077","200",,"wall","human-verification challenge (press & hold)","False","False"
"native","hard12","3","zillow","2","False","90.0048437","0",,"error","timeout","False","False"
"native","hard12","3","stackoverflow","1","True","11.5740984","200","6573","delivered",,"False","False"
"native","hard12","3","stackoverflow","2","True","1.8234430000000001","200","6573","delivered",,"False","False"
"native","hard12","3","nowsecure","1","True","3.706209","200","60","delivered",,"False","False"
"native","hard12","3","nowsecure","2","True","1.5076849","200","60","delivered",,"False","False"
"native","hard12","3","crunchbase","1","True","14.4535163","200","15810","delivered",,"False","False"
"native","hard12","3","crunchbase","2","True","1.9560453","200","15810","delivered",,"False","False"
"native","hard12","3","newegg","1","True","0.5508037","200","23972","delivered",,"False","False"
"native","hard12","3","newegg","2","True","0.3684622","200","23972","delivered",,"False","False"
"native","hard12","3","g2","1","True","12.8431356","200","17212","delivered",,"False","False"
"native","hard12","3","g2","2","True","3.6271519","200","17212","delivered",,"False","False"
"native","hard12","3","hackernews","1","True","0.3912524","200","14981","delivered",,"False","False"
"native","hard12","3","hackernews","2","True","0.0837389","200","14981","delivered",,"False","False"
"native","hard12","3","wikipedia","1","True","0.2869479","200","68638","delivered",,"False","False"
"native","hard12","3","wikipedia","2","True","0.0938644","200","68638","delivered",,"False","False"
"native","hard12","3","example","1","True","0.192732","200","167","delivered",,"False","False"
"native","hard12","3","example","2","True","0.0659492","200","167","delivered",,"False","False"
"native","hard12","3","amazon","1","True","11.1323252","200","53969","delivered",,"False","False"
"native","hard12","3","amazon","2","True","2.2658411","200","53963","delivered",,"False","False"
"native","hard12","3","idealista","1","True","16.4244832","200","21948","delivered",,"False","False"
"native","hard12","3","idealista","2","True","4.1541368","200","22334","delivered",,"False","False"
"before","vendors8","3","cloudflare-crunchbase","1","False","29.93552","200",,"wall","cloudflare wall (just a moment)","False","False"
"before","vendors8","3","cloudflare-crunchbase","2","False","82.6964725","200",,"wall","cloudflare wall (just a moment)","False","False"
"before","vendors8","3","akamai-homedepot","1","False","25.2285233","200",,"wall","the site's own error page instead of the content (something went wrong)","False","False"
"before","vendors8","3","akamai-homedepot","2","False","39.9650206","200",,"wall","the site's own error page instead of the content (something went wrong)","False","False"
"before","vendors8","3","cloudflare-indeed","1","True","6.0297593","200","8184","delivered",,"False","False"
"before","vendors8","3","cloudflare-indeed","2","True","3.7523576","200","8184","delivered",,"False","False"
"before","vendors8","3","kasada-twitch","1","True","5.5424902","200","11874","delivered",,"False","False"
"before","vendors8","3","kasada-twitch","2","True","5.7819003","200","11874","delivered",,"False","False"
"before","vendors8","3","kasada-hyatt","1","False","28.7227299","200",,"wall","browser-fingerprinting wall (kpsdk.io, header x-kpsdk-ct)","False","False"
"before","vendors8","3","kasada-hyatt","2","False","0.000165","0",,"error","cooldown","False","False"
"before","vendors8","3","datadome-g2","1","False","25.5420011","200",,"wall","browser-fingerprinting wall (captcha-delivery.com, cookie datadome)","False","False"
"before","vendors8","3","datadome-g2","2","False","0.0001383","0",,"error","cooldown","False","False"
"before","vendors8","3","akamai-newegg","1","True","0.3140628","200","8514","delivered",,"False","False"
"before","vendors8","3","akamai-newegg","2","True","0.1702615","200","8514","delivered",,"False","False"
"before","vendors8","3","datadome-idealista","1","False","25.9790662","200",,"wall","browser-fingerprinting wall (captcha-delivery.com, cookie datadome)","False","False"
"before","vendors8","3","datadome-idealista","2","False","0.0001978","0",,"error","cooldown","False","False"
"after","vendors8","3","cloudflare-crunchbase","1","False","33.6625526","200",,"wall","cloudflare wall (just a moment)","False","False"
"after","vendors8","3","cloudflare-crunchbase","2","False","62.6828523","200",,"wall","cloudflare wall (just a moment)","False","False"
"after","vendors8","3","akamai-homedepot","1","False","37.4100485","200",,"wall","the site's own error page instead of the content (something went wrong)","False","False"
"after","vendors8","3","akamai-homedepot","2","False","42.3219129","200",,"wall","the site's own error page instead of the content (something went wrong)","False","False"
"after","vendors8","3","cloudflare-indeed","1","True","12.7250042","200","7956","delivered",,"False","False"
"after","vendors8","3","cloudflare-indeed","2","True","3.674202","200","7956","delivered",,"False","False"
"after","vendors8","3","kasada-twitch","1","True","3.3536294","200","11841","delivered",,"False","False"
"after","vendors8","3","kasada-twitch","2","True","1.6846594000000001","200","11843","delivered",,"False","False"
"after","vendors8","3","kasada-hyatt","1","False","58.7964265","200",,"wall","browser-fingerprinting wall (kpsdk.io, header x-kpsdk-ct)","False","True"
"after","vendors8","3","kasada-hyatt","2","False","0.0002424","0",,"error","cooldown","False","False"
"after","vendors8","3","datadome-g2","1","False","31.0423387","200",,"wall","browser-fingerprinting wall (captcha-delivery.com, cookie datadome)","False","False"
"after","vendors8","3","datadome-g2","2","False","0.0001161","0",,"error","cooldown","False","False"
"after","vendors8","3","akamai-newegg","1","True","0.3054944","200","8514","delivered",,"False","False"
"after","vendors8","3","akamai-newegg","2","True","0.1481906","200","8514","delivered",,"False","False"
"after","vendors8","3","datadome-idealista","1","False","31.3324199","200",,"wall","browser-fingerprinting wall (captcha-delivery.com, cookie datadome)","False","False"
"after","vendors8","3","datadome-idealista","2","False","0.0001968","0",,"error","cooldown","False","False"
"native","vendors8","3","cloudflare-crunchbase","1","True","14.8641271","200","14641","delivered",,"False","False"
"native","vendors8","3","cloudflare-crunchbase","2","True","1.9843286999999998","200","14641","delivered",,"False","False"
"native","vendors8","3","akamai-homedepot","1","True","16.0147998","200","105","delivered",,"False","False"
"native","vendors8","3","akamai-homedepot","2","True","3.5568536","200","242","delivered",,"False","False"
"native","vendors8","3","cloudflare-indeed","1","True","12.3686349","200","8240","delivered",,"False","False"
"native","vendors8","3","cloudflare-indeed","2","True","4.739969","200","8240","delivered",,"False","False"
"native","vendors8","3","kasada-twitch","1","True","3.777994","200","12323","delivered",,"False","False"
"native","vendors8","3","kasada-twitch","2","True","1.7245263","200","12319","delivered",,"False","False"
"native","vendors8","3","kasada-hyatt","1","False","58.8165079","200",,"wall","browser-fingerprinting wall (kpsdk.io, header x-kpsdk-ct)","False","True"
"native","vendors8","3","kasada-hyatt","2","False","0.0001765","0",,"error","cooldown","False","False"
"native","vendors8","3","datadome-g2","1","True","11.1769222","200","17212","delivered",,"False","False"
"native","vendors8","3","datadome-g2","2","True","3.7239373000000002","200","17212","delivered",,"False","False"
"native","vendors8","3","akamai-newegg","1","True","1.2049266","200","8477","delivered",,"False","False"
"native","vendors8","3","akamai-newegg","2","True","0.2058953","200","8477","delivered",,"False","False"
"native","vendors8","3","datadome-idealista","1","True","16.0745442","200","22018","delivered",,"False","False"
"native","vendors8","3","datadome-idealista","2","True","3.8863954","200","22328","delivered",,"False","False"
