label,set,target,round,arm,order,position,delivered,seconds,first_response_seconds,status,quality,tier,identity,native_fallback,stop_type,content_complete,chunks,audit_id,audit_verdict,audited_useful,useful_content_available
r1-hard12-g2-native,hard12,g2,1,native,0,1,True,11.9020177,11.9019927,200,thin,warm,native,False,response,True,1,8ce3e35b3d405cdb6ee3f9466f636fcb78cae2ffafc502bbab0cf4af393ec69d,useful,True,True
r1-hard12-g2-native,hard12,g2,1,native,0,2,True,3.8636508000000003,3.8636243,200,thin,warm,native,False,response,True,1,8ce3e35b3d405cdb6ee3f9466f636fcb78cae2ffafc502bbab0cf4af393ec69d,useful,True,True
r1-hard12-g2-native,hard12,g2,1,native,0,3,True,3.3506098,3.3505804,200,thin,warm,native,False,response,True,1,4a96de4bdb94b7a2f44359b91a376770fcb0e00ac96d768676c1838c139282e7,useful,True,True
r1-hard12-g2-auto,hard12,g2,1,auto,1,1,True,43.4103739,43.4103455,200,thin,warm,native,True,response,True,1,8ce3e35b3d405cdb6ee3f9466f636fcb78cae2ffafc502bbab0cf4af393ec69d,useful,True,True
r1-hard12-g2-auto,hard12,g2,1,auto,1,2,False,59.9140444,59.9140404,200,,warm,emulated,False,timeout,True,1,2cedcc2cda28bce12e8d875f5613c706645b1da7b104e7677b489a1b224fe174,unavailable,False,False
r1-hard12-g2-auto,hard12,g2,1,auto,1,3,False,7.22e-05,7.12e-05,0,,,,False,local_deferral,True,1,f5f0fe638ed1ed8aacff7f083479fe69bd0ae6f123b97a4fc8990155107f06ed,unavailable,False,False
r1-hard12-zillow-native,hard12,zillow,1,native,0,1,False,59.9182662,59.9182602,200,,warm,native,False,timeout,True,1,50ba203e2b42127b3a2b91dae23bdefa92b4266562a2da897818ac8174419351,wall,False,False
r1-hard12-zillow-native,hard12,zillow,1,native,0,2,False,59.9101582,59.9101539,200,,warm,native,False,timeout,True,1,50ba203e2b42127b3a2b91dae23bdefa92b4266562a2da897818ac8174419351,wall,False,False
r1-hard12-zillow-native,hard12,zillow,1,native,0,3,False,0.0001972,0.0001961,0,,,,False,local_deferral,True,1,6304af10b65cfb506526ce1c40a35828900c806a4497ed582bc4d3641d26d5d8,unavailable,False,False
r1-hard12-zillow-auto,hard12,zillow,1,auto,1,1,False,0.0018659,0.0018598,0,,,,False,local_deferral,True,1,6304af10b65cfb506526ce1c40a35828900c806a4497ed582bc4d3641d26d5d8,unavailable,False,False
r1-hard12-zillow-auto,hard12,zillow,1,auto,1,2,False,8.67e-05,8.54e-05,0,,,,False,local_deferral,True,1,6304af10b65cfb506526ce1c40a35828900c806a4497ed582bc4d3641d26d5d8,unavailable,False,False
r1-hard12-zillow-auto,hard12,zillow,1,auto,1,3,False,7.02e-05,6.87e-05,0,,,,False,local_deferral,True,1,6304af10b65cfb506526ce1c40a35828900c806a4497ed582bc4d3641d26d5d8,unavailable,False,False
r1-public31-crunchbase-cf-native,public31,crunchbase-cf,1,native,0,1,True,2.0539071,2.0538892,200,thin,warm,native,False,response,True,1,cd1e39467411a8168d443a8b898185b1ad725042d054317d0cba513b80b594a0,useful,True,True
r1-public31-crunchbase-cf-native,public31,crunchbase-cf,1,native,0,2,True,1.523868,1.5238599000000002,200,thin,warm,native,False,response,True,1,cd1e39467411a8168d443a8b898185b1ad725042d054317d0cba513b80b594a0,useful,True,True
r1-public31-crunchbase-cf-native,public31,crunchbase-cf,1,native,0,3,True,3.4018499,3.4018387,200,thin,warm,native,False,response,True,1,cd1e39467411a8168d443a8b898185b1ad725042d054317d0cba513b80b594a0,useful,True,True
r1-public31-crunchbase-cf-auto,public31,crunchbase-cf,1,auto,1,1,True,0.0921238,0.0921118,200,full,http,emulated,False,response,True,1,cd1e39467411a8168d443a8b898185b1ad725042d054317d0cba513b80b594a0,useful,True,True
r1-public31-crunchbase-cf-auto,public31,crunchbase-cf,1,auto,1,2,True,0.9576452,0.9576378,200,full,http,emulated,False,response,True,1,cd1e39467411a8168d443a8b898185b1ad725042d054317d0cba513b80b594a0,useful,True,True
r1-public31-crunchbase-cf-auto,public31,crunchbase-cf,1,auto,1,3,True,1.0010982,1.0010897,200,full,http,emulated,False,response,True,1,cd1e39467411a8168d443a8b898185b1ad725042d054317d0cba513b80b594a0,useful,True,True
r1-public31-amazon-product-auto,public31,amazon-product,1,auto,0,1,False,4.6343577,4.6343498,200,,stealth,emulated,False,wall_or_error,True,1,70767c6ff39eeb67419950e819b5ad8ede79edd97197f9e9ab6674169b1970b0,unavailable,False,False
r1-public31-amazon-product-auto,public31,amazon-product,1,auto,0,2,False,0.2232123,0.2232048,404,,http,emulated,False,wall_or_error,True,1,24547b4201e60d7b573d3b29c73f6f39dbaed58c6e02a396e40365084851be4b,unavailable,False,False
r1-public31-amazon-product-auto,public31,amazon-product,1,auto,0,3,False,1.0019323,1.001929,404,,http,emulated,False,wall_or_error,True,1,24547b4201e60d7b573d3b29c73f6f39dbaed58c6e02a396e40365084851be4b,unavailable,False,False
r1-public31-amazon-product-native,public31,amazon-product,1,native,1,1,False,7.5402635,7.5402563,200,,warm,native,False,wall_or_error,True,1,59f0d7e559f10ec0333f8e9bfa685a428c6d831e0c3a41f441b7f87de43d5f09,unavailable,False,False
r1-public31-amazon-product-native,public31,amazon-product,1,native,1,2,False,9.6645556,9.6645516,200,,warm,native,False,wall_or_error,True,1,276f9089ce74e05a6af41f3fa619d10886a12681c9a0e151449ae2557e8d8c37,unavailable,False,False
r1-public31-amazon-product-native,public31,amazon-product,1,native,1,3,False,0.0001857,0.0001839,0,,,,False,local_deferral,True,1,d054fb66b3cd3f5c6217133186d998c37f8988c7a877be7e87e06f75fbb11618,unavailable,False,False
r1-public31-glassdoor-auto,public31,glassdoor,1,auto,0,1,True,12.2470241,12.2470038,200,thin,real,emulated,False,response,True,1,0dd04ecc71b1f7e704428b24884490bd07b74b21d64f40ff1bf12a5264b1d269,useful,True,True
r1-public31-glassdoor-auto,public31,glassdoor,1,auto,0,2,True,10.3283427,10.3283284,200,thin,real,emulated,False,response,True,1,0dd04ecc71b1f7e704428b24884490bd07b74b21d64f40ff1bf12a5264b1d269,useful,True,True
r1-public31-glassdoor-auto,public31,glassdoor,1,auto,0,3,True,11.6814959,11.6814757,200,thin,real,emulated,False,response,True,1,0dd04ecc71b1f7e704428b24884490bd07b74b21d64f40ff1bf12a5264b1d269,useful,True,True
r1-public31-glassdoor-native,public31,glassdoor,1,native,1,1,True,11.3078443,11.307833,200,thin,warm,native,False,response,True,1,0dd04ecc71b1f7e704428b24884490bd07b74b21d64f40ff1bf12a5264b1d269,useful,True,True
r1-public31-glassdoor-native,public31,glassdoor,1,native,1,2,True,3.024342,3.0243221,304,thin,warm,native,False,response,True,1,f5ad46b8ddd2f821d4d5d249e4ba84a561f5a7cd9d5e67739a36ad6373a9ca80,useful,True,True
r1-public31-glassdoor-native,public31,glassdoor,1,native,1,3,True,3.1538982,3.1538816,204,thin,warm,native,False,response,True,1,aec74cdff290a9e0700a80b2f1496cc61609c68840af2ae91ff17ea32cd77dc8,useful,True,True
r1-public31-medium-native,public31,medium,1,native,0,1,True,25.1159892,25.1159827,200,thin,warm,native,False,response,True,1,3f17e5ee20b369a758965520e96f95b7af4c7ec58fe7669352cd15f14fe98878,useful,True,True
r1-public31-medium-native,public31,medium,1,native,0,2,True,22.4857474,22.4857431,200,thin,warm,native,False,response,True,1,3f17e5ee20b369a758965520e96f95b7af4c7ec58fe7669352cd15f14fe98878,useful,True,True
r1-public31-medium-native,public31,medium,1,native,0,3,True,22.304862,22.3048572,200,thin,warm,native,False,response,True,1,3f17e5ee20b369a758965520e96f95b7af4c7ec58fe7669352cd15f14fe98878,useful,True,True
r1-public31-medium-auto,public31,medium,1,auto,1,1,True,3.861752,3.8617425,200,thin,real,emulated,False,response,True,1,3f17e5ee20b369a758965520e96f95b7af4c7ec58fe7669352cd15f14fe98878,useful,True,True
r1-public31-medium-auto,public31,medium,1,auto,1,2,True,8.576124,8.5761181,200,thin,real,emulated,False,response,True,1,3f17e5ee20b369a758965520e96f95b7af4c7ec58fe7669352cd15f14fe98878,useful,True,True
r1-public31-medium-auto,public31,medium,1,auto,1,3,True,11.2087796,11.2087749,200,thin,browser,emulated,False,response,True,1,3f17e5ee20b369a758965520e96f95b7af4c7ec58fe7669352cd15f14fe98878,useful,True,True
r1-public31-browserscan-bot-native,public31,browserscan-bot,1,native,0,1,True,11.5534873,11.5534788,200,thin,warm,native,False,response,True,1,bef8ba910f83c2c04633231569918b52dbe9c10c06198377c2af1d22c1ce8186,diagnostic-only,False,False
r1-public31-browserscan-bot-native,public31,browserscan-bot,1,native,0,2,True,1.8881147999999999,1.8881003,200,thin,warm,native,False,response,True,1,bef8ba910f83c2c04633231569918b52dbe9c10c06198377c2af1d22c1ce8186,diagnostic-only,False,False
r1-public31-browserscan-bot-native,public31,browserscan-bot,1,native,0,3,True,2.9210114000000003,2.9209968,200,thin,warm,native,False,response,True,1,bef8ba910f83c2c04633231569918b52dbe9c10c06198377c2af1d22c1ce8186,diagnostic-only,False,False
r1-public31-browserscan-bot-auto,public31,browserscan-bot,1,auto,1,1,True,0.0861316,0.0861245,200,full,http,emulated,False,response,True,1,9838a395b0e235222d605fb5036d59bda16b9f0ce119725360f9b29c46a013cf,diagnostic-only,False,False
r1-public31-browserscan-bot-auto,public31,browserscan-bot,1,auto,1,2,True,0.9606591,0.9606531,200,full,http,emulated,False,response,True,1,9838a395b0e235222d605fb5036d59bda16b9f0ce119725360f9b29c46a013cf,diagnostic-only,False,False
r1-public31-browserscan-bot-auto,public31,browserscan-bot,1,auto,1,3,True,0.9985341,0.9985293,200,full,http,emulated,False,response,True,1,9838a395b0e235222d605fb5036d59bda16b9f0ce119725360f9b29c46a013cf,diagnostic-only,False,False
r1-vendors8-cloudflare-indeed-auto,vendors8,cloudflare-indeed,1,auto,0,1,True,13.5511243,13.5511135,200,thin,real,emulated,False,response,True,1,48f06185bf94e6207270e75237659809f993ca0d5d298a4fb7e444b6f509f0d0,partial,False,False
r1-vendors8-cloudflare-indeed-auto,vendors8,cloudflare-indeed,1,auto,0,2,True,3.8611791,3.8611724,200,thin,real,emulated,False,response,True,1,acead100e8d6e32b30a25fa2871dc3b00085793405d4ffaae2b27a3e833d5494,partial,False,False
r1-vendors8-cloudflare-indeed-auto,vendors8,cloudflare-indeed,1,auto,0,3,True,8.726656,8.7266466,200,thin,real,emulated,False,response,True,1,d678fd46c5f783d859fe7f98fbdcb0e2065e5918c397a0b1777b0f2cd8e72969,partial,False,False
r1-vendors8-cloudflare-indeed-native,vendors8,cloudflare-indeed,1,native,1,1,True,11.8867089,11.8866933,200,thin,warm,native,False,response,True,1,10571122e59c9dd9ad929572e512b32d78e56ee21ef2383f8f75078d5aa032ec,partial,False,False
r1-vendors8-cloudflare-indeed-native,vendors8,cloudflare-indeed,1,native,1,2,True,4.5023869,4.5023733,200,thin,warm,native,False,response,True,1,f54ecf5d7b2c38b8cccad290d5d5852546fed4307e6e7695c115811a1125c4d2,partial,False,False
r1-vendors8-cloudflare-indeed-native,vendors8,cloudflare-indeed,1,native,1,3,True,14.0159298,14.0159048,200,thin,warm,native,False,response,True,1,5cc7f0e381a684f42931edf950df103135d7672a14bf4da0a85a730e3d9ba21a,partial,False,False
r1-public31-ceo-ca-auto,public31,ceo-ca,1,auto,0,1,True,4.8348567,4.8348382,200,thin,browser,emulated,False,response,True,1,e54398e831cbda80842c0d4c5a7d67d2da09d663d03a6c0172b08292c8b9f085,useful,True,True
r1-public31-ceo-ca-auto,public31,ceo-ca,1,auto,0,2,True,3.8790131,3.878993,200,thin,browser,emulated,False,response,True,1,e54398e831cbda80842c0d4c5a7d67d2da09d663d03a6c0172b08292c8b9f085,useful,True,True
r1-public31-ceo-ca-auto,public31,ceo-ca,1,auto,0,3,True,1.8483347,1.8483154000000002,200,thin,browser,emulated,False,response,True,1,e54398e831cbda80842c0d4c5a7d67d2da09d663d03a6c0172b08292c8b9f085,useful,True,True
r1-public31-ceo-ca-native,public31,ceo-ca,1,native,1,1,True,9.8205829,9.8205678,200,thin,warm,native,False,response,True,1,5d18a149c1cad95322d69629867556d1b31229bbc74451c31e6cf65da43fe7ad,useful,True,True
r1-public31-ceo-ca-native,public31,ceo-ca,1,native,1,2,True,1.8605387,1.8605216,200,thin,warm,native,False,response,True,1,5d18a149c1cad95322d69629867556d1b31229bbc74451c31e6cf65da43fe7ad,useful,True,True
r1-public31-ceo-ca-native,public31,ceo-ca,1,native,1,3,True,2.6232265,2.6232136,200,thin,warm,native,False,response,True,1,5d18a149c1cad95322d69629867556d1b31229bbc74451c31e6cf65da43fe7ad,useful,True,True
r1-public31-rebrowser-detector-native,public31,rebrowser-detector,1,native,0,1,True,2.4189547,2.4189474,200,thin,warm,native,False,response,True,1,e989b2d807a63acd736ec122a474ac4ddd2b99e8bf0b1239c72767805e267469,diagnostic-only,False,False
r1-public31-rebrowser-detector-native,public31,rebrowser-detector,1,native,0,2,True,1.4232731,1.4232647,200,thin,warm,native,False,response,True,1,1e9cb6a05b715e2fe419186593e532825ddacba6b953f848c7e007a3ee606380,diagnostic-only,False,False
r1-public31-rebrowser-detector-native,public31,rebrowser-detector,1,native,0,3,True,1.4435571999999999,1.4435492,200,thin,warm,native,False,response,True,1,f116cd4423549a63d6884f2e4eec771632f1c8b6a6a2f42b9ab7a6e70ef266fb,diagnostic-only,False,False
r1-public31-rebrowser-detector-auto,public31,rebrowser-detector,1,auto,1,1,True,0.2337519,0.2337444,200,full,http,emulated,False,response,True,1,dd129aeb7dfd7cfdcfebdc8499384e5333bcbb8c812e2dafb9cd3d39a43de145,diagnostic-only,False,False
r1-public31-rebrowser-detector-auto,public31,rebrowser-detector,1,auto,1,2,True,0.8571008,0.8570948,200,full,http,emulated,False,response,True,1,dd129aeb7dfd7cfdcfebdc8499384e5333bcbb8c812e2dafb9cd3d39a43de145,diagnostic-only,False,False
r1-public31-rebrowser-detector-auto,public31,rebrowser-detector,1,auto,1,3,True,0.9954677,0.9954624,200,full,http,emulated,False,response,True,1,dd129aeb7dfd7cfdcfebdc8499384e5333bcbb8c812e2dafb9cd3d39a43de145,diagnostic-only,False,False
r1-public31-reddit-native,public31,reddit,1,native,0,1,True,3.3968626,3.396835,200,thin,warm,native,False,response,True,1,e667f6641c455db6a092b0daea0096beb46ec16053174744ec7b56ee72534dfe,useful,True,True
r1-public31-reddit-native,public31,reddit,1,native,0,2,True,2.3254167,2.3254015,200,thin,warm,native,False,response,True,1,58be730ab414750f9ceeaef45bbe03fe79f56e9ed5c9430f9358df0eea26b6b2,useful,True,True
r1-public31-reddit-native,public31,reddit,1,native,0,3,True,2.4716538,2.4716316,200,thin,warm,native,False,response,True,1,fa3f05873c044748328d862d94c62140cfa2b76e349456a195c85c84f422b159,useful,True,True
r1-public31-reddit-auto,public31,reddit,1,auto,1,1,True,4.2973756,4.2973457,200,thin,browser,emulated,False,response,True,1,56c7d2b9f2d69c10b638fd7ce0f0b8a315ce7b35e037c405783768b915f9109f,useful,True,True
r1-public31-reddit-auto,public31,reddit,1,auto,1,2,True,3.8111739,3.8111505,200,thin,browser,emulated,False,response,True,1,47cb2f7b6784aa2315807f8eeb7036d33678266f7eb17a268095f7c988124b18,useful,True,True
r1-public31-reddit-auto,public31,reddit,1,auto,1,3,True,2.2625956,2.2625544,200,thin,browser,emulated,False,response,True,1,173ab09c0f144280967c573f941c193834f141cb68ddf39791db550e1a878527,useful,True,True
r1-public31-devto-auto,public31,devto,1,auto,0,1,True,0.4022765,0.4022439,200,partial,http,emulated,False,response,True,1,60bc6ad5fcf36ba57e46636d590a01fcf62df14f2f642422e870fcf4b1739995,useful,True,True
r1-public31-devto-auto,public31,devto,1,auto,0,2,True,0.6489082,0.6488797,200,partial,http,emulated,False,response,True,1,60bc6ad5fcf36ba57e46636d590a01fcf62df14f2f642422e870fcf4b1739995,useful,True,True
r1-public31-devto-auto,public31,devto,1,auto,0,3,True,0.9960343,0.9960055,200,partial,http,emulated,False,response,True,1,60bc6ad5fcf36ba57e46636d590a01fcf62df14f2f642422e870fcf4b1739995,useful,True,True
r1-public31-devto-native,public31,devto,1,native,1,1,True,2.8133604,2.8133284,200,partial,warm,native,False,response,True,1,d0f29b83f94047b8a1bcd54021c9e1605b3beb10ea7f436a184d50df6df5eea7,useful,True,True
r1-public31-devto-native,public31,devto,1,native,1,2,True,1.7981998,1.7981667,200,partial,warm,native,False,response,True,1,d0f29b83f94047b8a1bcd54021c9e1605b3beb10ea7f436a184d50df6df5eea7,useful,True,True
r1-public31-devto-native,public31,devto,1,native,1,3,True,1.6845592,1.6845306,200,partial,warm,native,False,response,True,1,d0f29b83f94047b8a1bcd54021c9e1605b3beb10ea7f436a184d50df6df5eea7,useful,True,True
r1-hard12-newegg-auto,hard12,newegg,1,auto,0,1,True,0.7998622,0.7998477,200,thin,http,emulated,False,response,True,1,1631d309d449fb0a48376e112b19d3d4713da4b69ea4ac64706808c676869629,useful,True,True
r1-hard12-newegg-auto,hard12,newegg,1,auto,0,2,True,0.6132187,0.6131989,200,thin,http,emulated,False,response,True,1,1631d309d449fb0a48376e112b19d3d4713da4b69ea4ac64706808c676869629,useful,True,True
r1-hard12-newegg-auto,hard12,newegg,1,auto,0,3,True,0.9528894,0.9528675,200,thin,http,emulated,False,response,True,1,1631d309d449fb0a48376e112b19d3d4713da4b69ea4ac64706808c676869629,useful,True,True
r1-hard12-newegg-native,hard12,newegg,1,native,1,1,True,16.1373097,16.1372849,200,thin,warm,native,False,response,True,1,dffea925e7d8a079424e28d27399a366cc05f751d3a9b8ea39b3c12be0010c35,useful,True,True
r1-hard12-newegg-native,hard12,newegg,1,native,1,2,True,6.9607867,6.9607609,204,thin,warm,native,False,response,True,1,812c11c689d15f6ff914d28f8ddb93260e2d5012471019aface55f77b931419e,useful,True,True
r1-hard12-newegg-native,hard12,newegg,1,native,1,3,True,5.4710262,5.4709976000000005,200,thin,warm,native,False,response,True,1,dffea925e7d8a079424e28d27399a366cc05f751d3a9b8ea39b3c12be0010c35,useful,True,True
r1-hard12-indeed-native,hard12,indeed,1,native,0,1,False,0.0015934,0.0015866,0,,,,False,local_deferral,True,1,3d1fdff00a184204e4bd19a2bc3080b99249a53c03dd315817a6628ab9e9271a,unavailable,False,False
r1-hard12-indeed-native,hard12,indeed,1,native,0,2,False,9.84e-05,9.71e-05,0,,,,False,local_deferral,True,1,3d1fdff00a184204e4bd19a2bc3080b99249a53c03dd315817a6628ab9e9271a,unavailable,False,False
r1-hard12-indeed-native,hard12,indeed,1,native,0,3,False,6.66e-05,6.55e-05,0,,,,False,local_deferral,True,1,3d1fdff00a184204e4bd19a2bc3080b99249a53c03dd315817a6628ab9e9271a,unavailable,False,False
r1-hard12-indeed-auto,hard12,indeed,1,auto,1,1,False,0.0018251,0.001819,0,,,,False,local_deferral,True,1,3d1fdff00a184204e4bd19a2bc3080b99249a53c03dd315817a6628ab9e9271a,unavailable,False,False
r1-hard12-indeed-auto,hard12,indeed,1,auto,1,2,False,8.27e-05,8.11e-05,0,,,,False,local_deferral,True,1,3d1fdff00a184204e4bd19a2bc3080b99249a53c03dd315817a6628ab9e9271a,unavailable,False,False
r1-hard12-indeed-auto,hard12,indeed,1,auto,1,3,False,7.17e-05,7.03e-05,0,,,,False,local_deferral,True,1,3d1fdff00a184204e4bd19a2bc3080b99249a53c03dd315817a6628ab9e9271a,unavailable,False,False
r1-hard12-idealista-auto,hard12,idealista,1,auto,0,1,False,42.2281676,42.2281584,200,,warm,emulated,False,wall_or_error,True,1,de102d0afd9df486f41cf16d563a4a099c55e6f36100a7667da6d50202c6781a,unavailable,False,False
r1-hard12-idealista-auto,hard12,idealista,1,auto,0,2,False,6.92e-05,6.82e-05,0,,,,False,local_deferral,True,1,aa20214658ca523f6fd19adeba1f8335d9b977485b614b47f7929e32e1fe358d,unavailable,False,False
r1-hard12-idealista-auto,hard12,idealista,1,auto,0,3,False,1.65e-05,1.57e-05,0,,,,False,local_deferral,True,1,aa20214658ca523f6fd19adeba1f8335d9b977485b614b47f7929e32e1fe358d,unavailable,False,False
r1-hard12-idealista-native,hard12,idealista,1,native,1,1,False,0.0014824,0.0014764,0,,,,False,local_deferral,True,1,aa20214658ca523f6fd19adeba1f8335d9b977485b614b47f7929e32e1fe358d,unavailable,False,False
r1-hard12-idealista-native,hard12,idealista,1,native,1,2,False,7.77e-05,7.66e-05,0,,,,False,local_deferral,True,1,aa20214658ca523f6fd19adeba1f8335d9b977485b614b47f7929e32e1fe358d,unavailable,False,False
r1-hard12-idealista-native,hard12,idealista,1,native,1,3,False,6.22e-05,6.13e-05,0,,,,False,local_deferral,True,1,aa20214658ca523f6fd19adeba1f8335d9b977485b614b47f7929e32e1fe358d,unavailable,False,False
r1-public31-stockwatch-native,public31,stockwatch,1,native,0,1,True,30.2077188,30.2077109,200,thin,warm,native,False,response,True,1,f8edb616ef84a3c906e057820e358ff8807b716e7b692c5ea6b8f1b8a32634c6,useful,True,True
r1-public31-stockwatch-native,public31,stockwatch,1,native,0,2,True,22.5591494,22.5591391,200,thin,warm,native,False,response,True,1,cfc8b2c6d69c4011b06f2a71c032325528fbda516a238ac26e7b5c25b51df8fe,useful,True,True
r1-public31-stockwatch-native,public31,stockwatch,1,native,0,3,True,22.5714612,22.5714537,200,thin,warm,native,False,response,True,1,f5edec10e43d1cb87246b515f8d5b6cf0676c1ecf37cfad6af6a082cf5853ce6,useful,True,True
r1-public31-stockwatch-auto,public31,stockwatch,1,auto,1,1,True,0.3949431,0.394935,200,full,http,emulated,False,response,True,1,bdb741774de4f1e742810fe5b1420d6a1f79bc2d4e85924746229f1aa8c452ed,useful,True,True
r1-public31-stockwatch-auto,public31,stockwatch,1,auto,1,2,True,0.7938517,0.7938437,200,full,http,emulated,False,response,True,1,ab32d5c2365a7fbc9dd77d0f5b1df40860bb2ae42d71b2c6b4af47276c37f0c1,useful,True,True
r1-public31-stockwatch-auto,public31,stockwatch,1,auto,1,3,True,1.0143999,1.0143848,200,full,http,emulated,False,response,True,1,b51f97ba421d4778abec584068089d99c28b631686762182297d7ed3d86321e2,useful,True,True
r1-public31-tiktok-user-native,public31,tiktok-user,1,native,0,1,False,6.1266424,6.1266336,0,,,,False,wall_or_error,True,1,5eba95fa44777804f205f15ce39c540471cbebf29e3e40d123e19ac038d31177,unavailable,False,False
r1-public31-tiktok-user-native,public31,tiktok-user,1,native,0,2,False,0.3646522,0.3646469,0,,,,False,wall_or_error,True,1,5eba95fa44777804f205f15ce39c540471cbebf29e3e40d123e19ac038d31177,unavailable,False,False
r1-public31-tiktok-user-native,public31,tiktok-user,1,native,0,3,False,1.4062075,1.4062029,0,,,,False,wall_or_error,True,1,5eba95fa44777804f205f15ce39c540471cbebf29e3e40d123e19ac038d31177,unavailable,False,False
r1-public31-tiktok-user-auto,public31,tiktok-user,1,auto,1,1,False,50.2035401,50.203531,200,,warm,emulated,False,wall_or_error,True,1,160426be5c0f609c4b15594c6a4e58dee6b960595221517ca9d2666deea2afb3,unavailable,False,False
r1-public31-tiktok-user-auto,public31,tiktok-user,1,auto,1,2,False,0.0001616,0.0001599,0,,,,False,local_deferral,True,1,5eba95fa44777804f205f15ce39c540471cbebf29e3e40d123e19ac038d31177,unavailable,False,False
r1-public31-tiktok-user-auto,public31,tiktok-user,1,auto,1,3,False,9.2e-05,9.03e-05,0,,,,False,local_deferral,True,1,5eba95fa44777804f205f15ce39c540471cbebf29e3e40d123e19ac038d31177,unavailable,False,False
r1-vendors8-datadome-g2-native,vendors8,datadome-g2,1,native,0,1,False,0.001653,0.0016457,0,,,,False,local_deferral,True,1,f5f0fe638ed1ed8aacff7f083479fe69bd0ae6f123b97a4fc8990155107f06ed,unavailable,False,False
r1-vendors8-datadome-g2-native,vendors8,datadome-g2,1,native,0,2,False,9.23e-05,9.11e-05,0,,,,False,local_deferral,True,1,f5f0fe638ed1ed8aacff7f083479fe69bd0ae6f123b97a4fc8990155107f06ed,unavailable,False,False
r1-vendors8-datadome-g2-native,vendors8,datadome-g2,1,native,0,3,False,6.75e-05,6.62e-05,0,,,,False,local_deferral,True,1,f5f0fe638ed1ed8aacff7f083479fe69bd0ae6f123b97a4fc8990155107f06ed,unavailable,False,False
r1-vendors8-datadome-g2-auto,vendors8,datadome-g2,1,auto,1,1,False,0.0016264,0.0016204,0,,,,False,local_deferral,True,1,f5f0fe638ed1ed8aacff7f083479fe69bd0ae6f123b97a4fc8990155107f06ed,unavailable,False,False
r1-vendors8-datadome-g2-auto,vendors8,datadome-g2,1,auto,1,2,False,7.62e-05,7.51e-05,0,,,,False,local_deferral,True,1,f5f0fe638ed1ed8aacff7f083479fe69bd0ae6f123b97a4fc8990155107f06ed,unavailable,False,False
r1-vendors8-datadome-g2-auto,vendors8,datadome-g2,1,auto,1,3,False,6.21e-05,6.11e-05,0,,,,False,local_deferral,True,1,f5f0fe638ed1ed8aacff7f083479fe69bd0ae6f123b97a4fc8990155107f06ed,unavailable,False,False
r1-public31-browserleaks-auto,public31,browserleaks,1,auto,0,1,True,0.2957706,0.2957632,200,thin,http,emulated,False,response,True,1,53cbe71a9c3115b89cce434f1d6f736a059e4b81e9671a789f6990967006406f,diagnostic-only,False,False
r1-public31-browserleaks-auto,public31,browserleaks,1,auto,0,2,True,0.7823606,0.7823516,200,thin,http,emulated,False,response,True,1,53cbe71a9c3115b89cce434f1d6f736a059e4b81e9671a789f6990967006406f,diagnostic-only,False,False
r1-public31-browserleaks-auto,public31,browserleaks,1,auto,0,3,True,1.0061838,1.0061777,200,thin,http,emulated,False,response,True,1,53cbe71a9c3115b89cce434f1d6f736a059e4b81e9671a789f6990967006406f,diagnostic-only,False,False
r1-public31-browserleaks-native,public31,browserleaks,1,native,1,1,True,7.7780912,7.7780646,200,thin,warm,native,False,response,True,1,edee266fce144a7df91cd4c566417b183e8d7b1d92e8df1162bf90418930be3c,diagnostic-only,False,False
r1-public31-browserleaks-native,public31,browserleaks,1,native,1,2,True,1.4741995,1.4741838999999999,200,thin,warm,native,False,response,True,1,eaa28fa8a9496abf5ccb45ab291ce15a6af18a8ec152636fe6f2af9feaedb22b,diagnostic-only,False,False
r1-public31-browserleaks-native,public31,browserleaks,1,native,1,3,True,2.1171003,2.1170819,200,thin,warm,native,False,response,True,1,21fe5403ad5ea0d3df8867ecff1d1e0c6e2da87ad897742379144cf339032b4d,diagnostic-only,False,False
r1-public31-canadianinsider-auto,public31,canadianinsider,1,auto,0,1,False,54.1593313,54.1593251,404,,warm,native,True,wall_or_error,True,1,27d5496177cbf54eb784d54c95edcc974bd32b443523faf024a39e1ad63c548d,wall,False,False
r1-public31-canadianinsider-auto,public31,canadianinsider,1,auto,0,2,False,59.9053365,59.9053324,200,,real,emulated,False,timeout,True,1,26b619048ff65a0d334b84d766b1a4287eccd3edf4aec0a4eff77539ccf5e63f,wall,False,False
r1-public31-canadianinsider-auto,public31,canadianinsider,1,auto,0,3,False,58.5853688,58.5853635,200,,warm,emulated,False,wall_or_error,True,1,acad25ede59944411e65dd4bf048654e017f6c0981bbba6668405e144f14debd,wall,False,False
r1-public31-canadianinsider-native,public31,canadianinsider,1,native,1,1,False,0.0017415,0.0017352,0,,,,False,local_deferral,True,1,4690065ddc9e1491b004905606e85e792ca22fe47edde83be556c0a740aa6801,unavailable,False,False
r1-public31-canadianinsider-native,public31,canadianinsider,1,native,1,2,False,8.47e-05,8.35e-05,0,,,,False,local_deferral,True,1,4690065ddc9e1491b004905606e85e792ca22fe47edde83be556c0a740aa6801,unavailable,False,False
r1-public31-canadianinsider-native,public31,canadianinsider,1,native,1,3,False,6.66e-05,6.52e-05,0,,,,False,local_deferral,True,1,4690065ddc9e1491b004905606e85e792ca22fe47edde83be556c0a740aa6801,unavailable,False,False
r1-public31-pixelscan-fp-native,public31,pixelscan-fp,1,native,0,1,True,14.9269279,14.9269194,200,thin,warm,native,False,response,True,1,a6f85ef8f1efe3ed93529e48078b4e900ab86280971621d3d6fee6dc5adde1ff,diagnostic-only,False,False
r1-public31-pixelscan-fp-native,public31,pixelscan-fp,1,native,0,2,True,3.3445301,3.344524,200,thin,warm,native,False,response,True,1,6476914086138032e9d7a671ceb662c6e1502866187b36c2f14a222f91fb2b06,diagnostic-only,False,False
r1-public31-pixelscan-fp-native,public31,pixelscan-fp,1,native,0,3,True,4.0747245,4.0747187,200,thin,warm,native,False,response,True,1,49ccf48c9682634a7f58d20d1c81aa358825e5993809e805e2192989402eb83e,diagnostic-only,False,False
r1-public31-pixelscan-fp-auto,public31,pixelscan-fp,1,auto,1,1,True,1.7991337,1.7991258,200,thin,http,emulated,False,response,True,1,84779cbc165c9b51e9807708ad2f6e35cf13b42eb374447f6696704b4dbefac5,diagnostic-only,False,False
r1-public31-pixelscan-fp-auto,public31,pixelscan-fp,1,auto,1,2,True,0.8732497,0.8732428,200,thin,http,emulated,False,response,True,1,84779cbc165c9b51e9807708ad2f6e35cf13b42eb374447f6696704b4dbefac5,diagnostic-only,False,False
r1-public31-pixelscan-fp-auto,public31,pixelscan-fp,1,auto,1,3,True,0.9857044,0.9856995,200,thin,http,emulated,False,response,True,1,84779cbc165c9b51e9807708ad2f6e35cf13b42eb374447f6696704b4dbefac5,diagnostic-only,False,False
r1-public31-sannysoft-auto,public31,sannysoft,1,auto,0,1,True,0.4041471,0.4041391,200,thin,http,emulated,False,response,True,1,f2a7718171dd378e35ad7dc3cee8c9228dd267cbccf2d71eadd53cf99542a701,diagnostic-only,False,False
r1-public31-sannysoft-auto,public31,sannysoft,1,auto,0,2,True,0.7003913,0.7003848,200,thin,http,emulated,False,response,True,1,f2a7718171dd378e35ad7dc3cee8c9228dd267cbccf2d71eadd53cf99542a701,diagnostic-only,False,False
r1-public31-sannysoft-auto,public31,sannysoft,1,auto,0,3,True,1.0003393,1.0003324,200,thin,http,emulated,False,response,True,1,f2a7718171dd378e35ad7dc3cee8c9228dd267cbccf2d71eadd53cf99542a701,diagnostic-only,False,False
r1-public31-sannysoft-native,public31,sannysoft,1,native,1,1,True,5.5412128,5.5411972,200,thin,warm,native,False,response,True,1,a15bf39ff11e266986be75577082614c06f2932aac29684f488643fcff2ccf57,diagnostic-only,False,False
r1-public31-sannysoft-native,public31,sannysoft,1,native,1,2,True,1.8746112,1.8745903,200,thin,warm,native,False,response,True,1,4df663507cf673f58ef3eb4c2ff3b203529de6429837d28f4f29a82d174dfcd1,diagnostic-only,False,False
r1-public31-sannysoft-native,public31,sannysoft,1,native,1,3,True,1.7873860000000001,1.7873643000000001,200,thin,warm,native,False,response,True,1,7ef34110677063cbb837ab607676646137a9e54f40308133b94f3a983ecee953,diagnostic-only,False,False
r1-public31-indeed-jobs-auto,public31,indeed-jobs,1,auto,0,1,False,0.086651,0.0866452,403,,http,emulated,False,wall_or_error,True,1,42ee73a0acaf8d5015bcd985be74b776cc8abbb7606ebdb0bce6194ff5bdd352,unavailable,False,False
r1-public31-indeed-jobs-auto,public31,indeed-jobs,1,auto,0,2,False,8.42e-05,8.32e-05,0,,,,False,local_deferral,True,1,39f672a8a7ef836bc099fa6d1c198e00c88308db9d2cedd6d1438bec0ff65276,unavailable,False,False
r1-public31-indeed-jobs-auto,public31,indeed-jobs,1,auto,0,3,False,6.38e-05,6.24e-05,0,,,,False,local_deferral,True,1,39f672a8a7ef836bc099fa6d1c198e00c88308db9d2cedd6d1438bec0ff65276,unavailable,False,False
r1-public31-indeed-jobs-native,public31,indeed-jobs,1,native,1,1,False,0.0014883,0.0014821,0,,,,False,local_deferral,True,1,39f672a8a7ef836bc099fa6d1c198e00c88308db9d2cedd6d1438bec0ff65276,unavailable,False,False
r1-public31-indeed-jobs-native,public31,indeed-jobs,1,native,1,2,False,7.9e-05,7.78e-05,0,,,,False,local_deferral,True,1,39f672a8a7ef836bc099fa6d1c198e00c88308db9d2cedd6d1438bec0ff65276,unavailable,False,False
r1-public31-indeed-jobs-native,public31,indeed-jobs,1,native,1,3,False,6.29e-05,6.17e-05,0,,,,False,local_deferral,True,1,39f672a8a7ef836bc099fa6d1c198e00c88308db9d2cedd6d1438bec0ff65276,unavailable,False,False
r1-vendors8-datadome-idealista-auto,vendors8,datadome-idealista,1,auto,0,1,False,0.0014479,0.0014421,0,,,,False,local_deferral,True,1,aa20214658ca523f6fd19adeba1f8335d9b977485b614b47f7929e32e1fe358d,unavailable,False,False
r1-vendors8-datadome-idealista-auto,vendors8,datadome-idealista,1,auto,0,2,False,7.96e-05,7.84e-05,0,,,,False,local_deferral,True,1,aa20214658ca523f6fd19adeba1f8335d9b977485b614b47f7929e32e1fe358d,unavailable,False,False
r1-vendors8-datadome-idealista-auto,vendors8,datadome-idealista,1,auto,0,3,False,6.27e-05,6.16e-05,0,,,,False,local_deferral,True,1,aa20214658ca523f6fd19adeba1f8335d9b977485b614b47f7929e32e1fe358d,unavailable,False,False
r1-vendors8-datadome-idealista-native,vendors8,datadome-idealista,1,native,1,1,False,0.0017072,0.0017008,0,,,,False,local_deferral,True,1,aa20214658ca523f6fd19adeba1f8335d9b977485b614b47f7929e32e1fe358d,unavailable,False,False
r1-vendors8-datadome-idealista-native,vendors8,datadome-idealista,1,native,1,2,False,8.75e-05,8.64e-05,0,,,,False,local_deferral,True,1,aa20214658ca523f6fd19adeba1f8335d9b977485b614b47f7929e32e1fe358d,unavailable,False,False
r1-vendors8-datadome-idealista-native,vendors8,datadome-idealista,1,native,1,3,False,6.95e-05,6.82e-05,0,,,,False,local_deferral,True,1,aa20214658ca523f6fd19adeba1f8335d9b977485b614b47f7929e32e1fe358d,unavailable,False,False
r1-vendors8-akamai-newegg-native,vendors8,akamai-newegg,1,native,0,1,True,6.1837613,6.183734,200,thin,warm,native,False,response,True,1,7ea4c17f10f046a82f4c88c60eec62f820d6b1a73dcb7aad6098bbafa4c8876c,useful,True,True
r1-vendors8-akamai-newegg-native,vendors8,akamai-newegg,1,native,0,2,True,5.3681009,5.3680857,200,thin,warm,native,False,response,True,1,7ea4c17f10f046a82f4c88c60eec62f820d6b1a73dcb7aad6098bbafa4c8876c,useful,True,True
r1-vendors8-akamai-newegg-native,vendors8,akamai-newegg,1,native,0,3,True,4.4951027,4.4950859,204,thin,warm,native,False,response,True,1,4b473d9d6975b9bb775e70989676fbc58065e206571629386387a240084240d7,useful,True,True
r1-vendors8-akamai-newegg-auto,vendors8,akamai-newegg,1,auto,1,1,True,0.4883998,0.4883845,200,thin,http,emulated,False,response,True,1,ab5370dfe18d6b732310d3eaa52e4bc87f0f20dd1964e23803a8db56b86106e3,useful,True,True
r1-vendors8-akamai-newegg-auto,vendors8,akamai-newegg,1,auto,1,2,True,0.6897418,0.6897269,200,thin,http,emulated,False,response,True,1,ab5370dfe18d6b732310d3eaa52e4bc87f0f20dd1964e23803a8db56b86106e3,useful,True,True
r1-vendors8-akamai-newegg-auto,vendors8,akamai-newegg,1,auto,1,3,True,0.9996062,0.9995917,200,thin,http,emulated,False,response,True,1,ab5370dfe18d6b732310d3eaa52e4bc87f0f20dd1964e23803a8db56b86106e3,useful,True,True
r1-vendors8-akamai-homedepot-auto,vendors8,akamai-homedepot,1,auto,0,1,True,55.1632542,55.1632468,200,thin,warm,native,True,response,True,1,ab0c32821b00c0631c54a5b35c44b4ecb1a5ec1bae7cd7bcf14f0d5d3e1e2a0a,shell,False,False
r1-vendors8-akamai-homedepot-auto,vendors8,akamai-homedepot,1,auto,0,2,True,42.7163829,42.716378,200,thin,warm,native,True,response,True,1,6c2cc1721b4cd5bf6bb05200dad63b0cb4ce6043bf93c721644913643035e5ae,shell,False,False
r1-vendors8-akamai-homedepot-auto,vendors8,akamai-homedepot,1,auto,0,3,True,54.9898779,54.9898694,200,thin,warm,native,True,response,True,1,6c2cc1721b4cd5bf6bb05200dad63b0cb4ce6043bf93c721644913643035e5ae,shell,False,False
r1-vendors8-akamai-homedepot-native,vendors8,akamai-homedepot,1,native,1,1,False,0.001793,0.0017872,0,,,,False,local_deferral,True,1,80c1ae9ad5c93a05d471470f5dd8fc7e4a643c8378c4fa3d28f0abbb32682cdb,unavailable,False,False
r1-vendors8-akamai-homedepot-native,vendors8,akamai-homedepot,1,native,1,2,False,0.0001175,0.0001155,0,,,,False,local_deferral,True,1,80c1ae9ad5c93a05d471470f5dd8fc7e4a643c8378c4fa3d28f0abbb32682cdb,unavailable,False,False
r1-vendors8-akamai-homedepot-native,vendors8,akamai-homedepot,1,native,1,3,False,9.3e-05,9.17e-05,0,,,,False,local_deferral,True,1,80c1ae9ad5c93a05d471470f5dd8fc7e4a643c8378c4fa3d28f0abbb32682cdb,unavailable,False,False
r1-hard12-wikipedia-native,hard12,wikipedia,1,native,0,1,True,7.5231493,7.5228124,200,full,warm,native,False,response,False,1,748c74e535c1e07e70524cc0be0109378bec591ded8fc23cd2ff3f28fe5deb7a,useful,True,True
r1-hard12-wikipedia-native,hard12,wikipedia,1,native,0,2,True,1.6093901000000002,1.609028,200,full,warm,native,False,response,False,1,748c74e535c1e07e70524cc0be0109378bec591ded8fc23cd2ff3f28fe5deb7a,useful,True,True
r1-hard12-wikipedia-native,hard12,wikipedia,1,native,0,3,True,2.1270991,2.126744,200,full,warm,native,False,response,False,1,748c74e535c1e07e70524cc0be0109378bec591ded8fc23cd2ff3f28fe5deb7a,useful,True,True
r1-hard12-wikipedia-auto,hard12,wikipedia,1,auto,1,1,True,0.3185146,0.3181789,200,full,http,emulated,False,response,False,1,ec30726ca04dfa0339338e9d2f280634e16ea41708adecc016ff0215af3dcc42,useful,True,True
r1-hard12-wikipedia-auto,hard12,wikipedia,1,auto,1,2,True,0.8020009,0.8016524,200,full,http,emulated,False,response,False,1,ec30726ca04dfa0339338e9d2f280634e16ea41708adecc016ff0215af3dcc42,useful,True,True
r1-hard12-wikipedia-auto,hard12,wikipedia,1,auto,1,3,True,0.9993321,0.998998,200,full,http,emulated,False,response,False,1,ec30726ca04dfa0339338e9d2f280634e16ea41708adecc016ff0215af3dcc42,useful,True,True
r1-public31-newsfilecorp-auto,public31,newsfilecorp,1,auto,0,1,True,0.8801774,0.8801553,200,full,http,emulated,False,response,True,1,58d942aebce6267cb424561535324cea880f02b43a14bf019e0152835ca2c9c8,useful,True,True
r1-public31-newsfilecorp-auto,public31,newsfilecorp,1,auto,0,2,True,0.3710791,0.3710562,200,full,http,emulated,False,response,True,1,58d942aebce6267cb424561535324cea880f02b43a14bf019e0152835ca2c9c8,useful,True,True
r1-public31-newsfilecorp-auto,public31,newsfilecorp,1,auto,0,3,True,1.0092917,1.0092714,200,full,http,emulated,False,response,True,1,58d942aebce6267cb424561535324cea880f02b43a14bf019e0152835ca2c9c8,useful,True,True
r1-public31-newsfilecorp-native,public31,newsfilecorp,1,native,1,1,True,9.0665257,9.0664954,200,thin,warm,native,False,response,True,1,58d942aebce6267cb424561535324cea880f02b43a14bf019e0152835ca2c9c8,useful,True,True
r1-public31-newsfilecorp-native,public31,newsfilecorp,1,native,1,2,True,6.3781197,6.3781147,200,thin,warm,native,False,response,True,1,7d61190954e6288ab0b94e011ca276dba93bc25a6aff43d8a6900ee8bd17f285,wall,False,False
r1-public31-newsfilecorp-native,public31,newsfilecorp,1,native,1,3,True,1.7001457,1.7001404,200,thin,warm,native,False,response,True,1,7d61190954e6288ab0b94e011ca276dba93bc25a6aff43d8a6900ee8bd17f285,wall,False,False
r1-public31-pixelscan-bot-auto,public31,pixelscan-bot,1,auto,0,1,True,2.38796,2.3879532,200,thin,http,emulated,False,response,True,1,6ea77fdfd6ff198998f99fe5195c83b80823f648a622ca043f5b6bb916df12c1,diagnostic-only,False,False
r1-public31-pixelscan-bot-auto,public31,pixelscan-bot,1,auto,0,2,True,0.813021,0.8130149,200,thin,http,emulated,False,response,True,1,6ea77fdfd6ff198998f99fe5195c83b80823f648a622ca043f5b6bb916df12c1,diagnostic-only,False,False
r1-public31-pixelscan-bot-auto,public31,pixelscan-bot,1,auto,0,3,True,1.0484085,1.0484029,200,thin,http,emulated,False,response,True,1,6ea77fdfd6ff198998f99fe5195c83b80823f648a622ca043f5b6bb916df12c1,diagnostic-only,False,False
r1-public31-pixelscan-bot-native,public31,pixelscan-bot,1,native,1,1,True,4.1191007,4.1190942,200,thin,warm,native,False,response,True,1,15a94dbf945e34c8274f1b0182c7e7cd2eb07c198a68094db715bcdd62dc9f1b,diagnostic-only,False,False
r1-public31-pixelscan-bot-native,public31,pixelscan-bot,1,native,1,2,True,2.574085,2.574071,200,thin,warm,native,False,response,True,1,15a94dbf945e34c8274f1b0182c7e7cd2eb07c198a68094db715bcdd62dc9f1b,diagnostic-only,False,False
r1-public31-pixelscan-bot-native,public31,pixelscan-bot,1,native,1,3,True,2.5334557,2.5334467,200,thin,warm,native,False,response,True,1,15a94dbf945e34c8274f1b0182c7e7cd2eb07c198a68094db715bcdd62dc9f1b,diagnostic-only,False,False
r1-public31-linkedin-jobs-native,public31,linkedin-jobs,1,native,0,1,False,30.9003313,30.9003206,200,,warm,native,False,wall_or_error,True,1,450b452d69b26e34e96eda28a11f542e1314dcb2de48b7f37e364d66ea33b541,useful,False,True
r1-public31-linkedin-jobs-native,public31,linkedin-jobs,1,native,0,2,False,22.9357047,22.9356985,200,,warm,native,False,wall_or_error,True,1,64b41b2e1c9f8e86b48649524f92a49c0726f5f47749b75f493234f86595ebd1,useful,False,True
r1-public31-linkedin-jobs-native,public31,linkedin-jobs,1,native,0,3,False,22.8007635,22.8007542,200,,warm,native,False,wall_or_error,True,1,d22bfbdbb721b30d966902f6bbefc56656250e9167b1020dbbb7f37f693637eb,useful,False,True
r1-public31-linkedin-jobs-auto,public31,linkedin-jobs,1,auto,1,1,True,0.8620656,0.8620297,200,thin,http,emulated,False,response,True,1,56fa68ba01ae6ea455e2bce2bd00aa854a160d1546904e5390d39854c7441f29,useful,True,True
r1-public31-linkedin-jobs-auto,public31,linkedin-jobs,1,auto,1,2,True,0.7249772,0.7249547,200,thin,http,emulated,False,response,True,1,d471c3dbf51d6bea3523a2f20549bea1aca6b9ddcb98abd63313ada2794c0c54,useful,True,True
r1-public31-linkedin-jobs-auto,public31,linkedin-jobs,1,auto,1,3,True,0.9880291,0.9880056,200,thin,http,emulated,False,response,True,1,4a2acc68cb7587c7b4854094e400ab600798d1b2f91b107192a23e7ed2d85459,useful,True,True
r1-vendors8-kasada-twitch-auto,vendors8,kasada-twitch,1,auto,0,1,True,4.0820786,4.08206,200,thin,browser,emulated,False,response,True,1,b2b4057c4b6e24dd71acbf018413dd58ef424eb0399e13e6b369eac5208a65a3,useful,True,True
r1-vendors8-kasada-twitch-auto,vendors8,kasada-twitch,1,auto,0,2,True,6.7208254,6.7208029,200,thin,browser,emulated,False,response,True,1,b2b4057c4b6e24dd71acbf018413dd58ef424eb0399e13e6b369eac5208a65a3,useful,True,True
r1-vendors8-kasada-twitch-auto,vendors8,kasada-twitch,1,auto,0,3,True,1.7269999999999999,1.7269788,200,thin,browser,emulated,False,response,True,1,6e5f874039260d0bc6399fd49b088859afe8c6cac6f9b04e4e86338aa6c4033f,useful,True,True
r1-vendors8-kasada-twitch-native,vendors8,kasada-twitch,1,native,1,1,True,12.7106337,12.7106129,200,thin,warm,native,False,response,True,1,bfdf809053e03dc692b215b68c8e864ceacdb5863e60102e2cf4adb968e757ab,useful,True,True
r1-vendors8-kasada-twitch-native,vendors8,kasada-twitch,1,native,1,2,True,1.8248400999999999,1.824819,200,thin,warm,native,False,response,True,1,de669b0cf6e08ed42c3dd1f2e85e6b5f287a006320b8f906e856c5a7e0b6f72b,useful,True,True
r1-vendors8-kasada-twitch-native,vendors8,kasada-twitch,1,native,1,3,True,3.1340225,3.1340069,200,thin,warm,native,False,response,True,1,bfdf809053e03dc692b215b68c8e864ceacdb5863e60102e2cf4adb968e757ab,useful,True,True
r1-public31-sedarplus-native,public31,sedarplus,1,native,0,1,True,27.779341,27.7793347,200,thin,warm,native,False,response,True,1,fa92ac797f8e6270926a47ce978d76fce472017f8461588276ef65ffb6ea492b,wall,False,False
r1-public31-sedarplus-native,public31,sedarplus,1,native,0,2,True,21.8970013,21.8969947,200,thin,warm,native,False,response,True,1,bd24d38c1772a47f6bdd322fa51bc504a0f495402c877c86059fdb0f82d985d1,wall,False,False
r1-public31-sedarplus-native,public31,sedarplus,1,native,0,3,True,21.8873077,21.8873017,200,thin,warm,native,False,response,True,1,b6f0e4207fada1c3cb548d37c65bd5903baac1106576303a43383d759f4c5696,wall,False,False
r1-public31-sedarplus-auto,public31,sedarplus,1,auto,1,1,True,0.6596808,0.6596732,200,full,http,emulated,False,response,True,1,86cc88c59d74bf3997c08c33bab3f891d96d55deb9da54ec5d83690a5576519d,useful,True,True
r1-public31-sedarplus-auto,public31,sedarplus,1,auto,1,2,True,0.8213013,0.821295,200,full,http,emulated,False,response,True,1,86cc88c59d74bf3997c08c33bab3f891d96d55deb9da54ec5d83690a5576519d,useful,True,True
r1-public31-sedarplus-auto,public31,sedarplus,1,auto,1,3,True,1.0005964,1.0005901,200,full,http,emulated,False,response,True,1,86cc88c59d74bf3997c08c33bab3f891d96d55deb9da54ec5d83690a5576519d,useful,True,True
r1-hard12-nowsecure-auto,hard12,nowsecure,1,auto,0,1,True,4.0530862,4.0530773,200,thin,browser,emulated,False,response,True,1,f48402c8e452204b8ccadc105ec7bb61bd971e066fa27978cc4f843804b78b5a,diagnostic-only,False,False
r1-hard12-nowsecure-auto,hard12,nowsecure,1,auto,0,2,True,3.7999467,3.7999403000000003,200,thin,browser,emulated,False,response,True,1,f48402c8e452204b8ccadc105ec7bb61bd971e066fa27978cc4f843804b78b5a,diagnostic-only,False,False
r1-hard12-nowsecure-auto,hard12,nowsecure,1,auto,0,3,True,3.058075,3.0580697,200,thin,browser,emulated,False,response,True,1,f48402c8e452204b8ccadc105ec7bb61bd971e066fa27978cc4f843804b78b5a,diagnostic-only,False,False
r1-hard12-nowsecure-native,hard12,nowsecure,1,native,1,1,True,24.0355294,24.0355214,200,thin,warm,native,False,response,True,1,f48402c8e452204b8ccadc105ec7bb61bd971e066fa27978cc4f843804b78b5a,diagnostic-only,False,False
r1-hard12-nowsecure-native,hard12,nowsecure,1,native,1,2,True,27.9900668,27.9900603,200,thin,warm,native,False,response,True,1,f48402c8e452204b8ccadc105ec7bb61bd971e066fa27978cc4f843804b78b5a,diagnostic-only,False,False
r1-hard12-nowsecure-native,hard12,nowsecure,1,native,1,3,True,40.0693479,40.0693413,200,thin,warm,native,False,response,True,1,f48402c8e452204b8ccadc105ec7bb61bd971e066fa27978cc4f843804b78b5a,diagnostic-only,False,False
r1-public31-bot-incolumitas-auto,public31,bot-incolumitas,1,auto,0,1,True,0.8178057,0.8177981,200,full,http,emulated,False,response,True,1,c8171629aae01e2c3a2c33c5ddbf2a8d7a30c154d665252896b00b479707409a,diagnostic-only,False,False
r1-public31-bot-incolumitas-auto,public31,bot-incolumitas,1,auto,0,2,True,0.3830978,0.3830889,200,full,http,emulated,False,response,True,1,c8171629aae01e2c3a2c33c5ddbf2a8d7a30c154d665252896b00b479707409a,diagnostic-only,False,False
r1-public31-bot-incolumitas-auto,public31,bot-incolumitas,1,auto,0,3,True,0.9978982,0.9978913,200,full,http,emulated,False,response,True,1,c8171629aae01e2c3a2c33c5ddbf2a8d7a30c154d665252896b00b479707409a,diagnostic-only,False,False
r1-public31-bot-incolumitas-native,public31,bot-incolumitas,1,native,1,1,True,4.2150672,4.2150392,200,full,warm,native,False,response,True,1,f7e69e0fc0462db1021a8d23ed2877b71bd3bc089bd5a4e31d1ce9e6a057b333,diagnostic-only,False,False
r1-public31-bot-incolumitas-native,public31,bot-incolumitas,1,native,1,2,True,2.1635892,2.1635609000000002,200,full,warm,native,False,response,True,1,1e7b68f92cd91560f2a6093613d35bbed74040b3d3fa0df36433c635f05a5b36,diagnostic-only,False,False
r1-public31-bot-incolumitas-native,public31,bot-incolumitas,1,native,1,3,True,2.3118933999999998,2.3118657000000002,200,full,warm,native,False,response,True,1,f54fb64e703852f5696391b89f75fd9fe29c9b99dc56930fc3747059181ee103,diagnostic-only,False,False
r1-hard12-amazon-native,hard12,amazon,1,native,0,1,True,3.6837483,3.6836774,200,thin,warm,native,False,response,True,1,a7f7a558c22b3a2d9beaa5ea08f267a2ba1403f02e57ed828b12592fa5f2996e,useful,True,True
r1-hard12-amazon-native,hard12,amazon,1,native,0,2,False,0.0001491,0.0001475,0,,,,False,local_deferral,True,1,942988624b387ded52da63d60894ad643a250ae021a3615a4c9903e9a0899433,unavailable,False,False
r1-hard12-amazon-native,hard12,amazon,1,native,0,3,False,7.68e-05,7.55e-05,0,,,,False,local_deferral,True,1,942988624b387ded52da63d60894ad643a250ae021a3615a4c9903e9a0899433,unavailable,False,False
r1-hard12-amazon-auto,hard12,amazon,1,auto,1,1,False,0.0020305,0.0020241,0,,,,False,local_deferral,True,1,942988624b387ded52da63d60894ad643a250ae021a3615a4c9903e9a0899433,unavailable,False,False
r1-hard12-amazon-auto,hard12,amazon,1,auto,1,2,False,8.85e-05,8.71e-05,0,,,,False,local_deferral,True,1,942988624b387ded52da63d60894ad643a250ae021a3615a4c9903e9a0899433,unavailable,False,False
r1-hard12-amazon-auto,hard12,amazon,1,auto,1,3,False,6.58e-05,6.44e-05,0,,,,False,local_deferral,True,1,942988624b387ded52da63d60894ad643a250ae021a3615a4c9903e9a0899433,unavailable,False,False
r1-public31-tls-peet-auto,public31,tls-peet,1,auto,0,1,True,0.4879887,0.4879743,200,thin,http,emulated,False,response,True,1,0e49d5fef3bb33e7d6a93ac0b12e1727322b4622fad2545f54cbc5c3c854d5c5,diagnostic-only,False,False
r1-public31-tls-peet-auto,public31,tls-peet,1,auto,0,2,True,0.7575567,0.7575502,200,thin,http,emulated,False,response,True,1,9c1e6deb3e8ec3bcb49064ffc75d6f01c9a5e0149ca61bba0eb3178f11d48a52,diagnostic-only,False,False
r1-public31-tls-peet-auto,public31,tls-peet,1,auto,0,3,True,1.0174795,1.0174738,200,thin,http,emulated,False,response,True,1,a813a2f71b3a0737a267cee4d198c09dff44f237060fc1bcb66e11dee9f767a3,diagnostic-only,False,False
r1-public31-tls-peet-native,public31,tls-peet,1,native,1,1,True,7.9159714,7.9159617,200,thin,warm,native,False,response,True,1,c63601f94e582ce6b5489829a3e2300daa7c3b99cfe28c0800e34d8256bb7e13,diagnostic-only,False,False
r1-public31-tls-peet-native,public31,tls-peet,1,native,1,2,True,1.4822389,1.4822304,200,thin,warm,native,False,response,True,1,fc882f33d9e19e5dcd1da6a3d90cc850700228cd7e591c6f194936299f341050,diagnostic-only,False,False
r1-public31-tls-peet-native,public31,tls-peet,1,native,1,3,True,2.1560852,2.15608,200,thin,warm,native,False,response,True,1,182aebf7dffdb17e7af4d109cfd9d4002cd53f1cf6c948eec5dedbbf6f4a2ffc,diagnostic-only,False,False
r1-public31-github-explore-auto,public31,github-explore,1,auto,0,1,True,1.7023190000000001,1.7023085999999998,200,thin,http,emulated,False,response,True,1,97828fb6245812a1ebf18b6204fe1579a7e1af45827f3edc756fb4bd2db8e7e3,partial,False,False
r1-public31-github-explore-auto,public31,github-explore,1,auto,0,2,True,0.0873677,0.0873584,200,thin,http,emulated,False,response,True,1,97828fb6245812a1ebf18b6204fe1579a7e1af45827f3edc756fb4bd2db8e7e3,partial,False,False
r1-public31-github-explore-auto,public31,github-explore,1,auto,0,3,True,1.0502083,1.0501976,200,thin,http,emulated,False,response,True,1,97828fb6245812a1ebf18b6204fe1579a7e1af45827f3edc756fb4bd2db8e7e3,partial,False,False
r1-public31-github-explore-native,public31,github-explore,1,native,1,1,True,9.8747164,9.8747089,200,thin,warm,native,False,response,True,1,97828fb6245812a1ebf18b6204fe1579a7e1af45827f3edc756fb4bd2db8e7e3,partial,False,False
r1-public31-github-explore-native,public31,github-explore,1,native,1,2,True,2.0104582,2.0104508,200,thin,warm,native,False,response,True,1,58018f3a9814b754c42a0d819aef3de8396965bd2e45d9b21b729879db2ca5ed,partial,False,False
r1-public31-github-explore-native,public31,github-explore,1,native,1,3,True,2.565906,2.5658918,200,thin,warm,native,False,response,True,1,58018f3a9814b754c42a0d819aef3de8396965bd2e45d9b21b729879db2ca5ed,partial,False,False
r1-hard12-stackoverflow-auto,hard12,stackoverflow,1,auto,0,1,True,11.7800907,11.7800771,200,thin,real,emulated,False,response,True,1,60e55fc10ee1c2ef55e3c33504b4b10b93be7922ab11d53cb6bdee1b5d64a135,useful,True,True
r1-hard12-stackoverflow-auto,hard12,stackoverflow,1,auto,0,2,True,8.5447131,8.544698499999999,200,thin,real,emulated,False,response,True,1,60e55fc10ee1c2ef55e3c33504b4b10b93be7922ab11d53cb6bdee1b5d64a135,useful,True,True
r1-hard12-stackoverflow-auto,hard12,stackoverflow,1,auto,0,3,True,9.8555545,9.8555457,200,thin,stealth,emulated,False,response,True,1,60e55fc10ee1c2ef55e3c33504b4b10b93be7922ab11d53cb6bdee1b5d64a135,useful,True,True
r1-hard12-stackoverflow-native,hard12,stackoverflow,1,native,1,1,False,30.9040128,30.9040066,200,,warm,native,False,wall_or_error,True,1,fc1ad95a5b914816cb46dd8073d4c10a54358a452fe7630b9087e01b9c8487a5,wall,False,False
r1-hard12-stackoverflow-native,hard12,stackoverflow,1,native,1,2,True,21.2421863,21.2421747,200,thin,warm,native,False,response,True,1,60e55fc10ee1c2ef55e3c33504b4b10b93be7922ab11d53cb6bdee1b5d64a135,useful,True,True
r1-hard12-stackoverflow-native,hard12,stackoverflow,1,native,1,3,True,1.9309479,1.9309368,200,thin,warm,native,False,response,True,1,60e55fc10ee1c2ef55e3c33504b4b10b93be7922ab11d53cb6bdee1b5d64a135,useful,True,True
r1-public31-instagram-post-auto,public31,instagram-post,1,auto,0,1,True,3.6905878,3.690579,200,thin,browser,emulated,False,response,True,1,1fca0289753eb2981bff32b44504848c2a8cbcf4eabc802456a77ceebc40f6c6,unavailable,False,False
r1-public31-instagram-post-auto,public31,instagram-post,1,auto,0,2,True,3.0453465,3.0453407,200,thin,browser,emulated,False,response,True,1,1fca0289753eb2981bff32b44504848c2a8cbcf4eabc802456a77ceebc40f6c6,unavailable,False,False
r1-public31-instagram-post-auto,public31,instagram-post,1,auto,0,3,True,1.8427668000000001,1.8427625,200,thin,browser,emulated,False,response,True,1,1fca0289753eb2981bff32b44504848c2a8cbcf4eabc802456a77ceebc40f6c6,unavailable,False,False
r1-public31-instagram-post-native,public31,instagram-post,1,native,1,1,True,29.2889772,29.2889706,200,thin,warm,native,False,response,True,1,c9c3513873c0b4dafe628724ebb8b71d3ce807031dbc8a71f05974bcefc0a1b1,unavailable,False,False
r1-public31-instagram-post-native,public31,instagram-post,1,native,1,2,True,22.6726908,22.6726835,200,thin,warm,native,False,response,True,1,c9c3513873c0b4dafe628724ebb8b71d3ce807031dbc8a71f05974bcefc0a1b1,unavailable,False,False
r1-public31-instagram-post-native,public31,instagram-post,1,native,1,3,True,22.7923924,22.7923874,200,thin,warm,native,False,response,True,1,c9c3513873c0b4dafe628724ebb8b71d3ce807031dbc8a71f05974bcefc0a1b1,unavailable,False,False
r1-public31-booking-search-auto,public31,booking-search,1,auto,0,1,True,8.6519119,8.6518959,200,thin,stealth,emulated,False,response,True,1,f5be3998ac31ac583ce15d9f3f12455759be8f513e97e3d5bc5286549b9a0de4,useful,True,True
r1-public31-booking-search-auto,public31,booking-search,1,auto,0,2,True,4.8565995,4.8565862,200,thin,browser,emulated,False,response,True,1,f5be3998ac31ac583ce15d9f3f12455759be8f513e97e3d5bc5286549b9a0de4,useful,True,True
r1-public31-booking-search-auto,public31,booking-search,1,auto,0,3,True,3.4688499,3.4688354,200,thin,browser,emulated,False,response,True,1,f5be3998ac31ac583ce15d9f3f12455759be8f513e97e3d5bc5286549b9a0de4,useful,True,True
r1-public31-booking-search-native,public31,booking-search,1,native,1,1,True,12.9200061,12.9199875,200,thin,warm,native,False,response,True,1,a1dbb77f63a76051cf5c8791b109da5d4ef924c293fc50014493defbfd76419b,useful,True,True
r1-public31-booking-search-native,public31,booking-search,1,native,1,2,True,3.0287614,3.0287547,200,thin,warm,native,False,response,True,1,2f177e7ed23561fe26aa18782c057e98006d12c57bd2f8b2fc946e38bddba5aa,useful,True,True
r1-public31-booking-search-native,public31,booking-search,1,native,1,3,True,3.4670097,3.4670024,200,thin,warm,native,False,response,True,1,2f177e7ed23561fe26aa18782c057e98006d12c57bd2f8b2fc946e38bddba5aa,useful,True,True
r1-public31-nowsecure-cf-auto,public31,nowsecure-cf,1,auto,0,1,False,0.0023951,0.0023875,0,,,,False,local_deferral,True,1,c45390d7e139beb7fb13eee4aae6bb6f457168a8fff9db485f56e1756f60df8d,unavailable,False,False
r1-public31-nowsecure-cf-auto,public31,nowsecure-cf,1,auto,0,2,False,0.0001195,0.0001176,0,,,,False,local_deferral,True,1,c45390d7e139beb7fb13eee4aae6bb6f457168a8fff9db485f56e1756f60df8d,unavailable,False,False
r1-public31-nowsecure-cf-auto,public31,nowsecure-cf,1,auto,0,3,False,7.17e-05,7.05e-05,0,,,,False,local_deferral,True,1,c45390d7e139beb7fb13eee4aae6bb6f457168a8fff9db485f56e1756f60df8d,unavailable,False,False
r1-public31-nowsecure-cf-native,public31,nowsecure-cf,1,native,1,1,False,0.0019452,0.001937,0,,,,False,local_deferral,True,1,c45390d7e139beb7fb13eee4aae6bb6f457168a8fff9db485f56e1756f60df8d,unavailable,False,False
r1-public31-nowsecure-cf-native,public31,nowsecure-cf,1,native,1,2,False,9.12e-05,8.98e-05,0,,,,False,local_deferral,True,1,c45390d7e139beb7fb13eee4aae6bb6f457168a8fff9db485f56e1756f60df8d,unavailable,False,False
r1-public31-nowsecure-cf-native,public31,nowsecure-cf,1,native,1,3,False,7.67e-05,7.56e-05,0,,,,False,local_deferral,True,1,c45390d7e139beb7fb13eee4aae6bb6f457168a8fff9db485f56e1756f60df8d,unavailable,False,False
r1-public31-google-search-native,public31,google-search,1,native,0,1,True,10.4670545,10.4670445,200,thin,warm,native,False,response,True,1,4fa2ce66a2a6c6db8f814de8d4a2632dc53dda73a3e0b7b51103c051531b2627,partial,False,False
r1-public31-google-search-native,public31,google-search,1,native,0,2,True,2.6242267999999997,2.6242172999999998,200,thin,warm,native,False,response,True,1,cc21eb2f3bcf7c11bc27a91c0966bde296f24f6efb37135cfd79ba153a47764a,partial,False,False
r1-public31-google-search-native,public31,google-search,1,native,0,3,True,2.8360804,2.8360725,200,thin,warm,native,False,response,True,1,691c90880f50162175ccad7ba24a687a5858aefaba34447250c2eafa79655403,partial,False,False
r1-public31-google-search-auto,public31,google-search,1,auto,1,1,True,5.2561097,5.2560953,200,thin,browser,emulated,False,response,True,1,1a208dfafe9d99eb4776201f4dbbd343d5b6f4ab976374d5076cc0635adb3dac,partial,False,False
r1-public31-google-search-auto,public31,google-search,1,auto,1,2,True,5.2514618,5.2514532,200,thin,browser,emulated,False,response,True,1,a12ffaf8dd701dc2cbde8aec200c7f47ff82e0b09bb4361a0619d5db4d94d6f9,partial,False,False
r1-public31-google-search-auto,public31,google-search,1,auto,1,3,True,2.6551374,2.6551272,200,thin,browser,emulated,False,response,True,1,88957034388ba3edd611dbce5813832a1a379af63f38924b162d1f591c6da85e,partial,False,False
r1-hard12-hackernews-auto,hard12,hackernews,1,auto,0,1,True,0.3857613,0.3857528,200,thin,http,emulated,False,response,True,1,e8b42fba7b238bd736348aedd392dd381d82406b4dcfaf8eef0fdd50392a5df7,useful,True,True
r1-hard12-hackernews-auto,hard12,hackernews,1,auto,0,2,True,0.7242769,0.7242702,200,thin,http,emulated,False,response,True,1,e8b42fba7b238bd736348aedd392dd381d82406b4dcfaf8eef0fdd50392a5df7,useful,True,True
r1-hard12-hackernews-auto,hard12,hackernews,1,auto,0,3,True,1.0034345,1.0034287,200,thin,http,emulated,False,response,True,1,e8b42fba7b238bd736348aedd392dd381d82406b4dcfaf8eef0fdd50392a5df7,useful,True,True
r1-hard12-hackernews-native,hard12,hackernews,1,native,1,1,True,2.413844,2.4138195,200,thin,warm,native,False,response,True,1,e8b42fba7b238bd736348aedd392dd381d82406b4dcfaf8eef0fdd50392a5df7,useful,True,True
r1-hard12-hackernews-native,hard12,hackernews,1,native,1,2,True,1.4340773,1.4340568,200,thin,warm,native,False,response,True,1,e8b42fba7b238bd736348aedd392dd381d82406b4dcfaf8eef0fdd50392a5df7,useful,True,True
r1-hard12-hackernews-native,hard12,hackernews,1,native,1,3,True,1.4307625,1.4307271,200,thin,warm,native,False,response,True,1,e8b42fba7b238bd736348aedd392dd381d82406b4dcfaf8eef0fdd50392a5df7,useful,True,True
r1-public31-browserleaks-tls-native,public31,browserleaks-tls,1,native,0,1,True,7.3392258,7.3392187,200,thin,warm,native,False,response,True,1,80e19363a9f8aae173d3c17bfdbcc2c23aa60fea2fb06abd092561acc5217e44,diagnostic-only,False,False
r1-public31-browserleaks-tls-native,public31,browserleaks-tls,1,native,0,2,True,1.4838263999999999,1.4838223,200,thin,warm,native,False,response,True,1,80e19363a9f8aae173d3c17bfdbcc2c23aa60fea2fb06abd092561acc5217e44,diagnostic-only,False,False
r1-public31-browserleaks-tls-native,public31,browserleaks-tls,1,native,0,3,True,2.0390931,2.0390876000000002,200,thin,warm,native,False,response,True,1,80e19363a9f8aae173d3c17bfdbcc2c23aa60fea2fb06abd092561acc5217e44,diagnostic-only,False,False
r1-public31-browserleaks-tls-auto,public31,browserleaks-tls,1,auto,1,1,True,0.4225599,0.4225508,200,thin,http,emulated,False,response,True,1,4317324fc3c7d83964db06d93b4f5d961df165270b42b26a241794b24f2266ad,diagnostic-only,False,False
r1-public31-browserleaks-tls-auto,public31,browserleaks-tls,1,auto,1,2,True,0.8043758,0.80437,200,thin,http,emulated,False,response,True,1,0a0d727be17b82ef93f4736ebdfa796e7ec01c90eb8de28366f68c4e205d71f7,diagnostic-only,False,False
r1-public31-browserleaks-tls-auto,public31,browserleaks-tls,1,auto,1,3,True,1.0024974,1.0024856,200,thin,http,emulated,False,response,True,1,a6bdfbd425429df9bdf3ec0638ccb0f3fa57a421a560be149ddde7375994daad,diagnostic-only,False,False
r1-public31-x-explore-native,public31,x-explore,1,native,0,1,False,31.4059235,31.4059152,200,,warm,native,False,wall_or_error,True,1,5c66dcd5389e5bb95cc52f5dce4bfa7fdbb04bd20cf513fa8c05d685d79be04b,wall,False,False
r1-public31-x-explore-native,public31,x-explore,1,native,0,2,False,23.2669983,23.2669925,200,,warm,native,False,wall_or_error,True,1,5c66dcd5389e5bb95cc52f5dce4bfa7fdbb04bd20cf513fa8c05d685d79be04b,wall,False,False
r1-public31-x-explore-native,public31,x-explore,1,native,0,3,False,39.560784,39.5607788,200,,warm,native,False,wall_or_error,True,1,5c66dcd5389e5bb95cc52f5dce4bfa7fdbb04bd20cf513fa8c05d685d79be04b,wall,False,False
r1-public31-x-explore-auto,public31,x-explore,1,auto,1,1,False,0.0019051,0.0018985,0,,,,False,local_deferral,True,1,f60c72d66c18a139838d490bb561bd82c4f7d966869407d24e08cd557ece2b8e,unavailable,False,False
r1-public31-x-explore-auto,public31,x-explore,1,auto,1,2,False,8.94e-05,8.74e-05,0,,,,False,local_deferral,True,1,f60c72d66c18a139838d490bb561bd82c4f7d966869407d24e08cd557ece2b8e,unavailable,False,False
r1-public31-x-explore-auto,public31,x-explore,1,auto,1,3,False,7.97e-05,7.87e-05,0,,,,False,local_deferral,True,1,f60c72d66c18a139838d490bb561bd82c4f7d966869407d24e08cd557ece2b8e,unavailable,False,False
r1-vendors8-cloudflare-crunchbase-native,vendors8,cloudflare-crunchbase,1,native,0,1,True,6.9531127,6.9531036,200,thin,warm,native,False,response,True,1,0399041825e813c8a8bbf0df14b4c370cb40d7763f621ac5db6af66fcbe14ee9,useful,True,True
r1-vendors8-cloudflare-crunchbase-native,vendors8,cloudflare-crunchbase,1,native,0,2,True,3.9098922,3.9098737999999997,200,thin,warm,native,False,response,True,1,0399041825e813c8a8bbf0df14b4c370cb40d7763f621ac5db6af66fcbe14ee9,useful,True,True
r1-vendors8-cloudflare-crunchbase-native,vendors8,cloudflare-crunchbase,1,native,0,3,False,0.0001541,0.0001528,0,,,,False,local_deferral,True,1,1244029dff925f904d364bb3a8306944c2da4a587916d9579decde8d707063cf,unavailable,False,False
r1-vendors8-cloudflare-crunchbase-auto,vendors8,cloudflare-crunchbase,1,auto,1,1,False,0.0019422,0.0019356,0,,,,False,local_deferral,True,1,1244029dff925f904d364bb3a8306944c2da4a587916d9579decde8d707063cf,unavailable,False,False
r1-vendors8-cloudflare-crunchbase-auto,vendors8,cloudflare-crunchbase,1,auto,1,2,False,8.86e-05,8.73e-05,0,,,,False,local_deferral,True,1,1244029dff925f904d364bb3a8306944c2da4a587916d9579decde8d707063cf,unavailable,False,False
r1-vendors8-cloudflare-crunchbase-auto,vendors8,cloudflare-crunchbase,1,auto,1,3,False,8.23e-05,8.11e-05,0,,,,False,local_deferral,True,1,1244029dff925f904d364bb3a8306944c2da4a587916d9579decde8d707063cf,unavailable,False,False
r1-public31-stackoverflow-native,public31,stackoverflow,1,native,0,1,True,2.4934419,2.4934298999999998,200,partial,warm,native,False,response,True,1,3617497da9b46bbd8068484602b1c494bf6ffaea6644b7d7766b4b3c9bd57e99,useful,True,True
r1-public31-stackoverflow-native,public31,stackoverflow,1,native,0,2,True,1.9280197000000001,1.9280125,200,partial,warm,native,False,response,True,1,05cfc3d02edb6d1e4f72fba71e922e5c860ccaf565d5793b24f05e0d890ab0cd,useful,True,True
r1-public31-stackoverflow-native,public31,stackoverflow,1,native,0,3,True,3.5658935,3.5658830999999998,200,partial,warm,native,False,response,True,1,05cfc3d02edb6d1e4f72fba71e922e5c860ccaf565d5793b24f05e0d890ab0cd,useful,True,True
r1-public31-stackoverflow-auto,public31,stackoverflow,1,auto,1,1,True,12.7675604,12.7675469,200,partial,stealth,emulated,False,response,True,1,05cfc3d02edb6d1e4f72fba71e922e5c860ccaf565d5793b24f05e0d890ab0cd,useful,True,True
r1-public31-stackoverflow-auto,public31,stackoverflow,1,auto,1,2,True,6.2633509,6.2633375000000004,200,partial,stealth,emulated,False,response,True,1,05cfc3d02edb6d1e4f72fba71e922e5c860ccaf565d5793b24f05e0d890ab0cd,useful,True,True
r1-public31-stackoverflow-auto,public31,stackoverflow,1,auto,1,3,True,7.1113758,7.1113682,200,partial,stealth,emulated,False,response,True,1,05cfc3d02edb6d1e4f72fba71e922e5c860ccaf565d5793b24f05e0d890ab0cd,useful,True,True
r1-vendors8-kasada-hyatt-native,vendors8,kasada-hyatt,1,native,0,1,False,56.1219103,56.1219022,200,,warm,native,False,wall_or_error,True,1,582e789eea74ff60ae137b77e961b00fb3d6eed4b091770ca719fb8b48c2af62,unavailable,False,False
r1-vendors8-kasada-hyatt-native,vendors8,kasada-hyatt,1,native,0,2,False,53.4207724,53.4207683,200,,warm,native,False,wall_or_error,True,1,582e789eea74ff60ae137b77e961b00fb3d6eed4b091770ca719fb8b48c2af62,unavailable,False,False
r1-vendors8-kasada-hyatt-native,vendors8,kasada-hyatt,1,native,0,3,False,52.993077,52.993072,200,,warm,native,False,wall_or_error,True,1,582e789eea74ff60ae137b77e961b00fb3d6eed4b091770ca719fb8b48c2af62,unavailable,False,False
r1-vendors8-kasada-hyatt-auto,vendors8,kasada-hyatt,1,auto,1,1,False,0.2267761,0.2267697,429,,http,emulated,False,wall_or_error,True,1,d9bb9a6d0d03402b2541c4c4e570192cd093e2574705f963dd1df740588e18ce,unavailable,False,False
r1-vendors8-kasada-hyatt-auto,vendors8,kasada-hyatt,1,auto,1,2,False,0.0002039,0.0002029,0,,,,False,local_deferral,True,1,dabbaad9d533765176977299dde83391a78dcf5f1a09dfc7d6a775b522e5d832,unavailable,False,False
r1-vendors8-kasada-hyatt-auto,vendors8,kasada-hyatt,1,auto,1,3,False,0.0001488,0.0001477,0,,,,False,local_deferral,True,1,dabbaad9d533765176977299dde83391a78dcf5f1a09dfc7d6a775b522e5d832,unavailable,False,False
r1-public31-creepjs-native,public31,creepjs,1,native,0,1,True,7.5949862,7.5949782,200,full,warm,native,False,response,True,1,ed61b53b0992ba42ea21adf916248068e97d405c2de360d63106abd9ff4fc018,diagnostic-only,False,False
r1-public31-creepjs-native,public31,creepjs,1,native,0,2,True,1.5693659,1.56936,200,full,warm,native,False,response,True,1,ed61b53b0992ba42ea21adf916248068e97d405c2de360d63106abd9ff4fc018,diagnostic-only,False,False
r1-public31-creepjs-native,public31,creepjs,1,native,0,3,True,2.0577981,2.0577913,200,full,warm,native,False,response,True,1,ed61b53b0992ba42ea21adf916248068e97d405c2de360d63106abd9ff4fc018,diagnostic-only,False,False
r1-public31-creepjs-auto,public31,creepjs,1,auto,1,1,True,0.0862538,0.0862471,200,full,http,emulated,False,response,True,1,ed61b53b0992ba42ea21adf916248068e97d405c2de360d63106abd9ff4fc018,diagnostic-only,False,False
r1-public31-creepjs-auto,public31,creepjs,1,auto,1,2,True,0.9516453,0.9516403,200,full,http,emulated,False,response,True,1,ed61b53b0992ba42ea21adf916248068e97d405c2de360d63106abd9ff4fc018,diagnostic-only,False,False
r1-public31-creepjs-auto,public31,creepjs,1,auto,1,3,True,1.0023425,1.0023373,200,full,http,emulated,False,response,True,1,ed61b53b0992ba42ea21adf916248068e97d405c2de360d63106abd9ff4fc018,diagnostic-only,False,False
r1-hard12-crunchbase-auto,hard12,crunchbase,1,auto,0,1,False,0.001901,0.0018948,0,,,,False,local_deferral,True,1,741a693abfa635a5f3ddad57491e3b8aff1b6c8062a905dd09a88b1271fbd91b,unavailable,False,False
r1-hard12-crunchbase-auto,hard12,crunchbase,1,auto,0,2,False,0.0001075,0.0001062,0,,,,False,local_deferral,True,1,741a693abfa635a5f3ddad57491e3b8aff1b6c8062a905dd09a88b1271fbd91b,unavailable,False,False
r1-hard12-crunchbase-auto,hard12,crunchbase,1,auto,0,3,False,7.02e-05,6.92e-05,0,,,,False,local_deferral,True,1,741a693abfa635a5f3ddad57491e3b8aff1b6c8062a905dd09a88b1271fbd91b,unavailable,False,False
r1-hard12-crunchbase-native,hard12,crunchbase,1,native,1,1,False,0.0018448,0.0018386,0,,,,False,local_deferral,True,1,741a693abfa635a5f3ddad57491e3b8aff1b6c8062a905dd09a88b1271fbd91b,unavailable,False,False
r1-hard12-crunchbase-native,hard12,crunchbase,1,native,1,2,False,8.14e-05,8e-05,0,,,,False,local_deferral,True,1,741a693abfa635a5f3ddad57491e3b8aff1b6c8062a905dd09a88b1271fbd91b,unavailable,False,False
r1-hard12-crunchbase-native,hard12,crunchbase,1,native,1,3,False,6.46e-05,6.32e-05,0,,,,False,local_deferral,True,1,741a693abfa635a5f3ddad57491e3b8aff1b6c8062a905dd09a88b1271fbd91b,unavailable,False,False
r1-hard12-example-native,hard12,example,1,native,0,1,True,22.7560296,22.7560227,200,thin,warm,native,False,response,True,1,7a5d955914cbd88734d88d9d6a43bcf1c4cdfe8fd2ebd014f44522ca1e6f35a6,useful,True,True
r1-hard12-example-native,hard12,example,1,native,0,2,True,21.8500654,21.8500597,200,thin,warm,native,False,response,True,1,7a5d955914cbd88734d88d9d6a43bcf1c4cdfe8fd2ebd014f44522ca1e6f35a6,useful,True,True
r1-hard12-example-native,hard12,example,1,native,0,3,True,21.9088561,21.9088499,200,thin,warm,native,False,response,True,1,7a5d955914cbd88734d88d9d6a43bcf1c4cdfe8fd2ebd014f44522ca1e6f35a6,useful,True,True
r1-hard12-example-auto,hard12,example,1,auto,1,1,True,0.2035797,0.2035723,200,thin,http,emulated,False,response,True,1,7a5d955914cbd88734d88d9d6a43bcf1c4cdfe8fd2ebd014f44522ca1e6f35a6,useful,True,True
r1-hard12-example-auto,hard12,example,1,auto,1,2,True,0.878829,0.8788241,200,thin,http,emulated,False,response,True,1,7a5d955914cbd88734d88d9d6a43bcf1c4cdfe8fd2ebd014f44522ca1e6f35a6,useful,True,True
r1-hard12-example-auto,hard12,example,1,auto,1,3,True,0.9807491,0.9807443,200,thin,http,emulated,False,response,True,1,7a5d955914cbd88734d88d9d6a43bcf1c4cdfe8fd2ebd014f44522ca1e6f35a6,useful,True,True
r2-vendors8-kasada-hyatt-auto,vendors8,kasada-hyatt,2,auto,0,1,False,0.0018104,0.0018032,0,,,,False,local_deferral,True,1,dabbaad9d533765176977299dde83391a78dcf5f1a09dfc7d6a775b522e5d832,unavailable,False,False
r2-vendors8-kasada-hyatt-auto,vendors8,kasada-hyatt,2,auto,0,2,False,0.0002293,0.0002277,0,,,,False,local_deferral,True,1,dabbaad9d533765176977299dde83391a78dcf5f1a09dfc7d6a775b522e5d832,unavailable,False,False
r2-vendors8-kasada-hyatt-auto,vendors8,kasada-hyatt,2,auto,0,3,False,0.0001909,0.0001896,0,,,,False,local_deferral,True,1,dabbaad9d533765176977299dde83391a78dcf5f1a09dfc7d6a775b522e5d832,unavailable,False,False
r2-vendors8-kasada-hyatt-native,vendors8,kasada-hyatt,2,native,1,1,False,0.0019283,0.0019225,0,,,,False,local_deferral,True,1,dabbaad9d533765176977299dde83391a78dcf5f1a09dfc7d6a775b522e5d832,unavailable,False,False
r2-vendors8-kasada-hyatt-native,vendors8,kasada-hyatt,2,native,1,2,False,0.0001573,0.0001562,0,,,,False,local_deferral,True,1,dabbaad9d533765176977299dde83391a78dcf5f1a09dfc7d6a775b522e5d832,unavailable,False,False
r2-vendors8-kasada-hyatt-native,vendors8,kasada-hyatt,2,native,1,3,False,0.0001465,0.0001451,0,,,,False,local_deferral,True,1,dabbaad9d533765176977299dde83391a78dcf5f1a09dfc7d6a775b522e5d832,unavailable,False,False
r2-public31-sannysoft-native,public31,sannysoft,2,native,0,1,True,4.4328926,4.4328652,200,thin,warm,native,False,response,True,1,481f9021da8cabc651ab9d733828c3e2f3e96ca102734a7da4c3a5eb21a52927,diagnostic-only,False,False
r2-public31-sannysoft-native,public31,sannysoft,2,native,0,2,True,1.7696424,1.7696227,200,thin,warm,native,False,response,True,1,66b4b0079414cfa8710148d06283c12a3adaf08100f1f4d4827b16a5b771ab6f,diagnostic-only,False,False
r2-public31-sannysoft-native,public31,sannysoft,2,native,0,3,True,1.8783229000000001,1.8783039000000001,200,thin,warm,native,False,response,True,1,51e103b744af03670f436ae498268f8dd6da232d90be7b3d4b731192ac3a953b,diagnostic-only,False,False
r2-public31-sannysoft-auto,public31,sannysoft,2,auto,1,1,True,0.4270742,0.4270666,200,thin,http,emulated,False,response,True,1,f2a7718171dd378e35ad7dc3cee8c9228dd267cbccf2d71eadd53cf99542a701,diagnostic-only,False,False
r2-public31-sannysoft-auto,public31,sannysoft,2,auto,1,2,True,0.6737324,0.6737263,200,thin,http,emulated,False,response,True,1,f2a7718171dd378e35ad7dc3cee8c9228dd267cbccf2d71eadd53cf99542a701,diagnostic-only,False,False
r2-public31-sannysoft-auto,public31,sannysoft,2,auto,1,3,True,1.0181725,1.018164,200,thin,http,emulated,False,response,True,1,f2a7718171dd378e35ad7dc3cee8c9228dd267cbccf2d71eadd53cf99542a701,diagnostic-only,False,False
r2-public31-ceo-ca-native,public31,ceo-ca,2,native,0,1,True,3.3895161,3.3895021,200,thin,warm,native,False,response,True,1,5d18a149c1cad95322d69629867556d1b31229bbc74451c31e6cf65da43fe7ad,useful,True,True
r2-public31-ceo-ca-native,public31,ceo-ca,2,native,0,2,True,1.8454082,1.8453925,200,thin,warm,native,False,response,True,1,5d18a149c1cad95322d69629867556d1b31229bbc74451c31e6cf65da43fe7ad,useful,True,True
r2-public31-ceo-ca-native,public31,ceo-ca,2,native,0,3,True,1.8541045999999999,1.8540906000000001,200,thin,warm,native,False,response,True,1,5d18a149c1cad95322d69629867556d1b31229bbc74451c31e6cf65da43fe7ad,useful,True,True
r2-public31-ceo-ca-auto,public31,ceo-ca,2,auto,1,1,True,4.7892558,4.789235,200,thin,browser,emulated,False,response,True,1,e54398e831cbda80842c0d4c5a7d67d2da09d663d03a6c0172b08292c8b9f085,useful,True,True
r2-public31-ceo-ca-auto,public31,ceo-ca,2,auto,1,2,True,2.0048101,2.0047958,200,thin,browser,emulated,False,response,True,1,e54398e831cbda80842c0d4c5a7d67d2da09d663d03a6c0172b08292c8b9f085,useful,True,True
r2-public31-ceo-ca-auto,public31,ceo-ca,2,auto,1,3,True,1.8229787,1.8229636,200,thin,browser,emulated,False,response,True,1,e54398e831cbda80842c0d4c5a7d67d2da09d663d03a6c0172b08292c8b9f085,useful,True,True
r2-public31-canadianinsider-native,public31,canadianinsider,2,native,0,1,True,10.2781113,10.2781032,200,thin,warm,native,False,response,True,1,a48a2267be7a1dc236b20b64d7816d3cd0cd1dd73e2f8f84d990f4b4688262a0,partial,False,False
r2-public31-canadianinsider-native,public31,canadianinsider,2,native,0,2,False,0.0001538,0.0001525,0,,,,False,local_deferral,True,1,4690065ddc9e1491b004905606e85e792ca22fe47edde83be556c0a740aa6801,unavailable,False,False
r2-public31-canadianinsider-native,public31,canadianinsider,2,native,0,3,False,7.48e-05,7.36e-05,0,,,,False,local_deferral,True,1,4690065ddc9e1491b004905606e85e792ca22fe47edde83be556c0a740aa6801,unavailable,False,False
r2-public31-canadianinsider-auto,public31,canadianinsider,2,auto,1,1,False,0.0015013,0.0014925,0,,,,False,local_deferral,True,1,4690065ddc9e1491b004905606e85e792ca22fe47edde83be556c0a740aa6801,unavailable,False,False
r2-public31-canadianinsider-auto,public31,canadianinsider,2,auto,1,2,False,8.36e-05,8.2e-05,0,,,,False,local_deferral,True,1,4690065ddc9e1491b004905606e85e792ca22fe47edde83be556c0a740aa6801,unavailable,False,False
r2-public31-canadianinsider-auto,public31,canadianinsider,2,auto,1,3,False,6.43e-05,6.32e-05,0,,,,False,local_deferral,True,1,4690065ddc9e1491b004905606e85e792ca22fe47edde83be556c0a740aa6801,unavailable,False,False
r2-public31-sedarplus-auto,public31,sedarplus,2,auto,0,1,True,0.7083327,0.7083254,200,full,http,emulated,False,response,True,1,86cc88c59d74bf3997c08c33bab3f891d96d55deb9da54ec5d83690a5576519d,useful,True,True
r2-public31-sedarplus-auto,public31,sedarplus,2,auto,0,2,True,0.7676988,0.7676935,200,full,http,emulated,False,response,True,1,86cc88c59d74bf3997c08c33bab3f891d96d55deb9da54ec5d83690a5576519d,useful,True,True
r2-public31-sedarplus-auto,public31,sedarplus,2,auto,0,3,True,1.0203636,1.0203581,200,full,http,emulated,False,response,True,1,86cc88c59d74bf3997c08c33bab3f891d96d55deb9da54ec5d83690a5576519d,useful,True,True
r2-public31-sedarplus-native,public31,sedarplus,2,native,1,1,True,22.7825356,22.7825291,200,thin,warm,native,False,response,True,1,3c03443ad1114f9c2bcfdad3f5ae81513be466b618b3f7f38c3a1d5eecb9f3f0,wall,False,False
r2-public31-sedarplus-native,public31,sedarplus,2,native,1,2,True,22.0936263,22.0936199,200,thin,warm,native,False,response,True,1,2bfb7abef5ab0f9a3155ba0fc1326cfbae28c2c7a11c3cb41545f609e05ddc9c,wall,False,False
r2-public31-sedarplus-native,public31,sedarplus,2,native,1,3,True,25.1479393,25.1479335,200,thin,warm,native,False,response,True,1,b3d8a0abd84feb5491622ad3c96b1939b16398a8aa68f94073e9aeee74a91206,wall,False,False
r2-public31-tls-peet-native,public31,tls-peet,2,native,0,1,True,1.9992155999999999,1.9992071999999999,200,thin,warm,native,False,response,True,1,0ec451701f3b4ff982f0b2c7b20b0e96430441b77acf6efa9d9452cb681df97e,diagnostic-only,False,False
r2-public31-tls-peet-native,public31,tls-peet,2,native,0,2,True,1.4694594,1.4694542,200,thin,warm,native,False,response,True,1,15ef379fe901666d392bb3fe6d65fbcf72d8c8837870749013e1120d0e61c22f,diagnostic-only,False,False
r2-public31-tls-peet-native,public31,tls-peet,2,native,0,3,True,1.4607953,1.4607897,200,thin,warm,native,False,response,True,1,f379d8b1444cc42eede788476ab66c813cc44de07ccc6346807eaeeb5634cfa6,diagnostic-only,False,False
r2-public31-tls-peet-auto,public31,tls-peet,2,auto,1,1,True,0.4893721,0.4893625,200,thin,http,emulated,False,response,True,1,d427b01f3ef88dc4b30df3ad89aaecbf9a9c31a777e34fcbdbce9cf0bb5e4140,diagnostic-only,False,False
r2-public31-tls-peet-auto,public31,tls-peet,2,auto,1,2,True,0.8945242,0.8945183,200,thin,http,emulated,False,response,True,1,93e86d1e5154952572da73f94cf78ad9131f4fbc4800f8e04c4374da1689682f,diagnostic-only,False,False
r2-public31-tls-peet-auto,public31,tls-peet,2,auto,1,3,True,0.9069899,0.9069808,200,thin,http,emulated,False,response,True,1,866e6c30c3e8754a810019863d56ad471f722d63d000acf98da7d206b37c891a,diagnostic-only,False,False
r2-public31-x-explore-auto,public31,x-explore,2,auto,0,1,False,0.0019147,0.0019082,0,,,,False,local_deferral,True,1,f60c72d66c18a139838d490bb561bd82c4f7d966869407d24e08cd557ece2b8e,unavailable,False,False
r2-public31-x-explore-auto,public31,x-explore,2,auto,0,2,False,8.27e-05,8.11e-05,0,,,,False,local_deferral,True,1,f60c72d66c18a139838d490bb561bd82c4f7d966869407d24e08cd557ece2b8e,unavailable,False,False
r2-public31-x-explore-auto,public31,x-explore,2,auto,0,3,False,6.27e-05,6.16e-05,0,,,,False,local_deferral,True,1,f60c72d66c18a139838d490bb561bd82c4f7d966869407d24e08cd557ece2b8e,unavailable,False,False
r2-public31-x-explore-native,public31,x-explore,2,native,1,1,False,0.0018999,0.001894,0,,,,False,local_deferral,True,1,f60c72d66c18a139838d490bb561bd82c4f7d966869407d24e08cd557ece2b8e,unavailable,False,False
r2-public31-x-explore-native,public31,x-explore,2,native,1,2,False,8.61e-05,8.45e-05,0,,,,False,local_deferral,True,1,f60c72d66c18a139838d490bb561bd82c4f7d966869407d24e08cd557ece2b8e,unavailable,False,False
r2-public31-x-explore-native,public31,x-explore,2,native,1,3,False,6.56e-05,6.45e-05,0,,,,False,local_deferral,True,1,f60c72d66c18a139838d490bb561bd82c4f7d966869407d24e08cd557ece2b8e,unavailable,False,False
r2-hard12-wikipedia-auto,hard12,wikipedia,2,auto,0,1,True,0.3181876,0.3178058,200,full,http,emulated,False,response,False,1,ec30726ca04dfa0339338e9d2f280634e16ea41708adecc016ff0215af3dcc42,useful,True,True
r2-hard12-wikipedia-auto,hard12,wikipedia,2,auto,0,2,True,0.8083497,0.8080377,200,full,http,emulated,False,response,False,1,ec30726ca04dfa0339338e9d2f280634e16ea41708adecc016ff0215af3dcc42,useful,True,True
r2-hard12-wikipedia-auto,hard12,wikipedia,2,auto,0,3,True,0.9923097,0.9919822,200,full,http,emulated,False,response,False,1,ec30726ca04dfa0339338e9d2f280634e16ea41708adecc016ff0215af3dcc42,useful,True,True
r2-hard12-wikipedia-native,hard12,wikipedia,2,native,1,1,True,2.0553243,2.054978,200,full,warm,native,False,response,False,1,748c74e535c1e07e70524cc0be0109378bec591ded8fc23cd2ff3f28fe5deb7a,useful,True,True
r2-hard12-wikipedia-native,hard12,wikipedia,2,native,1,2,True,1.6007017000000001,1.6003751,200,full,warm,native,False,response,False,1,748c74e535c1e07e70524cc0be0109378bec591ded8fc23cd2ff3f28fe5deb7a,useful,True,True
r2-hard12-wikipedia-native,hard12,wikipedia,2,native,1,3,True,1.6077842,1.6074832,200,full,warm,native,False,response,False,1,748c74e535c1e07e70524cc0be0109378bec591ded8fc23cd2ff3f28fe5deb7a,useful,True,True
r2-public31-google-search-auto,public31,google-search,2,auto,0,1,True,4.6452421,4.6452339,200,thin,browser,emulated,False,response,True,1,0014033da139e05a66e33f3e003158d740d8308207141a52592592b990bc21e5,partial,False,False
r2-public31-google-search-auto,public31,google-search,2,auto,0,2,True,2.8970485,2.8970404,200,thin,browser,emulated,False,response,True,1,30611cae556edf2d0efa62fb2588cbe144242eeaff504844c77b4614ea0238fe,partial,False,False
r2-public31-google-search-auto,public31,google-search,2,auto,0,3,True,2.3793669,2.3793573,200,thin,browser,emulated,False,response,True,1,139a4cdbd0bf463bc12a656215f6aca178a87aec1671fab6bf57ed9325f37c07,partial,False,False
r2-public31-google-search-native,public31,google-search,2,native,1,1,True,3.2425291,3.2425185,200,thin,warm,native,False,response,True,1,17a0aa0cc97b8246064d4458b0496e88837f25cc79e619c00cadb457580fa34d,partial,False,False
r2-public31-google-search-native,public31,google-search,2,native,1,2,True,2.446218,2.4462054,200,thin,warm,native,False,response,True,1,4a7b1af518e1719d5bf4e1f6c8c5f2a90813226f5fabaf7566542906a3960ab2,partial,False,False
r2-public31-google-search-native,public31,google-search,2,native,1,3,True,2.3388561,2.3388506,200,thin,warm,native,False,response,True,1,09118644d247c1195716b9d3cb7b6ba18e61469b9ce0c2f2ad1998b09776fc3f,partial,False,False
r2-hard12-amazon-auto,hard12,amazon,2,auto,0,1,False,0.2059306,0.2059239,503,,http,emulated,False,wall_or_error,True,1,69009ccc60a2e03da6e3efaa6a5eec88926ba0369e89d17987e0f1133f216ba9,unavailable,False,False
r2-hard12-amazon-auto,hard12,amazon,2,auto,0,2,False,0.0002166,0.0002149,0,,,,False,local_deferral,True,1,942988624b387ded52da63d60894ad643a250ae021a3615a4c9903e9a0899433,unavailable,False,False
r2-hard12-amazon-auto,hard12,amazon,2,auto,0,3,False,0.0001485,0.0001472,0,,,,False,local_deferral,True,1,942988624b387ded52da63d60894ad643a250ae021a3615a4c9903e9a0899433,unavailable,False,False
r2-hard12-amazon-native,hard12,amazon,2,native,1,1,False,0.0023387,0.0023324,0,,,,False,local_deferral,True,1,942988624b387ded52da63d60894ad643a250ae021a3615a4c9903e9a0899433,unavailable,False,False
r2-hard12-amazon-native,hard12,amazon,2,native,1,2,False,0.0001729,0.0001709,0,,,,False,local_deferral,True,1,942988624b387ded52da63d60894ad643a250ae021a3615a4c9903e9a0899433,unavailable,False,False
r2-hard12-amazon-native,hard12,amazon,2,native,1,3,False,0.000182,0.0001804,0,,,,False,local_deferral,True,1,942988624b387ded52da63d60894ad643a250ae021a3615a4c9903e9a0899433,unavailable,False,False
r2-public31-crunchbase-cf-auto,public31,crunchbase-cf,2,auto,0,1,False,0.0017748,0.0017686,0,,,,False,local_deferral,True,1,b3bf3d5dca098e39a76c797f11f09d4b2800feac8f7e2349dca1aa3b8c85fde7,unavailable,False,False
r2-public31-crunchbase-cf-auto,public31,crunchbase-cf,2,auto,0,2,False,8.81e-05,8.66e-05,0,,,,False,local_deferral,True,1,b3bf3d5dca098e39a76c797f11f09d4b2800feac8f7e2349dca1aa3b8c85fde7,unavailable,False,False
r2-public31-crunchbase-cf-auto,public31,crunchbase-cf,2,auto,0,3,False,6.32e-05,6.22e-05,0,,,,False,local_deferral,True,1,b3bf3d5dca098e39a76c797f11f09d4b2800feac8f7e2349dca1aa3b8c85fde7,unavailable,False,False
r2-public31-crunchbase-cf-native,public31,crunchbase-cf,2,native,1,1,False,0.0018613,0.0018548,0,,,,False,local_deferral,True,1,b3bf3d5dca098e39a76c797f11f09d4b2800feac8f7e2349dca1aa3b8c85fde7,unavailable,False,False
r2-public31-crunchbase-cf-native,public31,crunchbase-cf,2,native,1,2,False,8.21e-05,8.06e-05,0,,,,False,local_deferral,True,1,b3bf3d5dca098e39a76c797f11f09d4b2800feac8f7e2349dca1aa3b8c85fde7,unavailable,False,False
r2-public31-crunchbase-cf-native,public31,crunchbase-cf,2,native,1,3,False,6.62e-05,6.51e-05,0,,,,False,local_deferral,True,1,b3bf3d5dca098e39a76c797f11f09d4b2800feac8f7e2349dca1aa3b8c85fde7,unavailable,False,False
r2-hard12-stackoverflow-native,hard12,stackoverflow,2,native,0,1,True,2.6021223,2.602109,200,thin,warm,native,False,response,True,1,60e55fc10ee1c2ef55e3c33504b4b10b93be7922ab11d53cb6bdee1b5d64a135,useful,True,True
r2-hard12-stackoverflow-native,hard12,stackoverflow,2,native,0,2,False,0.0001404,0.0001391,0,,,,False,local_deferral,True,1,76738cbc7ac72739e62d90ba64a0a359cbd4bfca73cf65045b00915ee70d3299,unavailable,False,False
r2-hard12-stackoverflow-native,hard12,stackoverflow,2,native,0,3,False,6.45e-05,6.35e-05,0,,,,False,local_deferral,True,1,76738cbc7ac72739e62d90ba64a0a359cbd4bfca73cf65045b00915ee70d3299,unavailable,False,False
r2-hard12-stackoverflow-auto,hard12,stackoverflow,2,auto,1,1,False,0.0015761,0.0015689,0,,,,False,local_deferral,True,1,76738cbc7ac72739e62d90ba64a0a359cbd4bfca73cf65045b00915ee70d3299,unavailable,False,False
r2-hard12-stackoverflow-auto,hard12,stackoverflow,2,auto,1,2,False,8.99e-05,8.81e-05,0,,,,False,local_deferral,True,1,76738cbc7ac72739e62d90ba64a0a359cbd4bfca73cf65045b00915ee70d3299,unavailable,False,False
r2-hard12-stackoverflow-auto,hard12,stackoverflow,2,auto,1,3,False,6.57e-05,6.43e-05,0,,,,False,local_deferral,True,1,76738cbc7ac72739e62d90ba64a0a359cbd4bfca73cf65045b00915ee70d3299,unavailable,False,False
r2-public31-newsfilecorp-native,public31,newsfilecorp,2,native,0,1,True,3.3577827,3.3577457,200,thin,warm,native,False,response,True,1,58d942aebce6267cb424561535324cea880f02b43a14bf019e0152835ca2c9c8,useful,True,True
r2-public31-newsfilecorp-native,public31,newsfilecorp,2,native,0,2,True,1.8335822,1.833551,200,thin,warm,native,False,response,True,1,58d942aebce6267cb424561535324cea880f02b43a14bf019e0152835ca2c9c8,useful,True,True
r2-public31-newsfilecorp-native,public31,newsfilecorp,2,native,0,3,True,1.8645481,1.8645169,200,thin,warm,native,False,response,True,1,58d942aebce6267cb424561535324cea880f02b43a14bf019e0152835ca2c9c8,useful,True,True
r2-public31-newsfilecorp-auto,public31,newsfilecorp,2,auto,1,1,True,0.4816293,0.4816217,200,full,http,emulated,False,response,True,1,7d61190954e6288ab0b94e011ca276dba93bc25a6aff43d8a6900ee8bd17f285,wall,False,False
r2-public31-newsfilecorp-auto,public31,newsfilecorp,2,auto,1,2,True,0.7333761,0.7333703,200,full,http,emulated,False,response,True,1,7d61190954e6288ab0b94e011ca276dba93bc25a6aff43d8a6900ee8bd17f285,wall,False,False
r2-public31-newsfilecorp-auto,public31,newsfilecorp,2,auto,1,3,True,7.3050592,7.3050527,200,thin,stealth,emulated,False,response,True,1,7d61190954e6288ab0b94e011ca276dba93bc25a6aff43d8a6900ee8bd17f285,wall,False,False
r2-public31-github-explore-native,public31,github-explore,2,native,0,1,True,4.042531,4.04252,200,thin,warm,native,False,response,True,1,967628276063f8a27c496b55412b1b33c9c7c12adced8a90aed2b305e3570cf7,partial,False,False
r2-public31-github-explore-native,public31,github-explore,2,native,0,2,True,1.8459796000000002,1.8459714,200,thin,warm,native,False,response,True,1,967628276063f8a27c496b55412b1b33c9c7c12adced8a90aed2b305e3570cf7,partial,False,False
r2-public31-github-explore-native,public31,github-explore,2,native,0,3,True,1.8401146000000002,1.8401027,200,thin,warm,native,False,response,True,1,967628276063f8a27c496b55412b1b33c9c7c12adced8a90aed2b305e3570cf7,partial,False,False
r2-public31-github-explore-auto,public31,github-explore,2,auto,1,1,True,0.482431,0.4824207,200,thin,http,emulated,False,response,True,1,967628276063f8a27c496b55412b1b33c9c7c12adced8a90aed2b305e3570cf7,partial,False,False
r2-public31-github-explore-auto,public31,github-explore,2,auto,1,2,True,0.6120747,0.6120661,200,thin,http,emulated,False,response,True,1,967628276063f8a27c496b55412b1b33c9c7c12adced8a90aed2b305e3570cf7,partial,False,False
r2-public31-github-explore-auto,public31,github-explore,2,auto,1,3,True,1.0195475,1.0195345,200,thin,http,emulated,False,response,True,1,967628276063f8a27c496b55412b1b33c9c7c12adced8a90aed2b305e3570cf7,partial,False,False
r2-vendors8-datadome-idealista-native,vendors8,datadome-idealista,2,native,0,1,True,14.4497956,14.4497593,200,thin,warm,native,False,response,True,1,dc8cebca89e259c4805be3b5eca9601aa22ab0b0d8477de034fb877ba773a77f,useful,True,True
r2-vendors8-datadome-idealista-native,vendors8,datadome-idealista,2,native,0,2,False,0.0001461,0.000145,0,,,,False,local_deferral,True,1,aa20214658ca523f6fd19adeba1f8335d9b977485b614b47f7929e32e1fe358d,unavailable,False,False
r2-vendors8-datadome-idealista-native,vendors8,datadome-idealista,2,native,0,3,False,6.49e-05,6.37e-05,0,,,,False,local_deferral,True,1,aa20214658ca523f6fd19adeba1f8335d9b977485b614b47f7929e32e1fe358d,unavailable,False,False
r2-vendors8-datadome-idealista-auto,vendors8,datadome-idealista,2,auto,1,1,False,0.0017663,0.0017596,0,,,,False,local_deferral,True,1,aa20214658ca523f6fd19adeba1f8335d9b977485b614b47f7929e32e1fe358d,unavailable,False,False
r2-vendors8-datadome-idealista-auto,vendors8,datadome-idealista,2,auto,1,2,False,9.04e-05,8.9e-05,0,,,,False,local_deferral,True,1,aa20214658ca523f6fd19adeba1f8335d9b977485b614b47f7929e32e1fe358d,unavailable,False,False
r2-vendors8-datadome-idealista-auto,vendors8,datadome-idealista,2,auto,1,3,False,6.44e-05,6.32e-05,0,,,,False,local_deferral,True,1,aa20214658ca523f6fd19adeba1f8335d9b977485b614b47f7929e32e1fe358d,unavailable,False,False
r2-public31-booking-search-native,public31,booking-search,2,native,0,1,True,4.3672335,4.3672255,200,thin,warm,native,False,response,True,1,f9bc25e63cfef231cc21a597c3ec2b20bad07111088a83f9e49cdaf072d968e2,useful,True,True
r2-public31-booking-search-native,public31,booking-search,2,native,0,2,True,3.0503998,3.0503877,200,thin,warm,native,False,response,True,1,2f177e7ed23561fe26aa18782c057e98006d12c57bd2f8b2fc946e38bddba5aa,useful,True,True
r2-public31-booking-search-native,public31,booking-search,2,native,0,3,True,3.1157729,3.1157629,200,thin,warm,native,False,response,True,1,2f177e7ed23561fe26aa18782c057e98006d12c57bd2f8b2fc946e38bddba5aa,useful,True,True
r2-public31-booking-search-auto,public31,booking-search,2,auto,1,1,True,7.6809008,7.6808876,200,thin,stealth,emulated,False,response,True,1,5888e3b9c2616e7720e23d2962e92b82d4b956ab3829a1a34e0ce374e88799f3,useful,True,True
r2-public31-booking-search-auto,public31,booking-search,2,auto,1,2,True,2.9765585,2.9765485,200,thin,browser,emulated,False,response,True,1,5888e3b9c2616e7720e23d2962e92b82d4b956ab3829a1a34e0ce374e88799f3,useful,True,True
r2-public31-booking-search-auto,public31,booking-search,2,auto,1,3,True,3.0745363,3.0745256,200,thin,browser,emulated,False,response,True,1,5888e3b9c2616e7720e23d2962e92b82d4b956ab3829a1a34e0ce374e88799f3,useful,True,True
r2-vendors8-cloudflare-crunchbase-auto,vendors8,cloudflare-crunchbase,2,auto,0,1,False,0.0019239,0.0019181,0,,,,False,local_deferral,True,1,1244029dff925f904d364bb3a8306944c2da4a587916d9579decde8d707063cf,unavailable,False,False
r2-vendors8-cloudflare-crunchbase-auto,vendors8,cloudflare-crunchbase,2,auto,0,2,False,7.59e-05,7.47e-05,0,,,,False,local_deferral,True,1,1244029dff925f904d364bb3a8306944c2da4a587916d9579decde8d707063cf,unavailable,False,False
r2-vendors8-cloudflare-crunchbase-auto,vendors8,cloudflare-crunchbase,2,auto,0,3,False,6.28e-05,6.14e-05,0,,,,False,local_deferral,True,1,1244029dff925f904d364bb3a8306944c2da4a587916d9579decde8d707063cf,unavailable,False,False
r2-vendors8-cloudflare-crunchbase-native,vendors8,cloudflare-crunchbase,2,native,1,1,False,0.0018409,0.0018352,0,,,,False,local_deferral,True,1,1244029dff925f904d364bb3a8306944c2da4a587916d9579decde8d707063cf,unavailable,False,False
r2-vendors8-cloudflare-crunchbase-native,vendors8,cloudflare-crunchbase,2,native,1,2,False,9.32e-05,9.21e-05,0,,,,False,local_deferral,True,1,1244029dff925f904d364bb3a8306944c2da4a587916d9579decde8d707063cf,unavailable,False,False
r2-vendors8-cloudflare-crunchbase-native,vendors8,cloudflare-crunchbase,2,native,1,3,False,6.53e-05,6.39e-05,0,,,,False,local_deferral,True,1,1244029dff925f904d364bb3a8306944c2da4a587916d9579decde8d707063cf,unavailable,False,False
r2-hard12-newegg-native,hard12,newegg,2,native,0,1,True,7.2945809,7.2945529,200,thin,warm,native,False,response,True,1,c9ac5b4127b2e64fbb165882974d1aaf00cdd5c1ac12bfdfa63e6d0d507ce8ec,useful,True,True
r2-hard12-newegg-native,hard12,newegg,2,native,0,2,True,6.6643856,6.6643526,200,thin,warm,native,False,response,True,1,c9ac5b4127b2e64fbb165882974d1aaf00cdd5c1ac12bfdfa63e6d0d507ce8ec,useful,True,True
r2-hard12-newegg-native,hard12,newegg,2,native,0,3,True,5.4854432,5.4854087,200,thin,warm,native,False,response,True,1,dffea925e7d8a079424e28d27399a366cc05f751d3a9b8ea39b3c12be0010c35,useful,True,True
r2-hard12-newegg-auto,hard12,newegg,2,auto,1,1,True,0.7140092,0.7139767,200,thin,http,emulated,False,response,True,1,1631d309d449fb0a48376e112b19d3d4713da4b69ea4ac64706808c676869629,useful,True,True
r2-hard12-newegg-auto,hard12,newegg,2,auto,1,2,True,0.6797414,0.6797231,200,thin,http,emulated,False,response,True,1,1631d309d449fb0a48376e112b19d3d4713da4b69ea4ac64706808c676869629,useful,True,True
r2-hard12-newegg-auto,hard12,newegg,2,auto,1,3,True,1.0154671,1.0154431,200,thin,http,emulated,False,response,True,1,1631d309d449fb0a48376e112b19d3d4713da4b69ea4ac64706808c676869629,useful,True,True
r2-public31-instagram-post-native,public31,instagram-post,2,native,0,1,True,23.5401095,23.5401023,200,thin,warm,native,False,response,True,1,c9c3513873c0b4dafe628724ebb8b71d3ce807031dbc8a71f05974bcefc0a1b1,unavailable,False,False
r2-public31-instagram-post-native,public31,instagram-post,2,native,0,2,True,28.1699026,28.169886,200,thin,warm,native,False,response,True,1,c9c3513873c0b4dafe628724ebb8b71d3ce807031dbc8a71f05974bcefc0a1b1,unavailable,False,False
r2-public31-instagram-post-native,public31,instagram-post,2,native,0,3,True,39.845075,39.8450697,200,thin,warm,native,False,response,True,1,c9c3513873c0b4dafe628724ebb8b71d3ce807031dbc8a71f05974bcefc0a1b1,unavailable,False,False
r2-public31-instagram-post-auto,public31,instagram-post,2,auto,1,1,False,0.0018725,0.0018643,0,,,,False,local_deferral,True,1,189057070f1e926489dd0f712be6ff0ec36c793482f76787cfefcc4d885ab336,unavailable,False,False
r2-public31-instagram-post-auto,public31,instagram-post,2,auto,1,2,False,9.1e-05,8.95e-05,0,,,,False,local_deferral,True,1,189057070f1e926489dd0f712be6ff0ec36c793482f76787cfefcc4d885ab336,unavailable,False,False
r2-public31-instagram-post-auto,public31,instagram-post,2,auto,1,3,False,7e-05,6.86e-05,0,,,,False,local_deferral,True,1,189057070f1e926489dd0f712be6ff0ec36c793482f76787cfefcc4d885ab336,unavailable,False,False
r2-public31-reddit-auto,public31,reddit,2,auto,0,1,True,4.2919783,4.2919495,200,thin,browser,emulated,False,response,True,1,f0638ef208dc2bfcf8eff3d0a75d306c5678e65a1b3f83a2dd1bd948179e9c71,useful,True,True
r2-public31-reddit-auto,public31,reddit,2,auto,0,2,True,2.312799,2.3127774,200,thin,browser,emulated,False,response,True,1,f87bc81829f2d1febf68c5e710aacc1c6b76264f5acb0c8c584bc0dc0bb5c5c9,useful,True,True
r2-public31-reddit-auto,public31,reddit,2,auto,0,3,True,2.213343,2.2133214,200,thin,browser,emulated,False,response,True,1,e7438c0b1114378aed517e9bc4fcd6b6bc149e372612115eec149a38bf082839,useful,True,True
r2-public31-reddit-native,public31,reddit,2,native,1,1,True,2.9614744,2.9614478,200,thin,warm,native,False,response,True,1,bf3ae47ffa29a119fea19bd5b5254c843e57b1b9aa3a003045de4a76e48f6d36,useful,True,True
r2-public31-reddit-native,public31,reddit,2,native,1,2,True,2.4401686,2.4401386,200,thin,warm,native,False,response,True,1,7be00763661da887685cbde62b54c455757cb08903466009df00bdc454d083f1,useful,True,True
r2-public31-reddit-native,public31,reddit,2,native,1,3,True,2.3454301,2.3453776,200,thin,warm,native,False,response,True,1,3570cce2e727d444f747f7c0f972c77dd1bfa2deff0946941b1fc9e2aaed1f0d,useful,True,True
r2-public31-browserleaks-tls-auto,public31,browserleaks-tls,2,auto,0,1,True,0.4357888,0.4357803,200,thin,http,emulated,False,response,True,1,ce9c37b3d14d6490aa3c28ce3a3392235af123810278fdb132eaec045bdb7629,diagnostic-only,False,False
r2-public31-browserleaks-tls-auto,public31,browserleaks-tls,2,auto,0,2,True,0.7918088,0.7918038,200,thin,http,emulated,False,response,True,1,4780bf06565850db6a6b7a98df069a9c758775d892466223ea28a637efbce63e,diagnostic-only,False,False
r2-public31-browserleaks-tls-auto,public31,browserleaks-tls,2,auto,0,3,True,0.9991506,0.9991455,200,thin,http,emulated,False,response,True,1,6b7ae14419f87662a65067091e4b53cfefec4bb2cd1cae5f774ad7470ca8de2b,diagnostic-only,False,False
r2-public31-browserleaks-tls-native,public31,browserleaks-tls,2,native,1,1,True,2.0274773,2.027471,200,thin,warm,native,False,response,True,1,80e19363a9f8aae173d3c17bfdbcc2c23aa60fea2fb06abd092561acc5217e44,diagnostic-only,False,False
r2-public31-browserleaks-tls-native,public31,browserleaks-tls,2,native,1,2,True,1.4794474,1.4794418,200,thin,warm,native,False,response,True,1,80e19363a9f8aae173d3c17bfdbcc2c23aa60fea2fb06abd092561acc5217e44,diagnostic-only,False,False
r2-public31-browserleaks-tls-native,public31,browserleaks-tls,2,native,1,3,True,1.4927761,1.4927712,200,thin,warm,native,False,response,True,1,80e19363a9f8aae173d3c17bfdbcc2c23aa60fea2fb06abd092561acc5217e44,diagnostic-only,False,False
r2-public31-creepjs-auto,public31,creepjs,2,auto,0,1,True,0.1503165,0.1503088,200,full,http,emulated,False,response,True,1,ed61b53b0992ba42ea21adf916248068e97d405c2de360d63106abd9ff4fc018,diagnostic-only,False,False
r2-public31-creepjs-auto,public31,creepjs,2,auto,0,2,True,0.8967169,0.8967112,200,full,http,emulated,False,response,True,1,ed61b53b0992ba42ea21adf916248068e97d405c2de360d63106abd9ff4fc018,diagnostic-only,False,False
r2-public31-creepjs-auto,public31,creepjs,2,auto,0,3,True,0.9869584,0.9869536,200,full,http,emulated,False,response,True,1,ed61b53b0992ba42ea21adf916248068e97d405c2de360d63106abd9ff4fc018,diagnostic-only,False,False
r2-public31-creepjs-native,public31,creepjs,2,native,1,1,True,1.8146889000000002,1.814681,200,full,warm,native,False,response,True,1,ed61b53b0992ba42ea21adf916248068e97d405c2de360d63106abd9ff4fc018,diagnostic-only,False,False
r2-public31-creepjs-native,public31,creepjs,2,native,1,2,True,1.478243,1.4782359,200,full,warm,native,False,response,True,1,ed61b53b0992ba42ea21adf916248068e97d405c2de360d63106abd9ff4fc018,diagnostic-only,False,False
r2-public31-creepjs-native,public31,creepjs,2,native,1,3,True,1.4775955,1.477585,200,full,warm,native,False,response,True,1,ed61b53b0992ba42ea21adf916248068e97d405c2de360d63106abd9ff4fc018,diagnostic-only,False,False
r2-public31-nowsecure-cf-native,public31,nowsecure-cf,2,native,0,1,False,0.0017815,0.0017745,0,,,,False,local_deferral,True,1,c45390d7e139beb7fb13eee4aae6bb6f457168a8fff9db485f56e1756f60df8d,unavailable,False,False
r2-public31-nowsecure-cf-native,public31,nowsecure-cf,2,native,0,2,False,9.53e-05,9.4e-05,0,,,,False,local_deferral,True,1,c45390d7e139beb7fb13eee4aae6bb6f457168a8fff9db485f56e1756f60df8d,unavailable,False,False
r2-public31-nowsecure-cf-native,public31,nowsecure-cf,2,native,0,3,False,6.65e-05,6.56e-05,0,,,,False,local_deferral,True,1,c45390d7e139beb7fb13eee4aae6bb6f457168a8fff9db485f56e1756f60df8d,unavailable,False,False
r2-public31-nowsecure-cf-auto,public31,nowsecure-cf,2,auto,1,1,False,0.0020169,0.0020069,0,,,,False,local_deferral,True,1,c45390d7e139beb7fb13eee4aae6bb6f457168a8fff9db485f56e1756f60df8d,unavailable,False,False
r2-public31-nowsecure-cf-auto,public31,nowsecure-cf,2,auto,1,2,False,9.99e-05,9.81e-05,0,,,,False,local_deferral,True,1,c45390d7e139beb7fb13eee4aae6bb6f457168a8fff9db485f56e1756f60df8d,unavailable,False,False
r2-public31-nowsecure-cf-auto,public31,nowsecure-cf,2,auto,1,3,False,7.41e-05,7.28e-05,0,,,,False,local_deferral,True,1,c45390d7e139beb7fb13eee4aae6bb6f457168a8fff9db485f56e1756f60df8d,unavailable,False,False
r2-hard12-idealista-native,hard12,idealista,2,native,0,1,True,4.791956,4.7919336999999995,200,thin,warm,native,False,response,True,1,dc8cebca89e259c4805be3b5eca9601aa22ab0b0d8477de034fb877ba773a77f,useful,True,True
r2-hard12-idealista-native,hard12,idealista,2,native,0,2,False,0.0001621,0.0001604,0,,,,False,local_deferral,True,1,aa20214658ca523f6fd19adeba1f8335d9b977485b614b47f7929e32e1fe358d,unavailable,False,False
r2-hard12-idealista-native,hard12,idealista,2,native,0,3,False,9.3e-05,9.15e-05,0,,,,False,local_deferral,True,1,aa20214658ca523f6fd19adeba1f8335d9b977485b614b47f7929e32e1fe358d,unavailable,False,False
r2-hard12-idealista-auto,hard12,idealista,2,auto,1,1,False,0.001528,0.0015218,0,,,,False,local_deferral,True,1,aa20214658ca523f6fd19adeba1f8335d9b977485b614b47f7929e32e1fe358d,unavailable,False,False
r2-hard12-idealista-auto,hard12,idealista,2,auto,1,2,False,8.26e-05,8.14e-05,0,,,,False,local_deferral,True,1,aa20214658ca523f6fd19adeba1f8335d9b977485b614b47f7929e32e1fe358d,unavailable,False,False
r2-hard12-idealista-auto,hard12,idealista,2,auto,1,3,False,6.53e-05,6.41e-05,0,,,,False,local_deferral,True,1,aa20214658ca523f6fd19adeba1f8335d9b977485b614b47f7929e32e1fe358d,unavailable,False,False
r2-public31-browserleaks-native,public31,browserleaks,2,native,0,1,True,2.2285116,2.2284909,200,thin,warm,native,False,response,True,1,0adf63fe1ee1f819905e05ced5719b561586a87b371afabd182028070f6f58df,diagnostic-only,False,False
r2-public31-browserleaks-native,public31,browserleaks,2,native,0,2,True,1.454636,1.454625,200,thin,warm,native,False,response,True,1,8b89bb41e74f2178712d86a60cef891d188f78d314b0bf35b936ae8f86f44e7d,diagnostic-only,False,False
r2-public31-browserleaks-native,public31,browserleaks,2,native,0,3,True,1.4686533,1.4686443,200,thin,warm,native,False,response,True,1,cec4fa46f1e3cb902bc06848c480d237982d5fb3a793665d3ba92b93aa9b1e8c,diagnostic-only,False,False
r2-public31-browserleaks-auto,public31,browserleaks,2,auto,1,1,True,0.2940482,0.2940385,200,thin,http,emulated,False,response,True,1,53cbe71a9c3115b89cce434f1d6f736a059e4b81e9671a789f6990967006406f,diagnostic-only,False,False
r2-public31-browserleaks-auto,public31,browserleaks,2,auto,1,2,True,0.7838024,0.7837939,200,thin,http,emulated,False,response,True,1,53cbe71a9c3115b89cce434f1d6f736a059e4b81e9671a789f6990967006406f,diagnostic-only,False,False
r2-public31-browserleaks-auto,public31,browserleaks,2,auto,1,3,True,1.0117226,1.0117155,200,thin,http,emulated,False,response,True,1,53cbe71a9c3115b89cce434f1d6f736a059e4b81e9671a789f6990967006406f,diagnostic-only,False,False
r2-public31-glassdoor-native,public31,glassdoor,2,native,0,1,True,4.0224987,4.0224893,200,thin,warm,native,False,response,True,1,0dd04ecc71b1f7e704428b24884490bd07b74b21d64f40ff1bf12a5264b1d269,useful,True,True
r2-public31-glassdoor-native,public31,glassdoor,2,native,0,2,True,3.0116072,3.0115918,200,thin,warm,native,False,response,True,1,0dd04ecc71b1f7e704428b24884490bd07b74b21d64f40ff1bf12a5264b1d269,useful,True,True
r2-public31-glassdoor-native,public31,glassdoor,2,native,0,3,True,2.7266047,2.7265907,200,thin,warm,native,False,response,True,1,0dd04ecc71b1f7e704428b24884490bd07b74b21d64f40ff1bf12a5264b1d269,useful,True,True
r2-public31-glassdoor-auto,public31,glassdoor,2,auto,1,1,True,5.1836541,5.1836366,200,thin,real,emulated,False,response,True,1,0dd04ecc71b1f7e704428b24884490bd07b74b21d64f40ff1bf12a5264b1d269,useful,True,True
r2-public31-glassdoor-auto,public31,glassdoor,2,auto,1,2,True,11.1208908,11.1208625,200,thin,real,emulated,False,response,True,1,0dd04ecc71b1f7e704428b24884490bd07b74b21d64f40ff1bf12a5264b1d269,useful,True,True
r2-public31-glassdoor-auto,public31,glassdoor,2,auto,1,3,True,16.940432,16.940388,200,thin,real,emulated,False,response,True,1,0dd04ecc71b1f7e704428b24884490bd07b74b21d64f40ff1bf12a5264b1d269,useful,True,True
r2-public31-pixelscan-bot-native,public31,pixelscan-bot,2,native,0,1,True,4.9617248,4.9617169,200,thin,warm,native,False,response,True,1,15a94dbf945e34c8274f1b0182c7e7cd2eb07c198a68094db715bcdd62dc9f1b,diagnostic-only,False,False
r2-public31-pixelscan-bot-native,public31,pixelscan-bot,2,native,0,2,True,2.4968902,2.4968774,200,thin,warm,native,False,response,True,1,15a94dbf945e34c8274f1b0182c7e7cd2eb07c198a68094db715bcdd62dc9f1b,diagnostic-only,False,False
r2-public31-pixelscan-bot-native,public31,pixelscan-bot,2,native,0,3,True,2.6858889,2.6858815,200,thin,warm,native,False,response,True,1,15a94dbf945e34c8274f1b0182c7e7cd2eb07c198a68094db715bcdd62dc9f1b,diagnostic-only,False,False
r2-public31-pixelscan-bot-auto,public31,pixelscan-bot,2,auto,1,1,True,2.1803023,2.1802956,200,thin,http,emulated,False,response,True,1,6ea77fdfd6ff198998f99fe5195c83b80823f648a622ca043f5b6bb916df12c1,diagnostic-only,False,False
r2-public31-pixelscan-bot-auto,public31,pixelscan-bot,2,auto,1,2,True,0.8710456,0.8710408,200,thin,http,emulated,False,response,True,1,6ea77fdfd6ff198998f99fe5195c83b80823f648a622ca043f5b6bb916df12c1,diagnostic-only,False,False
r2-public31-pixelscan-bot-auto,public31,pixelscan-bot,2,auto,1,3,True,1.0846432,1.0846372,200,thin,http,emulated,False,response,True,1,6ea77fdfd6ff198998f99fe5195c83b80823f648a622ca043f5b6bb916df12c1,diagnostic-only,False,False
r2-vendors8-kasada-twitch-native,vendors8,kasada-twitch,2,native,0,1,True,2.3160474,2.316027,200,thin,warm,native,False,response,True,1,17a83e9cff7ac702082109da2a96aa0519188ce11783fcade91d9ab97a458389,useful,True,True
r2-vendors8-kasada-twitch-native,vendors8,kasada-twitch,2,native,0,2,True,1.7728103,1.7727947,200,thin,warm,native,False,response,True,1,59c1e4153a09551f2d7fab6c6e6dbeb5f279418d07d9e55f9092ee4c01c38828,useful,True,True
r2-vendors8-kasada-twitch-native,vendors8,kasada-twitch,2,native,0,3,True,1.7486907,1.7486755,200,thin,warm,native,False,response,True,1,17a83e9cff7ac702082109da2a96aa0519188ce11783fcade91d9ab97a458389,useful,True,True
r2-vendors8-kasada-twitch-auto,vendors8,kasada-twitch,2,auto,1,1,True,3.293758,3.2937378,200,thin,browser,emulated,False,response,True,1,50dafa6d836c07cfe7f187c81494cf2b89ee126b0329918077e33c2b4a43f3c5,useful,True,True
r2-vendors8-kasada-twitch-auto,vendors8,kasada-twitch,2,auto,1,2,True,5.5358255,5.5358119,200,thin,browser,emulated,False,response,True,1,f4ce765c7f2dfc09c1195d08cd42f4ea6822c44aa2d1687ab53faef46fb5e349,useful,True,True
r2-vendors8-kasada-twitch-auto,vendors8,kasada-twitch,2,auto,1,3,True,1.7323993,1.7323862,200,thin,browser,emulated,False,response,True,1,0ee8587542da95077d06c8113fc7bf710a460371419254354908e5ceaef29183,useful,True,True
r2-hard12-nowsecure-native,hard12,nowsecure,2,native,0,1,False,0.0018163,0.0018091,0,,,,False,local_deferral,True,1,c45390d7e139beb7fb13eee4aae6bb6f457168a8fff9db485f56e1756f60df8d,unavailable,False,False
r2-hard12-nowsecure-native,hard12,nowsecure,2,native,0,2,False,9.97e-05,9.76e-05,0,,,,False,local_deferral,True,1,c45390d7e139beb7fb13eee4aae6bb6f457168a8fff9db485f56e1756f60df8d,unavailable,False,False
r2-hard12-nowsecure-native,hard12,nowsecure,2,native,0,3,False,7.38e-05,7.2e-05,0,,,,False,local_deferral,True,1,c45390d7e139beb7fb13eee4aae6bb6f457168a8fff9db485f56e1756f60df8d,unavailable,False,False
r2-hard12-nowsecure-auto,hard12,nowsecure,2,auto,1,1,False,0.0016609,0.0016555,0,,,,False,local_deferral,True,1,c45390d7e139beb7fb13eee4aae6bb6f457168a8fff9db485f56e1756f60df8d,unavailable,False,False
r2-hard12-nowsecure-auto,hard12,nowsecure,2,auto,1,2,False,0.0001072,0.0001056,0,,,,False,local_deferral,True,1,c45390d7e139beb7fb13eee4aae6bb6f457168a8fff9db485f56e1756f60df8d,unavailable,False,False
r2-hard12-nowsecure-auto,hard12,nowsecure,2,auto,1,3,False,9.07e-05,8.92e-05,0,,,,False,local_deferral,True,1,c45390d7e139beb7fb13eee4aae6bb6f457168a8fff9db485f56e1756f60df8d,unavailable,False,False
r2-public31-tiktok-user-auto,public31,tiktok-user,2,auto,0,1,False,22.2059762,22.205969,200,,stealth,emulated,False,wall_or_error,True,1,3ec95f434b605c1ed8b2edf0c505d9ee685ee114622f5b59822eee913232f821,useful,False,True
r2-public31-tiktok-user-auto,public31,tiktok-user,2,auto,0,2,False,0.0001215,0.0001204,0,,,,False,local_deferral,True,1,5eba95fa44777804f205f15ce39c540471cbebf29e3e40d123e19ac038d31177,unavailable,False,False
r2-public31-tiktok-user-auto,public31,tiktok-user,2,auto,0,3,False,6.88e-05,6.76e-05,0,,,,False,local_deferral,True,1,5eba95fa44777804f205f15ce39c540471cbebf29e3e40d123e19ac038d31177,unavailable,False,False
r2-public31-tiktok-user-native,public31,tiktok-user,2,native,1,1,False,0.0019482,0.0019414,0,,,,False,local_deferral,True,1,5eba95fa44777804f205f15ce39c540471cbebf29e3e40d123e19ac038d31177,unavailable,False,False
r2-public31-tiktok-user-native,public31,tiktok-user,2,native,1,2,False,8.75e-05,8.62e-05,0,,,,False,local_deferral,True,1,5eba95fa44777804f205f15ce39c540471cbebf29e3e40d123e19ac038d31177,unavailable,False,False
r2-public31-tiktok-user-native,public31,tiktok-user,2,native,1,3,False,6.81e-05,6.7e-05,0,,,,False,local_deferral,True,1,5eba95fa44777804f205f15ce39c540471cbebf29e3e40d123e19ac038d31177,unavailable,False,False
r2-public31-medium-auto,public31,medium,2,auto,0,1,True,4.1454224,4.1454096,200,thin,real,emulated,False,response,True,1,3f17e5ee20b369a758965520e96f95b7af4c7ec58fe7669352cd15f14fe98878,useful,True,True
r2-public31-medium-auto,public31,medium,2,auto,0,2,True,4.3766515,4.3766446,200,thin,browser,emulated,False,response,True,1,3f17e5ee20b369a758965520e96f95b7af4c7ec58fe7669352cd15f14fe98878,useful,True,True
r2-public31-medium-auto,public31,medium,2,auto,0,3,True,6.7009976,6.7009919,200,thin,browser,emulated,False,response,True,1,3f17e5ee20b369a758965520e96f95b7af4c7ec58fe7669352cd15f14fe98878,useful,True,True
r2-public31-medium-native,public31,medium,2,native,1,1,True,23.5176133,23.5176063,200,thin,warm,native,False,response,True,1,3f17e5ee20b369a758965520e96f95b7af4c7ec58fe7669352cd15f14fe98878,useful,True,True
r2-public31-medium-native,public31,medium,2,native,1,2,False,0.0001332,0.0001321,0,,,,False,local_deferral,True,1,e484e034e1efb7dac0b0fd93423a6b3eed571fd2714d4dc20b360be9575a452c,unavailable,False,False
r2-public31-medium-native,public31,medium,2,native,1,3,False,7.27e-05,7.14e-05,0,,,,False,local_deferral,True,1,e484e034e1efb7dac0b0fd93423a6b3eed571fd2714d4dc20b360be9575a452c,unavailable,False,False
r2-public31-amazon-product-native,public31,amazon-product,2,native,0,1,False,0.0019901,0.0019842,0,,,,False,local_deferral,True,1,d054fb66b3cd3f5c6217133186d998c37f8988c7a877be7e87e06f75fbb11618,unavailable,False,False
r2-public31-amazon-product-native,public31,amazon-product,2,native,0,2,False,0.0001652,0.0001638,0,,,,False,local_deferral,True,1,d054fb66b3cd3f5c6217133186d998c37f8988c7a877be7e87e06f75fbb11618,unavailable,False,False
r2-public31-amazon-product-native,public31,amazon-product,2,native,0,3,False,0.0001654,0.000164,0,,,,False,local_deferral,True,1,d054fb66b3cd3f5c6217133186d998c37f8988c7a877be7e87e06f75fbb11618,unavailable,False,False
r2-public31-amazon-product-auto,public31,amazon-product,2,auto,1,1,False,0.0022387,0.0022332,0,,,,False,local_deferral,True,1,d054fb66b3cd3f5c6217133186d998c37f8988c7a877be7e87e06f75fbb11618,unavailable,False,False
r2-public31-amazon-product-auto,public31,amazon-product,2,auto,1,2,False,0.0001717,0.0001706,0,,,,False,local_deferral,True,1,d054fb66b3cd3f5c6217133186d998c37f8988c7a877be7e87e06f75fbb11618,unavailable,False,False
r2-public31-amazon-product-auto,public31,amazon-product,2,auto,1,3,False,0.0001501,0.0001489,0,,,,False,local_deferral,True,1,d054fb66b3cd3f5c6217133186d998c37f8988c7a877be7e87e06f75fbb11618,unavailable,False,False
r2-hard12-g2-auto,hard12,g2,2,auto,0,1,False,5.0572013,5.0571948,200,,real,emulated,False,wall_or_error,True,1,2cedcc2cda28bce12e8d875f5613c706645b1da7b104e7677b489a1b224fe174,unavailable,False,False
r2-hard12-g2-auto,hard12,g2,2,auto,0,2,False,7.45e-05,7.3e-05,0,,,,False,local_deferral,True,1,f5f0fe638ed1ed8aacff7f083479fe69bd0ae6f123b97a4fc8990155107f06ed,unavailable,False,False
r2-hard12-g2-auto,hard12,g2,2,auto,0,3,False,1.7e-05,1.61e-05,0,,,,False,local_deferral,True,1,f5f0fe638ed1ed8aacff7f083479fe69bd0ae6f123b97a4fc8990155107f06ed,unavailable,False,False
r2-hard12-g2-native,hard12,g2,2,native,1,1,False,0.0018867,0.0018801,0,,,,False,local_deferral,True,1,f5f0fe638ed1ed8aacff7f083479fe69bd0ae6f123b97a4fc8990155107f06ed,unavailable,False,False
r2-hard12-g2-native,hard12,g2,2,native,1,2,False,0.0001045,0.000103,0,,,,False,local_deferral,True,1,f5f0fe638ed1ed8aacff7f083479fe69bd0ae6f123b97a4fc8990155107f06ed,unavailable,False,False
r2-hard12-g2-native,hard12,g2,2,native,1,3,False,7.13e-05,6.99e-05,0,,,,False,local_deferral,True,1,f5f0fe638ed1ed8aacff7f083479fe69bd0ae6f123b97a4fc8990155107f06ed,unavailable,False,False
r2-public31-indeed-jobs-native,public31,indeed-jobs,2,native,0,1,True,4.7194152,4.719406,200,thin,warm,native,False,response,True,1,28126c7080a95f26ed1cf3b7b68723d6978467857367873c4296916d3741dd48,partial,False,False
r2-public31-indeed-jobs-native,public31,indeed-jobs,2,native,0,2,True,6.3615798,6.3615668,200,thin,warm,native,False,response,True,1,4834b5f09c437da4e5e737aa2b112278a05a58284068e4973b3ed2280f6fe0d5,partial,False,False
r2-public31-indeed-jobs-native,public31,indeed-jobs,2,native,0,3,False,0.0001538,0.0001525,0,,,,False,local_deferral,True,1,39f672a8a7ef836bc099fa6d1c198e00c88308db9d2cedd6d1438bec0ff65276,unavailable,False,False
r2-public31-indeed-jobs-auto,public31,indeed-jobs,2,auto,1,1,False,0.0015013,0.0014952,0,,,,False,local_deferral,True,1,39f672a8a7ef836bc099fa6d1c198e00c88308db9d2cedd6d1438bec0ff65276,unavailable,False,False
r2-public31-indeed-jobs-auto,public31,indeed-jobs,2,auto,1,2,False,8.97e-05,8.86e-05,0,,,,False,local_deferral,True,1,39f672a8a7ef836bc099fa6d1c198e00c88308db9d2cedd6d1438bec0ff65276,unavailable,False,False
r2-public31-indeed-jobs-auto,public31,indeed-jobs,2,auto,1,3,False,6.55e-05,6.45e-05,0,,,,False,local_deferral,True,1,39f672a8a7ef836bc099fa6d1c198e00c88308db9d2cedd6d1438bec0ff65276,unavailable,False,False
r2-vendors8-datadome-g2-auto,vendors8,datadome-g2,2,auto,0,1,False,0.0016505,0.0016443,0,,,,False,local_deferral,True,1,f5f0fe638ed1ed8aacff7f083479fe69bd0ae6f123b97a4fc8990155107f06ed,unavailable,False,False
r2-vendors8-datadome-g2-auto,vendors8,datadome-g2,2,auto,0,2,False,7.74e-05,7.63e-05,0,,,,False,local_deferral,True,1,f5f0fe638ed1ed8aacff7f083479fe69bd0ae6f123b97a4fc8990155107f06ed,unavailable,False,False
r2-vendors8-datadome-g2-auto,vendors8,datadome-g2,2,auto,0,3,False,6.41e-05,6.27e-05,0,,,,False,local_deferral,True,1,f5f0fe638ed1ed8aacff7f083479fe69bd0ae6f123b97a4fc8990155107f06ed,unavailable,False,False
r2-vendors8-datadome-g2-native,vendors8,datadome-g2,2,native,1,1,False,0.00176,0.0017535,0,,,,False,local_deferral,True,1,f5f0fe638ed1ed8aacff7f083479fe69bd0ae6f123b97a4fc8990155107f06ed,unavailable,False,False
r2-vendors8-datadome-g2-native,vendors8,datadome-g2,2,native,1,2,False,8.27e-05,8.15e-05,0,,,,False,local_deferral,True,1,f5f0fe638ed1ed8aacff7f083479fe69bd0ae6f123b97a4fc8990155107f06ed,unavailable,False,False
r2-vendors8-datadome-g2-native,vendors8,datadome-g2,2,native,1,3,False,9.06e-05,8.96e-05,0,,,,False,local_deferral,True,1,f5f0fe638ed1ed8aacff7f083479fe69bd0ae6f123b97a4fc8990155107f06ed,unavailable,False,False
r2-public31-rebrowser-detector-auto,public31,rebrowser-detector,2,auto,0,1,True,0.286586,0.2865785,200,full,http,emulated,False,response,True,1,dd129aeb7dfd7cfdcfebdc8499384e5333bcbb8c812e2dafb9cd3d39a43de145,diagnostic-only,False,False
r2-public31-rebrowser-detector-auto,public31,rebrowser-detector,2,auto,0,2,True,0.8118395,0.8118328,200,full,http,emulated,False,response,True,1,dd129aeb7dfd7cfdcfebdc8499384e5333bcbb8c812e2dafb9cd3d39a43de145,diagnostic-only,False,False
r2-public31-rebrowser-detector-auto,public31,rebrowser-detector,2,auto,0,3,True,0.9954791,0.9954734,200,full,http,emulated,False,response,True,1,dd129aeb7dfd7cfdcfebdc8499384e5333bcbb8c812e2dafb9cd3d39a43de145,diagnostic-only,False,False
r2-public31-rebrowser-detector-native,public31,rebrowser-detector,2,native,1,1,True,2.2714373,2.2714293,200,thin,warm,native,False,response,True,1,dd5b870291f102ed852e2a81130fc690de2bbefcfa2c6eaba93894d3c85703ee,diagnostic-only,False,False
r2-public31-rebrowser-detector-native,public31,rebrowser-detector,2,native,1,2,True,1.4184702,1.4184636,200,thin,warm,native,False,response,True,1,9aa3a91dc0bee72ff758a15cb75a4d605f8047788008173867992a008d26bee6,diagnostic-only,False,False
r2-public31-rebrowser-detector-native,public31,rebrowser-detector,2,native,1,3,True,1.4633781,1.4633715999999999,200,thin,warm,native,False,response,True,1,58d151a6376486eca9a07c5dfaee7f20c6bedc5861947d32edd17216ef8edc54,diagnostic-only,False,False
r2-public31-stackoverflow-auto,public31,stackoverflow,2,auto,0,1,False,0.0020425,0.0020355,0,,,,False,local_deferral,True,1,3ead0f6a916f089b80d6e7abeecfb912a5ecc93a5c937c82d2037af6f71a1a53,unavailable,False,False
r2-public31-stackoverflow-auto,public31,stackoverflow,2,auto,0,2,False,9.48e-05,9.32e-05,0,,,,False,local_deferral,True,1,3ead0f6a916f089b80d6e7abeecfb912a5ecc93a5c937c82d2037af6f71a1a53,unavailable,False,False
r2-public31-stackoverflow-auto,public31,stackoverflow,2,auto,0,3,False,7.09e-05,6.94e-05,0,,,,False,local_deferral,True,1,3ead0f6a916f089b80d6e7abeecfb912a5ecc93a5c937c82d2037af6f71a1a53,unavailable,False,False
r2-public31-stackoverflow-native,public31,stackoverflow,2,native,1,1,False,0.0017711,0.0017623,0,,,,False,local_deferral,True,1,3ead0f6a916f089b80d6e7abeecfb912a5ecc93a5c937c82d2037af6f71a1a53,unavailable,False,False
r2-public31-stackoverflow-native,public31,stackoverflow,2,native,1,2,False,8.41e-05,8.26e-05,0,,,,False,local_deferral,True,1,3ead0f6a916f089b80d6e7abeecfb912a5ecc93a5c937c82d2037af6f71a1a53,unavailable,False,False
r2-public31-stackoverflow-native,public31,stackoverflow,2,native,1,3,False,6.71e-05,6.61e-05,0,,,,False,local_deferral,True,1,3ead0f6a916f089b80d6e7abeecfb912a5ecc93a5c937c82d2037af6f71a1a53,unavailable,False,False
r2-public31-browserscan-bot-auto,public31,browserscan-bot,2,auto,0,1,True,0.1101028,0.1100957,200,full,http,emulated,False,response,True,1,9838a395b0e235222d605fb5036d59bda16b9f0ce119725360f9b29c46a013cf,diagnostic-only,False,False
r2-public31-browserscan-bot-auto,public31,browserscan-bot,2,auto,0,2,True,0.9315859,0.931581,200,full,http,emulated,False,response,True,1,9838a395b0e235222d605fb5036d59bda16b9f0ce119725360f9b29c46a013cf,diagnostic-only,False,False
r2-public31-browserscan-bot-auto,public31,browserscan-bot,2,auto,0,3,True,1.0163436,1.0163392,200,full,http,emulated,False,response,True,1,9838a395b0e235222d605fb5036d59bda16b9f0ce119725360f9b29c46a013cf,diagnostic-only,False,False
r2-public31-browserscan-bot-native,public31,browserscan-bot,2,native,1,1,True,2.325997,2.3259852,200,thin,warm,native,False,response,True,1,bef8ba910f83c2c04633231569918b52dbe9c10c06198377c2af1d22c1ce8186,diagnostic-only,False,False
r2-public31-browserscan-bot-native,public31,browserscan-bot,2,native,1,2,True,1.8406861,1.8406757,200,thin,warm,native,False,response,True,1,bef8ba910f83c2c04633231569918b52dbe9c10c06198377c2af1d22c1ce8186,diagnostic-only,False,False
r2-public31-browserscan-bot-native,public31,browserscan-bot,2,native,1,3,True,1.8445024,1.8444899000000001,200,thin,warm,native,False,response,True,1,bef8ba910f83c2c04633231569918b52dbe9c10c06198377c2af1d22c1ce8186,diagnostic-only,False,False
r2-hard12-zillow-auto,hard12,zillow,2,auto,0,1,True,12.0495586,12.0495508,200,thin,browser,emulated,False,response,True,1,a1944500372ba1dee8443640923139487644f662b826c441553172367582c966,partial,False,False
r2-hard12-zillow-auto,hard12,zillow,2,auto,0,2,False,46.0290446,46.0290396,200,,real,emulated,False,wall_or_error,True,1,b0fd1e37cbe6128d17c841ce273a89efbad1175f497a3bc3e29f3b909d912c5c,wall,False,False
r2-hard12-zillow-auto,hard12,zillow,2,auto,0,3,False,0.000144,0.0001422,0,,,,False,local_deferral,True,1,6304af10b65cfb506526ce1c40a35828900c806a4497ed582bc4d3641d26d5d8,unavailable,False,False
r2-hard12-zillow-native,hard12,zillow,2,native,1,1,False,0.0018002,0.001794,0,,,,False,local_deferral,True,1,6304af10b65cfb506526ce1c40a35828900c806a4497ed582bc4d3641d26d5d8,unavailable,False,False
r2-hard12-zillow-native,hard12,zillow,2,native,1,2,False,9.08e-05,8.93e-05,0,,,,False,local_deferral,True,1,6304af10b65cfb506526ce1c40a35828900c806a4497ed582bc4d3641d26d5d8,unavailable,False,False
r2-hard12-zillow-native,hard12,zillow,2,native,1,3,False,6.55e-05,6.43e-05,0,,,,False,local_deferral,True,1,6304af10b65cfb506526ce1c40a35828900c806a4497ed582bc4d3641d26d5d8,unavailable,False,False
r2-hard12-hackernews-native,hard12,hackernews,2,native,0,1,True,2.2022628,2.2022435,200,thin,warm,native,False,response,True,1,3009b96834bb8f6bba9ea06838f7c94d53baa7afc764aaeae8a60446df03b2c2,useful,True,True
r2-hard12-hackernews-native,hard12,hackernews,2,native,0,2,True,1.4104012,1.410381,200,thin,warm,native,False,response,True,1,3009b96834bb8f6bba9ea06838f7c94d53baa7afc764aaeae8a60446df03b2c2,useful,True,True
r2-hard12-hackernews-native,hard12,hackernews,2,native,0,3,True,1.4188728,1.4188537,200,thin,warm,native,False,response,True,1,3009b96834bb8f6bba9ea06838f7c94d53baa7afc764aaeae8a60446df03b2c2,useful,True,True
r2-hard12-hackernews-auto,hard12,hackernews,2,auto,1,1,True,0.3827909,0.3827783,200,thin,http,emulated,False,response,True,1,3009b96834bb8f6bba9ea06838f7c94d53baa7afc764aaeae8a60446df03b2c2,useful,True,True
r2-hard12-hackernews-auto,hard12,hackernews,2,auto,1,2,True,0.7099643,0.7099543,200,thin,http,emulated,False,response,True,1,3009b96834bb8f6bba9ea06838f7c94d53baa7afc764aaeae8a60446df03b2c2,useful,True,True
r2-hard12-hackernews-auto,hard12,hackernews,2,auto,1,3,True,1.0151219,1.0151108,200,thin,http,emulated,False,response,True,1,3009b96834bb8f6bba9ea06838f7c94d53baa7afc764aaeae8a60446df03b2c2,useful,True,True
r2-vendors8-cloudflare-indeed-native,vendors8,cloudflare-indeed,2,native,0,1,False,0.0018017,0.0017953,0,,,,False,local_deferral,True,1,6cb2512d3bc631db0185100591e95da5fabce97c497b291129557096f5bfe6b8,unavailable,False,False
r2-vendors8-cloudflare-indeed-native,vendors8,cloudflare-indeed,2,native,0,2,False,9.44e-05,9.29e-05,0,,,,False,local_deferral,True,1,6cb2512d3bc631db0185100591e95da5fabce97c497b291129557096f5bfe6b8,unavailable,False,False
r2-vendors8-cloudflare-indeed-native,vendors8,cloudflare-indeed,2,native,0,3,False,6.92e-05,6.79e-05,0,,,,False,local_deferral,True,1,6cb2512d3bc631db0185100591e95da5fabce97c497b291129557096f5bfe6b8,unavailable,False,False
r2-vendors8-cloudflare-indeed-auto,vendors8,cloudflare-indeed,2,auto,1,1,False,0.0018112,0.001805,0,,,,False,local_deferral,True,1,6cb2512d3bc631db0185100591e95da5fabce97c497b291129557096f5bfe6b8,unavailable,False,False
r2-vendors8-cloudflare-indeed-auto,vendors8,cloudflare-indeed,2,auto,1,2,False,8.24e-05,8.08e-05,0,,,,False,local_deferral,True,1,6cb2512d3bc631db0185100591e95da5fabce97c497b291129557096f5bfe6b8,unavailable,False,False
r2-vendors8-cloudflare-indeed-auto,vendors8,cloudflare-indeed,2,auto,1,3,False,6.91e-05,6.64e-05,0,,,,False,local_deferral,True,1,6cb2512d3bc631db0185100591e95da5fabce97c497b291129557096f5bfe6b8,unavailable,False,False
r2-hard12-example-auto,hard12,example,2,auto,0,1,True,0.2212807,0.2212738,200,thin,http,emulated,False,response,True,1,7a5d955914cbd88734d88d9d6a43bcf1c4cdfe8fd2ebd014f44522ca1e6f35a6,useful,True,True
r2-hard12-example-auto,hard12,example,2,auto,0,2,True,0.8509772,0.8509693,200,thin,http,emulated,False,response,True,1,7a5d955914cbd88734d88d9d6a43bcf1c4cdfe8fd2ebd014f44522ca1e6f35a6,useful,True,True
r2-hard12-example-auto,hard12,example,2,auto,0,3,True,0.9980413,0.9980366,200,thin,http,emulated,False,response,True,1,7a5d955914cbd88734d88d9d6a43bcf1c4cdfe8fd2ebd014f44522ca1e6f35a6,useful,True,True
r2-hard12-example-native,hard12,example,2,native,1,1,True,22.2734435,22.2734367,200,thin,warm,native,False,response,True,1,7a5d955914cbd88734d88d9d6a43bcf1c4cdfe8fd2ebd014f44522ca1e6f35a6,useful,True,True
r2-hard12-example-native,hard12,example,2,native,1,2,True,21.8452708,21.8452642,200,thin,warm,native,False,response,True,1,7a5d955914cbd88734d88d9d6a43bcf1c4cdfe8fd2ebd014f44522ca1e6f35a6,useful,True,True
r2-hard12-example-native,hard12,example,2,native,1,3,True,30.7437108,30.743705,200,thin,warm,native,False,response,True,1,7a5d955914cbd88734d88d9d6a43bcf1c4cdfe8fd2ebd014f44522ca1e6f35a6,useful,True,True
r2-public31-pixelscan-fp-auto,public31,pixelscan-fp,2,auto,0,1,True,1.8415803,1.8415738,200,thin,http,emulated,False,response,True,1,84779cbc165c9b51e9807708ad2f6e35cf13b42eb374447f6696704b4dbefac5,diagnostic-only,False,False
r2-public31-pixelscan-fp-auto,public31,pixelscan-fp,2,auto,0,2,True,0.8081387,0.8081347,200,thin,http,emulated,False,response,True,1,84779cbc165c9b51e9807708ad2f6e35cf13b42eb374447f6696704b4dbefac5,diagnostic-only,False,False
r2-public31-pixelscan-fp-auto,public31,pixelscan-fp,2,auto,0,3,True,1.0442902,1.0442841,200,thin,http,emulated,False,response,True,1,84779cbc165c9b51e9807708ad2f6e35cf13b42eb374447f6696704b4dbefac5,diagnostic-only,False,False
r2-public31-pixelscan-fp-native,public31,pixelscan-fp,2,native,1,1,True,7.5368228,7.5368147,200,thin,warm,native,False,response,True,1,3b513a7d7d7a51ce08624e1bc8742d4182bb6cc299d04ae0d68bbedebae9ed91,diagnostic-only,False,False
r2-public31-pixelscan-fp-native,public31,pixelscan-fp,2,native,1,2,True,2.9790491,2.9790397,200,thin,warm,native,False,response,True,1,8812c18d17288a04cdf0bbae322b40b42373c8a67d0c69e2bf8a2d419a6ef7b0,diagnostic-only,False,False
r2-public31-pixelscan-fp-native,public31,pixelscan-fp,2,native,1,3,True,8.2389047,8.2388982,200,thin,warm,native,False,response,True,1,3dcbba2497a39896bd89bfca7c3d77b42cf4e66c96a5d2eeba134a7c0cfb561d,diagnostic-only,False,False
r2-hard12-indeed-auto,hard12,indeed,2,auto,0,1,False,0.0018649,0.0018567,0,,,,False,local_deferral,True,1,3d1fdff00a184204e4bd19a2bc3080b99249a53c03dd315817a6628ab9e9271a,unavailable,False,False
r2-hard12-indeed-auto,hard12,indeed,2,auto,0,2,False,0.0001094,0.0001079,0,,,,False,local_deferral,True,1,3d1fdff00a184204e4bd19a2bc3080b99249a53c03dd315817a6628ab9e9271a,unavailable,False,False
r2-hard12-indeed-auto,hard12,indeed,2,auto,0,3,False,8.73e-05,8.62e-05,0,,,,False,local_deferral,True,1,3d1fdff00a184204e4bd19a2bc3080b99249a53c03dd315817a6628ab9e9271a,unavailable,False,False
r2-hard12-indeed-native,hard12,indeed,2,native,1,1,False,0.0021079,0.0021009,0,,,,False,local_deferral,True,1,3d1fdff00a184204e4bd19a2bc3080b99249a53c03dd315817a6628ab9e9271a,unavailable,False,False
r2-hard12-indeed-native,hard12,indeed,2,native,1,2,False,9.95e-05,9.79e-05,0,,,,False,local_deferral,True,1,3d1fdff00a184204e4bd19a2bc3080b99249a53c03dd315817a6628ab9e9271a,unavailable,False,False
r2-hard12-indeed-native,hard12,indeed,2,native,1,3,False,6.81e-05,6.7e-05,0,,,,False,local_deferral,True,1,3d1fdff00a184204e4bd19a2bc3080b99249a53c03dd315817a6628ab9e9271a,unavailable,False,False
r2-public31-linkedin-jobs-auto,public31,linkedin-jobs,2,auto,0,1,True,0.917192,0.9171622,200,thin,http,emulated,False,response,True,1,99dfccfb789f8df11d023458676cfb7444060c6161190e44dc296a6450741b98,useful,True,True
r2-public31-linkedin-jobs-auto,public31,linkedin-jobs,2,auto,0,2,True,0.7363864,0.7363597,200,thin,http,emulated,False,response,True,1,021609f3f256e54738b244aef69c9105c346b31e316af10a69da76b955d299eb,useful,True,True
r2-public31-linkedin-jobs-auto,public31,linkedin-jobs,2,auto,0,3,True,1.0103744,1.0103497,200,thin,http,emulated,False,response,True,1,7de60952a0c1dbc12e0b1a7a927f54d2414af092e96e206969bd71fc4357a5f2,useful,True,True
r2-public31-linkedin-jobs-native,public31,linkedin-jobs,2,native,1,1,False,23.8023735,23.8023664,200,,warm,native,False,wall_or_error,True,1,5338a01dbe2aa41fd812fb0522ae03110a709196d7f559f59fcd3e7366c965c8,useful,False,True
r2-public31-linkedin-jobs-native,public31,linkedin-jobs,2,native,1,2,False,22.8620548,22.86205,200,,warm,native,False,wall_or_error,True,1,1a10a3d8630f5ab0d85a0becce9f0c5f29f2ceb6e642af9bfa9652ee35aad2b0,useful,False,True
r2-public31-linkedin-jobs-native,public31,linkedin-jobs,2,native,1,3,False,22.8909698,22.8909644,200,,warm,native,False,wall_or_error,True,1,ddd6532c549b74f4dcfb4c185d103c8b2310d224165ba5ca79c5277c2368e5f3,useful,False,True
r2-public31-stockwatch-auto,public31,stockwatch,2,auto,0,1,True,0.5409367,0.5409238,200,full,http,emulated,False,response,True,1,31c7e299dd2214c1f1ac704ea10a9e4c5c061883e6cfb28a820067ab07e857a5,useful,True,True
r2-public31-stockwatch-auto,public31,stockwatch,2,auto,0,2,True,0.6489545,0.6489423,200,full,http,emulated,False,response,True,1,c7233f6c89afffa1e44bd988685bf03611747c0e07b961f9ac0fd8e99c39a942,useful,True,True
r2-public31-stockwatch-auto,public31,stockwatch,2,auto,0,3,True,1.0065659,1.0065526,200,full,http,emulated,False,response,True,1,cd354cc77503e32bf8cdd26532a6c9101652ff334a07c3725f9d9e796f6f2158,useful,True,True
r2-public31-stockwatch-native,public31,stockwatch,2,native,1,1,True,23.7228608,23.722853,200,thin,warm,native,False,response,True,1,2402a9c46257f8264d4aa2f8c48a7e2b00fe1065e6fb1be1a52d310943390e54,useful,True,True
r2-public31-stockwatch-native,public31,stockwatch,2,native,1,2,True,22.9300401,22.9300334,200,thin,warm,native,False,response,True,1,6702659f259d61282f45ed33c1acb4d34de878214e4cab2e277449519c8fef73,useful,True,True
r2-public31-stockwatch-native,public31,stockwatch,2,native,1,3,True,22.9937656,22.9937586,200,thin,warm,native,False,response,True,1,4100e0f8acb78a4d253da33e8be981b60782971d02296a5aad7c227a311a99e5,useful,True,True
r2-hard12-crunchbase-native,hard12,crunchbase,2,native,0,1,True,2.4452499,2.4452398,200,thin,warm,native,False,response,True,1,85bcfc91defaccb51bea7616d6c57da61db9bfe1751425c9c8b707fbb7fa735f,useful,True,True
r2-hard12-crunchbase-native,hard12,crunchbase,2,native,0,2,False,0.000162,0.0001601,0,,,,False,local_deferral,True,1,741a693abfa635a5f3ddad57491e3b8aff1b6c8062a905dd09a88b1271fbd91b,unavailable,False,False
r2-hard12-crunchbase-native,hard12,crunchbase,2,native,0,3,False,8.45e-05,8.35e-05,0,,,,False,local_deferral,True,1,741a693abfa635a5f3ddad57491e3b8aff1b6c8062a905dd09a88b1271fbd91b,unavailable,False,False
r2-hard12-crunchbase-auto,hard12,crunchbase,2,auto,1,1,False,0.0017976,0.0017901,0,,,,False,local_deferral,True,1,741a693abfa635a5f3ddad57491e3b8aff1b6c8062a905dd09a88b1271fbd91b,unavailable,False,False
r2-hard12-crunchbase-auto,hard12,crunchbase,2,auto,1,2,False,9.68e-05,9.5e-05,0,,,,False,local_deferral,True,1,741a693abfa635a5f3ddad57491e3b8aff1b6c8062a905dd09a88b1271fbd91b,unavailable,False,False
r2-hard12-crunchbase-auto,hard12,crunchbase,2,auto,1,3,False,7.01e-05,6.87e-05,0,,,,False,local_deferral,True,1,741a693abfa635a5f3ddad57491e3b8aff1b6c8062a905dd09a88b1271fbd91b,unavailable,False,False
r2-vendors8-akamai-homedepot-native,vendors8,akamai-homedepot,2,native,0,1,True,14.3528062,14.352799,200,thin,warm,native,False,response,True,1,c329af661eaead6a92e87f40b7f3d0501c068f0d86c4f3c4b119d7f813a52545,shell,False,False
r2-vendors8-akamai-homedepot-native,vendors8,akamai-homedepot,2,native,0,2,False,0.0001446,0.0001434,0,,,,False,local_deferral,True,1,80c1ae9ad5c93a05d471470f5dd8fc7e4a643c8378c4fa3d28f0abbb32682cdb,unavailable,False,False
r2-vendors8-akamai-homedepot-native,vendors8,akamai-homedepot,2,native,0,3,False,7.05e-05,6.95e-05,0,,,,False,local_deferral,True,1,80c1ae9ad5c93a05d471470f5dd8fc7e4a643c8378c4fa3d28f0abbb32682cdb,unavailable,False,False
r2-vendors8-akamai-homedepot-auto,vendors8,akamai-homedepot,2,auto,1,1,False,0.0019729,0.0019663,0,,,,False,local_deferral,True,1,80c1ae9ad5c93a05d471470f5dd8fc7e4a643c8378c4fa3d28f0abbb32682cdb,unavailable,False,False
r2-vendors8-akamai-homedepot-auto,vendors8,akamai-homedepot,2,auto,1,2,False,9.77e-05,9.6e-05,0,,,,False,local_deferral,True,1,80c1ae9ad5c93a05d471470f5dd8fc7e4a643c8378c4fa3d28f0abbb32682cdb,unavailable,False,False
r2-vendors8-akamai-homedepot-auto,vendors8,akamai-homedepot,2,auto,1,3,False,6.74e-05,6.64e-05,0,,,,False,local_deferral,True,1,80c1ae9ad5c93a05d471470f5dd8fc7e4a643c8378c4fa3d28f0abbb32682cdb,unavailable,False,False
r2-public31-bot-incolumitas-native,public31,bot-incolumitas,2,native,0,1,True,2.6567187,2.6566857,200,full,warm,native,False,response,True,1,72ec16f229228fa3e115186907e70ec8d8b1ca76a2af7a9600212a71ffe20d5d,diagnostic-only,False,False
r2-public31-bot-incolumitas-native,public31,bot-incolumitas,2,native,0,2,True,2.1685271999999998,2.1684985,200,full,warm,native,False,response,True,1,3c59f564b55fe74c2297047c40a9e8139ec7d06fc4ed4eab15be5c1e3f4242a2,diagnostic-only,False,False
r2-public31-bot-incolumitas-native,public31,bot-incolumitas,2,native,0,3,True,2.2583995,2.2583771,200,full,warm,native,False,response,True,1,80875ff4ee80f292707066a489effa634027ba4faab45b8cd1e40ab3a90af410,diagnostic-only,False,False
r2-public31-bot-incolumitas-auto,public31,bot-incolumitas,2,auto,1,1,True,0.719107,0.7190978,200,full,http,emulated,False,response,True,1,c8171629aae01e2c3a2c33c5ddbf2a8d7a30c154d665252896b00b479707409a,diagnostic-only,False,False
r2-public31-bot-incolumitas-auto,public31,bot-incolumitas,2,auto,1,2,True,0.4527483,0.4527427,200,full,http,emulated,False,response,True,1,c8171629aae01e2c3a2c33c5ddbf2a8d7a30c154d665252896b00b479707409a,diagnostic-only,False,False
r2-public31-bot-incolumitas-auto,public31,bot-incolumitas,2,auto,1,3,True,1.0130011,1.0129932,200,full,http,emulated,False,response,True,1,c8171629aae01e2c3a2c33c5ddbf2a8d7a30c154d665252896b00b479707409a,diagnostic-only,False,False
r2-vendors8-akamai-newegg-auto,vendors8,akamai-newegg,2,auto,0,1,True,0.3371833,0.3371666,200,thin,http,emulated,False,response,True,1,aefc16f81ba18923adfc19ddc947c73ed407ae98cfe06bad4b19544a3c02d15f,useful,True,True
r2-vendors8-akamai-newegg-auto,vendors8,akamai-newegg,2,auto,0,2,True,0.8453831,0.8453671,200,thin,http,emulated,False,response,True,1,aefc16f81ba18923adfc19ddc947c73ed407ae98cfe06bad4b19544a3c02d15f,useful,True,True
r2-vendors8-akamai-newegg-auto,vendors8,akamai-newegg,2,auto,0,3,True,1.0000474,1.000032,200,thin,http,emulated,False,response,True,1,aefc16f81ba18923adfc19ddc947c73ed407ae98cfe06bad4b19544a3c02d15f,useful,True,True
r2-vendors8-akamai-newegg-native,vendors8,akamai-newegg,2,native,1,1,True,6.2073369,6.2073159,200,thin,warm,native,False,response,True,1,cbe3800f17e9e4761f424fecbe44ae31ce0a1c99b2b944b85cf1d7ec37ddf9b6,useful,True,True
r2-vendors8-akamai-newegg-native,vendors8,akamai-newegg,2,native,1,2,True,4.092536,4.0925185,200,thin,warm,native,False,response,True,1,da756cfde00a82e983f47ccaad8c1d6aa4ee4cb96d72ae57c714f55e32fb79c4,useful,True,True
r2-vendors8-akamai-newegg-native,vendors8,akamai-newegg,2,native,1,3,True,10.1986044,10.1985864,200,thin,warm,native,False,response,True,1,cbe3800f17e9e4761f424fecbe44ae31ce0a1c99b2b944b85cf1d7ec37ddf9b6,useful,True,True
r2-public31-devto-native,public31,devto,2,native,0,1,True,2.5962731,2.5962423,200,partial,warm,native,False,response,True,1,2dc7d6d279fa926db90a1b9719c460d25c7c0735097e03132038bc00e6f75d31,useful,True,True
r2-public31-devto-native,public31,devto,2,native,0,2,True,1.6392737,1.6392476,200,partial,warm,native,False,response,True,1,2dc7d6d279fa926db90a1b9719c460d25c7c0735097e03132038bc00e6f75d31,useful,True,True
r2-public31-devto-native,public31,devto,2,native,0,3,True,1.6610684999999998,1.6610374,200,partial,warm,native,False,response,True,1,2dc7d6d279fa926db90a1b9719c460d25c7c0735097e03132038bc00e6f75d31,useful,True,True
r2-public31-devto-auto,public31,devto,2,auto,1,1,True,0.1145791,0.1145471,200,partial,http,emulated,False,response,True,1,90fd3eecf4d81221078fffe5fa4925ed5b92c8675bef1082acadeb2f5cce3768,useful,True,True
r2-public31-devto-auto,public31,devto,2,auto,1,2,True,0.920417,0.9203838,200,partial,http,emulated,False,response,True,1,90fd3eecf4d81221078fffe5fa4925ed5b92c8675bef1082acadeb2f5cce3768,useful,True,True
r2-public31-devto-auto,public31,devto,2,auto,1,3,True,1.0003441,1.0003131,200,partial,http,emulated,False,response,True,1,90fd3eecf4d81221078fffe5fa4925ed5b92c8675bef1082acadeb2f5cce3768,useful,True,True
r3-public31-indeed-jobs-auto,public31,indeed-jobs,3,auto,0,1,False,0.0016742,0.0016677,0,,,,False,local_deferral,True,1,39f672a8a7ef836bc099fa6d1c198e00c88308db9d2cedd6d1438bec0ff65276,unavailable,False,False
r3-public31-indeed-jobs-auto,public31,indeed-jobs,3,auto,0,2,False,7.98e-05,7.86e-05,0,,,,False,local_deferral,True,1,39f672a8a7ef836bc099fa6d1c198e00c88308db9d2cedd6d1438bec0ff65276,unavailable,False,False
r3-public31-indeed-jobs-auto,public31,indeed-jobs,3,auto,0,3,False,6.34e-05,6.23e-05,0,,,,False,local_deferral,True,1,39f672a8a7ef836bc099fa6d1c198e00c88308db9d2cedd6d1438bec0ff65276,unavailable,False,False
r3-public31-indeed-jobs-native,public31,indeed-jobs,3,native,1,1,False,0.0016012,0.0015935,0,,,,False,local_deferral,True,1,39f672a8a7ef836bc099fa6d1c198e00c88308db9d2cedd6d1438bec0ff65276,unavailable,False,False
r3-public31-indeed-jobs-native,public31,indeed-jobs,3,native,1,2,False,8.32e-05,8.19e-05,0,,,,False,local_deferral,True,1,39f672a8a7ef836bc099fa6d1c198e00c88308db9d2cedd6d1438bec0ff65276,unavailable,False,False
r3-public31-indeed-jobs-native,public31,indeed-jobs,3,native,1,3,False,6.49e-05,6.34e-05,0,,,,False,local_deferral,True,1,39f672a8a7ef836bc099fa6d1c198e00c88308db9d2cedd6d1438bec0ff65276,unavailable,False,False
r3-hard12-nowsecure-auto,hard12,nowsecure,3,auto,0,1,False,0.0019715,0.0019631,0,,,,False,local_deferral,True,1,c45390d7e139beb7fb13eee4aae6bb6f457168a8fff9db485f56e1756f60df8d,unavailable,False,False
r3-hard12-nowsecure-auto,hard12,nowsecure,3,auto,0,2,False,8.02e-05,7.9e-05,0,,,,False,local_deferral,True,1,c45390d7e139beb7fb13eee4aae6bb6f457168a8fff9db485f56e1756f60df8d,unavailable,False,False
r3-hard12-nowsecure-auto,hard12,nowsecure,3,auto,0,3,False,7.54e-05,7.43e-05,0,,,,False,local_deferral,True,1,c45390d7e139beb7fb13eee4aae6bb6f457168a8fff9db485f56e1756f60df8d,unavailable,False,False
r3-hard12-nowsecure-native,hard12,nowsecure,3,native,1,1,False,0.0016683,0.0016623,0,,,,False,local_deferral,True,1,c45390d7e139beb7fb13eee4aae6bb6f457168a8fff9db485f56e1756f60df8d,unavailable,False,False
r3-hard12-nowsecure-native,hard12,nowsecure,3,native,1,2,False,8.28e-05,8.17e-05,0,,,,False,local_deferral,True,1,c45390d7e139beb7fb13eee4aae6bb6f457168a8fff9db485f56e1756f60df8d,unavailable,False,False
r3-hard12-nowsecure-native,hard12,nowsecure,3,native,1,3,False,7.59e-05,7.44e-05,0,,,,False,local_deferral,True,1,c45390d7e139beb7fb13eee4aae6bb6f457168a8fff9db485f56e1756f60df8d,unavailable,False,False
r3-public31-medium-native,public31,medium,3,native,0,1,True,23.2162179,23.216209,200,thin,warm,native,False,response,True,1,3f17e5ee20b369a758965520e96f95b7af4c7ec58fe7669352cd15f14fe98878,useful,True,True
r3-public31-medium-native,public31,medium,3,native,0,2,False,0.0001284,0.0001273,0,,,,False,local_deferral,True,1,e484e034e1efb7dac0b0fd93423a6b3eed571fd2714d4dc20b360be9575a452c,unavailable,False,False
r3-public31-medium-native,public31,medium,3,native,0,3,False,6.89e-05,6.79e-05,0,,,,False,local_deferral,True,1,e484e034e1efb7dac0b0fd93423a6b3eed571fd2714d4dc20b360be9575a452c,unavailable,False,False
r3-public31-medium-auto,public31,medium,3,auto,1,1,False,0.0018599,0.0018536,0,,,,False,local_deferral,True,1,e484e034e1efb7dac0b0fd93423a6b3eed571fd2714d4dc20b360be9575a452c,unavailable,False,False
r3-public31-medium-auto,public31,medium,3,auto,1,2,False,7.85e-05,7.75e-05,0,,,,False,local_deferral,True,1,e484e034e1efb7dac0b0fd93423a6b3eed571fd2714d4dc20b360be9575a452c,unavailable,False,False
r3-public31-medium-auto,public31,medium,3,auto,1,3,False,6.34e-05,6.23e-05,0,,,,False,local_deferral,True,1,e484e034e1efb7dac0b0fd93423a6b3eed571fd2714d4dc20b360be9575a452c,unavailable,False,False
r3-public31-canadianinsider-auto,public31,canadianinsider,3,auto,0,1,False,7.3578508,7.3578434999999995,200,,real,emulated,False,wall_or_error,True,1,7274757f7e9c0a6e895d2ffaea9dd90510fbb20c7c8bcbc20e05de3be4305526,wall,False,False
r3-public31-canadianinsider-auto,public31,canadianinsider,3,auto,0,2,False,0.0001698,0.0001682,0,,,,False,local_deferral,True,1,4690065ddc9e1491b004905606e85e792ca22fe47edde83be556c0a740aa6801,unavailable,False,False
r3-public31-canadianinsider-auto,public31,canadianinsider,3,auto,0,3,False,7.6e-05,7.46e-05,0,,,,False,local_deferral,True,1,4690065ddc9e1491b004905606e85e792ca22fe47edde83be556c0a740aa6801,unavailable,False,False
r3-public31-canadianinsider-native,public31,canadianinsider,3,native,1,1,False,0.0020022,0.0019954,0,,,,False,local_deferral,True,1,4690065ddc9e1491b004905606e85e792ca22fe47edde83be556c0a740aa6801,unavailable,False,False
r3-public31-canadianinsider-native,public31,canadianinsider,3,native,1,2,False,8.77e-05,8.61e-05,0,,,,False,local_deferral,True,1,4690065ddc9e1491b004905606e85e792ca22fe47edde83be556c0a740aa6801,unavailable,False,False
r3-public31-canadianinsider-native,public31,canadianinsider,3,native,1,3,False,6.73e-05,6.59e-05,0,,,,False,local_deferral,True,1,4690065ddc9e1491b004905606e85e792ca22fe47edde83be556c0a740aa6801,unavailable,False,False
r3-vendors8-cloudflare-crunchbase-native,vendors8,cloudflare-crunchbase,3,native,0,1,False,0.0020221,0.0020158,0,,,,False,local_deferral,True,1,1244029dff925f904d364bb3a8306944c2da4a587916d9579decde8d707063cf,unavailable,False,False
r3-vendors8-cloudflare-crunchbase-native,vendors8,cloudflare-crunchbase,3,native,0,2,False,8.95e-05,8.82e-05,0,,,,False,local_deferral,True,1,1244029dff925f904d364bb3a8306944c2da4a587916d9579decde8d707063cf,unavailable,False,False
r3-vendors8-cloudflare-crunchbase-native,vendors8,cloudflare-crunchbase,3,native,0,3,False,7.35e-05,7.08e-05,0,,,,False,local_deferral,True,1,1244029dff925f904d364bb3a8306944c2da4a587916d9579decde8d707063cf,unavailable,False,False
r3-vendors8-cloudflare-crunchbase-auto,vendors8,cloudflare-crunchbase,3,auto,1,1,False,0.0018139,0.0018078,0,,,,False,local_deferral,True,1,1244029dff925f904d364bb3a8306944c2da4a587916d9579decde8d707063cf,unavailable,False,False
r3-vendors8-cloudflare-crunchbase-auto,vendors8,cloudflare-crunchbase,3,auto,1,2,False,8.12e-05,7.96e-05,0,,,,False,local_deferral,True,1,1244029dff925f904d364bb3a8306944c2da4a587916d9579decde8d707063cf,unavailable,False,False
r3-vendors8-cloudflare-crunchbase-auto,vendors8,cloudflare-crunchbase,3,auto,1,3,False,6.29e-05,6.16e-05,0,,,,False,local_deferral,True,1,1244029dff925f904d364bb3a8306944c2da4a587916d9579decde8d707063cf,unavailable,False,False
r3-public31-linkedin-jobs-native,public31,linkedin-jobs,3,native,0,1,False,24.845855,24.8458465,200,,warm,native,False,wall_or_error,True,1,ef508b1ceb34dd590f758f1613881201e8bf7fc28936b51a5f42b9159e1b9261,useful,False,True
r3-public31-linkedin-jobs-native,public31,linkedin-jobs,3,native,0,2,False,0.000146,0.0001446,0,,,,False,local_deferral,True,1,2f8050be221d36a34d066a5dc5fea7e09166a2f25c08384071f2ef691171272a,unavailable,False,False
r3-public31-linkedin-jobs-native,public31,linkedin-jobs,3,native,0,3,False,7.8e-05,7.66e-05,0,,,,False,local_deferral,True,1,2f8050be221d36a34d066a5dc5fea7e09166a2f25c08384071f2ef691171272a,unavailable,False,False
r3-public31-linkedin-jobs-auto,public31,linkedin-jobs,3,auto,1,1,False,0.0018075,0.0018016,0,,,,False,local_deferral,True,1,2f8050be221d36a34d066a5dc5fea7e09166a2f25c08384071f2ef691171272a,unavailable,False,False
r3-public31-linkedin-jobs-auto,public31,linkedin-jobs,3,auto,1,2,False,8.51e-05,8.4e-05,0,,,,False,local_deferral,True,1,2f8050be221d36a34d066a5dc5fea7e09166a2f25c08384071f2ef691171272a,unavailable,False,False
r3-public31-linkedin-jobs-auto,public31,linkedin-jobs,3,auto,1,3,False,6.73e-05,6.61e-05,0,,,,False,local_deferral,True,1,2f8050be221d36a34d066a5dc5fea7e09166a2f25c08384071f2ef691171272a,unavailable,False,False
r3-public31-amazon-product-auto,public31,amazon-product,3,auto,0,1,False,10.0167255,10.0167197,200,,stealth,emulated,False,wall_or_error,True,1,430a406328bf581ab9acb14eef30a72fdac6ae7bf73bdb2a250824cc120bbd15,wall,False,False
r3-public31-amazon-product-auto,public31,amazon-product,3,auto,0,2,False,0.0001191,0.0001176,0,,,,False,local_deferral,True,1,d054fb66b3cd3f5c6217133186d998c37f8988c7a877be7e87e06f75fbb11618,unavailable,False,False
r3-public31-amazon-product-auto,public31,amazon-product,3,auto,0,3,False,6.84e-05,6.73e-05,0,,,,False,local_deferral,True,1,d054fb66b3cd3f5c6217133186d998c37f8988c7a877be7e87e06f75fbb11618,unavailable,False,False
r3-public31-amazon-product-native,public31,amazon-product,3,native,1,1,False,0.0018916,0.0018848,0,,,,False,local_deferral,True,1,d054fb66b3cd3f5c6217133186d998c37f8988c7a877be7e87e06f75fbb11618,unavailable,False,False
r3-public31-amazon-product-native,public31,amazon-product,3,native,1,2,False,8.19e-05,8.06e-05,0,,,,False,local_deferral,True,1,d054fb66b3cd3f5c6217133186d998c37f8988c7a877be7e87e06f75fbb11618,unavailable,False,False
r3-public31-amazon-product-native,public31,amazon-product,3,native,1,3,False,6.52e-05,6.25e-05,0,,,,False,local_deferral,True,1,d054fb66b3cd3f5c6217133186d998c37f8988c7a877be7e87e06f75fbb11618,unavailable,False,False
r3-public31-pixelscan-bot-auto,public31,pixelscan-bot,3,auto,0,1,True,1.7631215999999998,1.7631147999999999,200,thin,http,emulated,False,response,True,1,6ea77fdfd6ff198998f99fe5195c83b80823f648a622ca043f5b6bb916df12c1,diagnostic-only,False,False
r3-public31-pixelscan-bot-auto,public31,pixelscan-bot,3,auto,0,2,True,0.9495998,0.9495954,200,thin,http,emulated,False,response,True,1,6ea77fdfd6ff198998f99fe5195c83b80823f648a622ca043f5b6bb916df12c1,diagnostic-only,False,False
r3-public31-pixelscan-bot-auto,public31,pixelscan-bot,3,auto,0,3,True,0.8954531,0.895448,200,thin,http,emulated,False,response,True,1,6ea77fdfd6ff198998f99fe5195c83b80823f648a622ca043f5b6bb916df12c1,diagnostic-only,False,False
r3-public31-pixelscan-bot-native,public31,pixelscan-bot,3,native,1,1,True,4.6079164,4.60791,200,thin,warm,native,False,response,True,1,15a94dbf945e34c8274f1b0182c7e7cd2eb07c198a68094db715bcdd62dc9f1b,diagnostic-only,False,False
r3-public31-pixelscan-bot-native,public31,pixelscan-bot,3,native,1,2,False,0.0001287,0.0001272,0,,,,False,local_deferral,True,1,2771633e2602f9f42b511ee300ddde67d4e63e158ce274a02c9ad78d0a2668c2,unavailable,False,False
r3-public31-pixelscan-bot-native,public31,pixelscan-bot,3,native,1,3,False,6.7e-05,6.6e-05,0,,,,False,local_deferral,True,1,2771633e2602f9f42b511ee300ddde67d4e63e158ce274a02c9ad78d0a2668c2,unavailable,False,False
r3-public31-tiktok-user-native,public31,tiktok-user,3,native,0,1,False,22.9842233,22.9842133,200,,warm,native,False,wall_or_error,True,1,2685d70b0bb7b101a18a46959131900684d9ad72cd157cde38cabf2a73af08d3,shell,False,False
r3-public31-tiktok-user-native,public31,tiktok-user,3,native,0,2,False,0.0002443,0.0002425,0,,,,False,local_deferral,True,1,5eba95fa44777804f205f15ce39c540471cbebf29e3e40d123e19ac038d31177,unavailable,False,False
r3-public31-tiktok-user-native,public31,tiktok-user,3,native,0,3,False,0.0001491,0.0001474,0,,,,False,local_deferral,True,1,5eba95fa44777804f205f15ce39c540471cbebf29e3e40d123e19ac038d31177,unavailable,False,False
r3-public31-tiktok-user-auto,public31,tiktok-user,3,auto,1,1,False,0.0015843,0.0015778,0,,,,False,local_deferral,True,1,5eba95fa44777804f205f15ce39c540471cbebf29e3e40d123e19ac038d31177,unavailable,False,False
r3-public31-tiktok-user-auto,public31,tiktok-user,3,auto,1,2,False,8.35e-05,8.24e-05,0,,,,False,local_deferral,True,1,5eba95fa44777804f205f15ce39c540471cbebf29e3e40d123e19ac038d31177,unavailable,False,False
r3-public31-tiktok-user-auto,public31,tiktok-user,3,auto,1,3,False,6.55e-05,6.44e-05,0,,,,False,local_deferral,True,1,5eba95fa44777804f205f15ce39c540471cbebf29e3e40d123e19ac038d31177,unavailable,False,False
r3-public31-stackoverflow-native,public31,stackoverflow,3,native,0,1,True,2.7897207,2.7897084,200,partial,warm,native,False,response,True,1,595d7b765a5b7b01448de1f2ba11ebcb71fb41458bf322f0e6928caedaff1299,useful,True,True
r3-public31-stackoverflow-native,public31,stackoverflow,3,native,0,2,False,0.0001534,0.0001522,0,,,,False,local_deferral,True,1,3ead0f6a916f089b80d6e7abeecfb912a5ecc93a5c937c82d2037af6f71a1a53,unavailable,False,False
r3-public31-stackoverflow-native,public31,stackoverflow,3,native,0,3,False,6.83e-05,6.72e-05,0,,,,False,local_deferral,True,1,3ead0f6a916f089b80d6e7abeecfb912a5ecc93a5c937c82d2037af6f71a1a53,unavailable,False,False
r3-public31-stackoverflow-auto,public31,stackoverflow,3,auto,1,1,False,0.001746,0.0017373,0,,,,False,local_deferral,True,1,3ead0f6a916f089b80d6e7abeecfb912a5ecc93a5c937c82d2037af6f71a1a53,unavailable,False,False
r3-public31-stackoverflow-auto,public31,stackoverflow,3,auto,1,2,False,0.0001284,0.0001267,0,,,,False,local_deferral,True,1,3ead0f6a916f089b80d6e7abeecfb912a5ecc93a5c937c82d2037af6f71a1a53,unavailable,False,False
r3-public31-stackoverflow-auto,public31,stackoverflow,3,auto,1,3,False,9.44e-05,9.27e-05,0,,,,False,local_deferral,True,1,3ead0f6a916f089b80d6e7abeecfb912a5ecc93a5c937c82d2037af6f71a1a53,unavailable,False,False
r3-public31-browserscan-bot-native,public31,browserscan-bot,3,native,0,1,True,2.5131639999999997,2.5131518,200,thin,warm,native,False,response,True,1,bef8ba910f83c2c04633231569918b52dbe9c10c06198377c2af1d22c1ce8186,diagnostic-only,False,False
r3-public31-browserscan-bot-native,public31,browserscan-bot,3,native,0,2,True,1.8448087,1.8447972,200,thin,warm,native,False,response,True,1,bef8ba910f83c2c04633231569918b52dbe9c10c06198377c2af1d22c1ce8186,diagnostic-only,False,False
r3-public31-browserscan-bot-native,public31,browserscan-bot,3,native,0,3,True,1.8229891,1.822978,200,thin,warm,native,False,response,True,1,bef8ba910f83c2c04633231569918b52dbe9c10c06198377c2af1d22c1ce8186,diagnostic-only,False,False
r3-public31-browserscan-bot-auto,public31,browserscan-bot,3,auto,1,1,True,0.1483703,0.1483638,200,full,http,emulated,False,response,True,1,9838a395b0e235222d605fb5036d59bda16b9f0ce119725360f9b29c46a013cf,diagnostic-only,False,False
r3-public31-browserscan-bot-auto,public31,browserscan-bot,3,auto,1,2,True,0.9153476,0.9153423,200,full,http,emulated,False,response,True,1,9838a395b0e235222d605fb5036d59bda16b9f0ce119725360f9b29c46a013cf,diagnostic-only,False,False
r3-public31-browserscan-bot-auto,public31,browserscan-bot,3,auto,1,3,True,1.0021042,1.0020994,200,full,http,emulated,False,response,True,1,9838a395b0e235222d605fb5036d59bda16b9f0ce119725360f9b29c46a013cf,diagnostic-only,False,False
r3-public31-newsfilecorp-auto,public31,newsfilecorp,3,auto,0,1,True,0.8922883,0.892259,200,full,http,emulated,False,response,True,1,58d942aebce6267cb424561535324cea880f02b43a14bf019e0152835ca2c9c8,useful,True,True
r3-public31-newsfilecorp-auto,public31,newsfilecorp,3,auto,0,2,True,0.3685006,0.3684824,200,full,http,emulated,False,response,True,1,58d942aebce6267cb424561535324cea880f02b43a14bf019e0152835ca2c9c8,useful,True,True
r3-public31-newsfilecorp-auto,public31,newsfilecorp,3,auto,0,3,True,1.0172735,1.0172537,200,full,http,emulated,False,response,True,1,58d942aebce6267cb424561535324cea880f02b43a14bf019e0152835ca2c9c8,useful,True,True
r3-public31-newsfilecorp-native,public31,newsfilecorp,3,native,1,1,True,3.1303011,3.1302823,200,thin,warm,native,False,response,True,1,58d942aebce6267cb424561535324cea880f02b43a14bf019e0152835ca2c9c8,useful,True,True
r3-public31-newsfilecorp-native,public31,newsfilecorp,3,native,1,2,True,1.8085813,1.8085752,200,thin,warm,native,False,response,True,1,7d61190954e6288ab0b94e011ca276dba93bc25a6aff43d8a6900ee8bd17f285,wall,False,False
r3-public31-newsfilecorp-native,public31,newsfilecorp,3,native,1,3,False,1.7903599,1.7903571,0,,,,False,wall_or_error,True,1,19be420ea148bff7e39a4aeebe36d0dc04e7a799e925e4383241591a689ef592,unavailable,False,False
r3-public31-github-explore-auto,public31,github-explore,3,auto,0,1,True,1.7456893999999998,1.7456784,200,thin,http,emulated,False,response,True,1,f53b02ed363d3c9ce26d7d74a57b3566799f853dd6d542b8d85414ecef7ba4bd,partial,False,False
r3-public31-github-explore-auto,public31,github-explore,3,auto,0,2,True,0.0890889,0.0890796,200,thin,http,emulated,False,response,True,1,f53b02ed363d3c9ce26d7d74a57b3566799f853dd6d542b8d85414ecef7ba4bd,partial,False,False
r3-public31-github-explore-auto,public31,github-explore,3,auto,0,3,True,1.0114076,1.0113985,200,thin,http,emulated,False,response,True,1,f53b02ed363d3c9ce26d7d74a57b3566799f853dd6d542b8d85414ecef7ba4bd,partial,False,False
r3-public31-github-explore-native,public31,github-explore,3,native,1,1,True,2.9703713,2.9703623,200,thin,warm,native,False,response,True,1,f53b02ed363d3c9ce26d7d74a57b3566799f853dd6d542b8d85414ecef7ba4bd,partial,False,False
r3-public31-github-explore-native,public31,github-explore,3,native,1,2,True,1.8086820000000001,1.8086731,200,thin,warm,native,False,response,True,1,f53b02ed363d3c9ce26d7d74a57b3566799f853dd6d542b8d85414ecef7ba4bd,partial,False,False
r3-public31-github-explore-native,public31,github-explore,3,native,1,3,True,1.8104684,1.8104594999999999,200,thin,warm,native,False,response,True,1,f53b02ed363d3c9ce26d7d74a57b3566799f853dd6d542b8d85414ecef7ba4bd,partial,False,False
r3-public31-devto-auto,public31,devto,3,auto,0,1,True,0.1649407,0.16491,200,partial,http,emulated,False,response,True,1,58b399e2ca139ac19dfa95ad4af9b9f24e4456fcc0e2c18ded1fc4ba175c259c,useful,True,True
r3-public31-devto-auto,public31,devto,3,auto,0,2,True,0.8834291,0.8834005,200,partial,http,emulated,False,response,True,1,58b399e2ca139ac19dfa95ad4af9b9f24e4456fcc0e2c18ded1fc4ba175c259c,useful,True,True
r3-public31-devto-auto,public31,devto,3,auto,0,3,True,0.9940311,0.9940005,200,partial,http,emulated,False,response,True,1,58b399e2ca139ac19dfa95ad4af9b9f24e4456fcc0e2c18ded1fc4ba175c259c,useful,True,True
r3-public31-devto-native,public31,devto,3,native,1,1,True,2.5281709,2.5281381,200,partial,warm,native,False,response,True,1,05a26e130d5e0fd7468a89178860aa898f2483b08566e2e11a5677368fe439f3,useful,True,True
r3-public31-devto-native,public31,devto,3,native,1,2,True,1.6523756,1.6523457000000001,200,partial,warm,native,False,response,True,1,05a26e130d5e0fd7468a89178860aa898f2483b08566e2e11a5677368fe439f3,useful,True,True
r3-public31-devto-native,public31,devto,3,native,1,3,True,1.6670829,1.6670517999999999,200,partial,warm,native,False,response,True,1,05a26e130d5e0fd7468a89178860aa898f2483b08566e2e11a5677368fe439f3,useful,True,True
r3-public31-instagram-post-auto,public31,instagram-post,3,auto,0,1,False,0.0020994,0.0020925,0,,,,False,local_deferral,True,1,189057070f1e926489dd0f712be6ff0ec36c793482f76787cfefcc4d885ab336,unavailable,False,False
r3-public31-instagram-post-auto,public31,instagram-post,3,auto,0,2,False,0.0001008,9.91e-05,0,,,,False,local_deferral,True,1,189057070f1e926489dd0f712be6ff0ec36c793482f76787cfefcc4d885ab336,unavailable,False,False
r3-public31-instagram-post-auto,public31,instagram-post,3,auto,0,3,False,6.72e-05,6.61e-05,0,,,,False,local_deferral,True,1,189057070f1e926489dd0f712be6ff0ec36c793482f76787cfefcc4d885ab336,unavailable,False,False
r3-public31-instagram-post-native,public31,instagram-post,3,native,1,1,False,0.0020146,0.0020081,0,,,,False,local_deferral,True,1,189057070f1e926489dd0f712be6ff0ec36c793482f76787cfefcc4d885ab336,unavailable,False,False
r3-public31-instagram-post-native,public31,instagram-post,3,native,1,2,False,9.23e-05,9.08e-05,0,,,,False,local_deferral,True,1,189057070f1e926489dd0f712be6ff0ec36c793482f76787cfefcc4d885ab336,unavailable,False,False
r3-public31-instagram-post-native,public31,instagram-post,3,native,1,3,False,7.11e-05,6.96e-05,0,,,,False,local_deferral,True,1,189057070f1e926489dd0f712be6ff0ec36c793482f76787cfefcc4d885ab336,unavailable,False,False
r3-public31-ceo-ca-auto,public31,ceo-ca,3,auto,0,1,True,3.8595433,3.8595268000000003,200,thin,browser,emulated,False,response,True,1,e54398e831cbda80842c0d4c5a7d67d2da09d663d03a6c0172b08292c8b9f085,useful,True,True
r3-public31-ceo-ca-auto,public31,ceo-ca,3,auto,0,2,True,1.8990437999999998,1.8990315,200,thin,browser,emulated,False,response,True,1,e54398e831cbda80842c0d4c5a7d67d2da09d663d03a6c0172b08292c8b9f085,useful,True,True
r3-public31-ceo-ca-auto,public31,ceo-ca,3,auto,0,3,True,1.7843957000000001,1.7843824000000001,200,thin,browser,emulated,False,response,True,1,e54398e831cbda80842c0d4c5a7d67d2da09d663d03a6c0172b08292c8b9f085,useful,True,True
r3-public31-ceo-ca-native,public31,ceo-ca,3,native,1,1,True,3.3335951,3.3335848,204,thin,warm,native,False,response,True,1,1cb9c76bb8434e772f74c326dbf738b3452d32f0194361406e525ae6b9863a23,useful,True,True
r3-public31-ceo-ca-native,public31,ceo-ca,3,native,1,2,True,1.8297784,1.8297613,200,thin,warm,native,False,response,True,1,5d18a149c1cad95322d69629867556d1b31229bbc74451c31e6cf65da43fe7ad,useful,True,True
r3-public31-ceo-ca-native,public31,ceo-ca,3,native,1,3,True,1.8416215999999999,1.8416053,200,thin,warm,native,False,response,True,1,5d18a149c1cad95322d69629867556d1b31229bbc74451c31e6cf65da43fe7ad,useful,True,True
r3-hard12-crunchbase-auto,hard12,crunchbase,3,auto,0,1,False,0.0019889,0.0019815,0,,,,False,local_deferral,True,1,741a693abfa635a5f3ddad57491e3b8aff1b6c8062a905dd09a88b1271fbd91b,unavailable,False,False
r3-hard12-crunchbase-auto,hard12,crunchbase,3,auto,0,2,False,0.0001015,9.97e-05,0,,,,False,local_deferral,True,1,741a693abfa635a5f3ddad57491e3b8aff1b6c8062a905dd09a88b1271fbd91b,unavailable,False,False
r3-hard12-crunchbase-auto,hard12,crunchbase,3,auto,0,3,False,7.63e-05,7.4e-05,0,,,,False,local_deferral,True,1,741a693abfa635a5f3ddad57491e3b8aff1b6c8062a905dd09a88b1271fbd91b,unavailable,False,False
r3-hard12-crunchbase-native,hard12,crunchbase,3,native,1,1,False,0.00207,0.0020621,0,,,,False,local_deferral,True,1,741a693abfa635a5f3ddad57491e3b8aff1b6c8062a905dd09a88b1271fbd91b,unavailable,False,False
r3-hard12-crunchbase-native,hard12,crunchbase,3,native,1,2,False,9.65e-05,9.49e-05,0,,,,False,local_deferral,True,1,741a693abfa635a5f3ddad57491e3b8aff1b6c8062a905dd09a88b1271fbd91b,unavailable,False,False
r3-hard12-crunchbase-native,hard12,crunchbase,3,native,1,3,False,6.88e-05,6.73e-05,0,,,,False,local_deferral,True,1,741a693abfa635a5f3ddad57491e3b8aff1b6c8062a905dd09a88b1271fbd91b,unavailable,False,False
r3-public31-glassdoor-auto,public31,glassdoor,3,auto,0,1,True,12.5581671,12.5581479,200,thin,real,emulated,False,response,True,1,0dd04ecc71b1f7e704428b24884490bd07b74b21d64f40ff1bf12a5264b1d269,useful,True,True
r3-public31-glassdoor-auto,public31,glassdoor,3,auto,0,2,True,6.0777977,6.0777822,200,thin,real,emulated,False,response,True,1,0dd04ecc71b1f7e704428b24884490bd07b74b21d64f40ff1bf12a5264b1d269,useful,True,True
r3-public31-glassdoor-auto,public31,glassdoor,3,auto,0,3,True,9.7244812,9.724464,200,thin,real,emulated,False,response,True,1,0dd04ecc71b1f7e704428b24884490bd07b74b21d64f40ff1bf12a5264b1d269,useful,True,True
r3-public31-glassdoor-native,public31,glassdoor,3,native,1,1,True,4.2226035,4.22258,200,thin,warm,native,False,response,True,1,0dd04ecc71b1f7e704428b24884490bd07b74b21d64f40ff1bf12a5264b1d269,useful,True,True
r3-public31-glassdoor-native,public31,glassdoor,3,native,1,2,False,0.0001549,0.0001533,0,,,,False,local_deferral,True,1,be7b70f32dc6c604a228bfd7f92cb9c9a7c70096e1fc8c658ea2a735888a418f,unavailable,False,False
r3-public31-glassdoor-native,public31,glassdoor,3,native,1,3,False,7.71e-05,7.56e-05,0,,,,False,local_deferral,True,1,be7b70f32dc6c604a228bfd7f92cb9c9a7c70096e1fc8c658ea2a735888a418f,unavailable,False,False
r3-hard12-zillow-native,hard12,zillow,3,native,0,1,False,0.0019548,0.0019481,0,,,,False,local_deferral,True,1,6304af10b65cfb506526ce1c40a35828900c806a4497ed582bc4d3641d26d5d8,unavailable,False,False
r3-hard12-zillow-native,hard12,zillow,3,native,0,2,False,9.21e-05,9.04e-05,0,,,,False,local_deferral,True,1,6304af10b65cfb506526ce1c40a35828900c806a4497ed582bc4d3641d26d5d8,unavailable,False,False
r3-hard12-zillow-native,hard12,zillow,3,native,0,3,False,6.86e-05,6.72e-05,0,,,,False,local_deferral,True,1,6304af10b65cfb506526ce1c40a35828900c806a4497ed582bc4d3641d26d5d8,unavailable,False,False
r3-hard12-zillow-auto,hard12,zillow,3,auto,1,1,False,0.0018857,0.0018792,0,,,,False,local_deferral,True,1,6304af10b65cfb506526ce1c40a35828900c806a4497ed582bc4d3641d26d5d8,unavailable,False,False
r3-hard12-zillow-auto,hard12,zillow,3,auto,1,2,False,7.91e-05,7.81e-05,0,,,,False,local_deferral,True,1,6304af10b65cfb506526ce1c40a35828900c806a4497ed582bc4d3641d26d5d8,unavailable,False,False
r3-hard12-zillow-auto,hard12,zillow,3,auto,1,3,False,6.37e-05,6.27e-05,0,,,,False,local_deferral,True,1,6304af10b65cfb506526ce1c40a35828900c806a4497ed582bc4d3641d26d5d8,unavailable,False,False
r3-public31-reddit-native,public31,reddit,3,native,0,1,True,3.1230666,3.1230337,200,thin,warm,native,False,response,True,1,55e48d04a4932d07399f2c46b3b0a17451fc6a4dd3a05b4555598e68ea57c453,useful,True,True
r3-public31-reddit-native,public31,reddit,3,native,0,2,True,2.2832802,2.2832392,200,thin,warm,native,False,response,True,1,74db4b84757a924bb7f21e043dfa1608844a1b583ab252153d3bd4d9a9b9f655,useful,True,True
r3-public31-reddit-native,public31,reddit,3,native,0,3,True,2.2822192,2.2821814,200,thin,warm,native,False,response,True,1,522fb89b3e9f9130a1719528d616b5a47f00a1e938e9243061a3812ca84bdf42,useful,True,True
r3-public31-reddit-auto,public31,reddit,3,auto,1,1,True,3.2417748,3.2417479,200,thin,browser,emulated,False,response,True,1,0bd0e613e60b1c5d41d1943ab639b75a64d662b957a85d651ff12e3534d7f262,useful,True,True
r3-public31-reddit-auto,public31,reddit,3,auto,1,2,True,2.4422088,2.4421945,200,thin,browser,emulated,False,response,True,1,6ca8582129ba10a5c21ec1b61374c41302e3bb9adff8808e08d47abb135e89f4,useful,True,True
r3-public31-reddit-auto,public31,reddit,3,auto,1,3,True,2.2505096,2.2504791,200,thin,browser,emulated,False,response,True,1,278538460a4639ffdde9b2096a73b475b8d547406a9dcab32e8f7d800cc32b36,useful,True,True
r3-vendors8-akamai-homedepot-auto,vendors8,akamai-homedepot,3,auto,0,1,False,0.4479121,0.4479061,200,,http,emulated,False,wall_or_error,True,1,9988a69da7e3d349f6136a02c073dbd6a536fd76ab1fd8bf3877a2441ce9507e,unavailable,False,False
r3-vendors8-akamai-homedepot-auto,vendors8,akamai-homedepot,3,auto,0,2,False,0.0001214,0.0001199,0,,,,False,local_deferral,True,1,80c1ae9ad5c93a05d471470f5dd8fc7e4a643c8378c4fa3d28f0abbb32682cdb,unavailable,False,False
r3-vendors8-akamai-homedepot-auto,vendors8,akamai-homedepot,3,auto,0,3,False,6.82e-05,6.7e-05,0,,,,False,local_deferral,True,1,80c1ae9ad5c93a05d471470f5dd8fc7e4a643c8378c4fa3d28f0abbb32682cdb,unavailable,False,False
r3-vendors8-akamai-homedepot-native,vendors8,akamai-homedepot,3,native,1,1,False,0.0015317,0.0015254,0,,,,False,local_deferral,True,1,80c1ae9ad5c93a05d471470f5dd8fc7e4a643c8378c4fa3d28f0abbb32682cdb,unavailable,False,False
r3-vendors8-akamai-homedepot-native,vendors8,akamai-homedepot,3,native,1,2,False,8.06e-05,7.95e-05,0,,,,False,local_deferral,True,1,80c1ae9ad5c93a05d471470f5dd8fc7e4a643c8378c4fa3d28f0abbb32682cdb,unavailable,False,False
r3-vendors8-akamai-homedepot-native,vendors8,akamai-homedepot,3,native,1,3,False,6.46e-05,6.36e-05,0,,,,False,local_deferral,True,1,80c1ae9ad5c93a05d471470f5dd8fc7e4a643c8378c4fa3d28f0abbb32682cdb,unavailable,False,False
r3-vendors8-cloudflare-indeed-auto,vendors8,cloudflare-indeed,3,auto,0,1,False,0.0018183,0.0018124,0,,,,False,local_deferral,True,1,6cb2512d3bc631db0185100591e95da5fabce97c497b291129557096f5bfe6b8,unavailable,False,False
r3-vendors8-cloudflare-indeed-auto,vendors8,cloudflare-indeed,3,auto,0,2,False,7.89e-05,7.75e-05,0,,,,False,local_deferral,True,1,6cb2512d3bc631db0185100591e95da5fabce97c497b291129557096f5bfe6b8,unavailable,False,False
r3-vendors8-cloudflare-indeed-auto,vendors8,cloudflare-indeed,3,auto,0,3,False,6.6e-05,6.36e-05,0,,,,False,local_deferral,True,1,6cb2512d3bc631db0185100591e95da5fabce97c497b291129557096f5bfe6b8,unavailable,False,False
r3-vendors8-cloudflare-indeed-native,vendors8,cloudflare-indeed,3,native,1,1,False,0.0018748,0.0018683,0,,,,False,local_deferral,True,1,6cb2512d3bc631db0185100591e95da5fabce97c497b291129557096f5bfe6b8,unavailable,False,False
r3-vendors8-cloudflare-indeed-native,vendors8,cloudflare-indeed,3,native,1,2,False,8.12e-05,7.99e-05,0,,,,False,local_deferral,True,1,6cb2512d3bc631db0185100591e95da5fabce97c497b291129557096f5bfe6b8,unavailable,False,False
r3-vendors8-cloudflare-indeed-native,vendors8,cloudflare-indeed,3,native,1,3,False,6.46e-05,6.34e-05,0,,,,False,local_deferral,True,1,6cb2512d3bc631db0185100591e95da5fabce97c497b291129557096f5bfe6b8,unavailable,False,False
r3-public31-sannysoft-auto,public31,sannysoft,3,auto,0,1,True,0.4508853,0.4508778,200,thin,http,emulated,False,response,True,1,f2a7718171dd378e35ad7dc3cee8c9228dd267cbccf2d71eadd53cf99542a701,diagnostic-only,False,False
r3-public31-sannysoft-auto,public31,sannysoft,3,auto,0,2,True,0.6787124,0.6787073,200,thin,http,emulated,False,response,True,1,f2a7718171dd378e35ad7dc3cee8c9228dd267cbccf2d71eadd53cf99542a701,diagnostic-only,False,False
r3-public31-sannysoft-auto,public31,sannysoft,3,auto,0,3,True,0.9794779,0.9794723,200,thin,http,emulated,False,response,True,1,f2a7718171dd378e35ad7dc3cee8c9228dd267cbccf2d71eadd53cf99542a701,diagnostic-only,False,False
r3-public31-sannysoft-native,public31,sannysoft,3,native,1,1,True,4.4666962,4.4666785,200,thin,warm,native,False,response,True,1,1be94cc55f8bfea78990476064b97c34ce03455654f558eadbccabc32d9536d8,diagnostic-only,False,False
r3-public31-sannysoft-native,public31,sannysoft,3,native,1,2,True,1.7685619,1.7685548,200,thin,warm,native,False,response,True,1,002e57e1084a5406f983ad5294a08a69ab2db0422df64c053929fe892fa19a86,diagnostic-only,False,False
r3-public31-sannysoft-native,public31,sannysoft,3,native,1,3,True,1.8248927,1.8248796,200,thin,warm,native,False,response,True,1,b3a4bbb479ee47614961812e9a0e89f75964a0f44e72477aac234f32fd29045e,diagnostic-only,False,False
r3-hard12-hackernews-auto,hard12,hackernews,3,auto,0,1,True,0.3834186,0.3834055,200,thin,http,emulated,False,response,True,1,c8a0537e741c0e32439723052415e0a514ad0a6377787b3fb5e584cff11302fd,useful,True,True
r3-hard12-hackernews-auto,hard12,hackernews,3,auto,0,2,True,0.7209746,0.7209629,200,thin,http,emulated,False,response,True,1,c8a0537e741c0e32439723052415e0a514ad0a6377787b3fb5e584cff11302fd,useful,True,True
r3-hard12-hackernews-auto,hard12,hackernews,3,auto,0,3,True,1.0020581,1.0020516,200,thin,http,emulated,False,response,True,1,c8a0537e741c0e32439723052415e0a514ad0a6377787b3fb5e584cff11302fd,useful,True,True
r3-hard12-hackernews-native,hard12,hackernews,3,native,1,1,True,2.2307175,2.2306987,200,thin,warm,native,False,response,True,1,c8a0537e741c0e32439723052415e0a514ad0a6377787b3fb5e584cff11302fd,useful,True,True
r3-hard12-hackernews-native,hard12,hackernews,3,native,1,2,True,1.391489,1.3914710000000001,200,thin,warm,native,False,response,True,1,c8a0537e741c0e32439723052415e0a514ad0a6377787b3fb5e584cff11302fd,useful,True,True
r3-hard12-hackernews-native,hard12,hackernews,3,native,1,3,True,1.4031841,1.4031660000000001,200,thin,warm,native,False,response,True,1,c8a0537e741c0e32439723052415e0a514ad0a6377787b3fb5e584cff11302fd,useful,True,True
r3-public31-nowsecure-cf-auto,public31,nowsecure-cf,3,auto,0,1,False,0.9367198,0.9367107,200,,http,emulated,False,wall_or_error,True,1,f48402c8e452204b8ccadc105ec7bb61bd971e066fa27978cc4f843804b78b5a,diagnostic-only,False,False
r3-public31-nowsecure-cf-auto,public31,nowsecure-cf,3,auto,0,2,False,0.00015,0.0001485,0,,,,False,local_deferral,True,1,c45390d7e139beb7fb13eee4aae6bb6f457168a8fff9db485f56e1756f60df8d,unavailable,False,False
r3-public31-nowsecure-cf-auto,public31,nowsecure-cf,3,auto,0,3,False,9.14e-05,8.97e-05,0,,,,False,local_deferral,True,1,c45390d7e139beb7fb13eee4aae6bb6f457168a8fff9db485f56e1756f60df8d,unavailable,False,False
r3-public31-nowsecure-cf-native,public31,nowsecure-cf,3,native,1,1,False,0.0021829,0.0021736,0,,,,False,local_deferral,True,1,c45390d7e139beb7fb13eee4aae6bb6f457168a8fff9db485f56e1756f60df8d,unavailable,False,False
r3-public31-nowsecure-cf-native,public31,nowsecure-cf,3,native,1,2,False,0.0001345,0.0001328,0,,,,False,local_deferral,True,1,c45390d7e139beb7fb13eee4aae6bb6f457168a8fff9db485f56e1756f60df8d,unavailable,False,False
r3-public31-nowsecure-cf-native,public31,nowsecure-cf,3,native,1,3,False,0.0001226,0.000121,0,,,,False,local_deferral,True,1,c45390d7e139beb7fb13eee4aae6bb6f457168a8fff9db485f56e1756f60df8d,unavailable,False,False
r3-vendors8-kasada-hyatt-native,vendors8,kasada-hyatt,3,native,0,1,False,55.9959359,55.9959278,200,,warm,native,False,wall_or_error,True,1,582e789eea74ff60ae137b77e961b00fb3d6eed4b091770ca719fb8b48c2af62,unavailable,False,False
r3-vendors8-kasada-hyatt-native,vendors8,kasada-hyatt,3,native,0,2,False,52.5678534,52.5678496,200,,warm,native,False,wall_or_error,True,1,582e789eea74ff60ae137b77e961b00fb3d6eed4b091770ca719fb8b48c2af62,unavailable,False,False
r3-vendors8-kasada-hyatt-native,vendors8,kasada-hyatt,3,native,0,3,False,52.9145674,52.9145622,200,,warm,native,False,wall_or_error,True,1,582e789eea74ff60ae137b77e961b00fb3d6eed4b091770ca719fb8b48c2af62,unavailable,False,False
r3-vendors8-kasada-hyatt-auto,vendors8,kasada-hyatt,3,auto,1,1,False,0.2229863,0.2229795,429,,http,emulated,False,wall_or_error,True,1,d9bb9a6d0d03402b2541c4c4e570192cd093e2574705f963dd1df740588e18ce,unavailable,False,False
r3-vendors8-kasada-hyatt-auto,vendors8,kasada-hyatt,3,auto,1,2,False,0.0002109,0.0002096,0,,,,False,local_deferral,True,1,dabbaad9d533765176977299dde83391a78dcf5f1a09dfc7d6a775b522e5d832,unavailable,False,False
r3-vendors8-kasada-hyatt-auto,vendors8,kasada-hyatt,3,auto,1,3,False,0.0001502,0.0001492,0,,,,False,local_deferral,True,1,dabbaad9d533765176977299dde83391a78dcf5f1a09dfc7d6a775b522e5d832,unavailable,False,False
r3-public31-tls-peet-auto,public31,tls-peet,3,auto,0,1,True,0.4941004,0.4940887,200,thin,http,emulated,False,response,True,1,c38367b927a1b118d08823932b48a8dededdda8f9079bc64106e1e8761687c15,diagnostic-only,False,False
r3-public31-tls-peet-auto,public31,tls-peet,3,auto,0,2,True,0.7706371,0.7706308,200,thin,http,emulated,False,response,True,1,829e5d0d7ba445e776db84cde709a9ad75ed17673e5cec924a4f2886a3240e86,diagnostic-only,False,False
r3-public31-tls-peet-auto,public31,tls-peet,3,auto,0,3,True,0.9910945,0.9910889,200,thin,http,emulated,False,response,True,1,7f9d7bc133f34dc4b4638a5f7c2b587c97211ad73329e5c7f473c11bade81c94,diagnostic-only,False,False
r3-public31-tls-peet-native,public31,tls-peet,3,native,1,1,True,2.0168642,2.0168562,200,thin,warm,native,False,response,True,1,c37d600ef896f02bcaf5582cb7949a874756fb7224b88574291e02dd5281377c,diagnostic-only,False,False
r3-public31-tls-peet-native,public31,tls-peet,3,native,1,2,True,1.5238960000000001,1.5238888,200,thin,warm,native,False,response,True,1,7b638ce653508a4b77a32669b6ee37ae914dd310bd34c0952832213950a5dd19,diagnostic-only,False,False
r3-public31-tls-peet-native,public31,tls-peet,3,native,1,3,True,1.4647299,1.4647234,200,thin,warm,native,False,response,True,1,dcdc7ba6a5a229264eaee323cae58dc130a52d8ef4c75fc3c952ddd177f8ac00,diagnostic-only,False,False
r3-public31-sedarplus-native,public31,sedarplus,3,native,0,1,True,22.7120583,22.7120518,200,thin,warm,native,False,response,True,1,8a7572fde79533d22c399d9a218102ceda538cc8d824db2bcbb82258b2f67d72,wall,False,False
r3-public31-sedarplus-native,public31,sedarplus,3,native,0,2,False,0.0001477,0.0001464,0,,,,False,local_deferral,True,1,a4f8eaddefb24208faf788bbcab9af856300f5288ac7bfd51de1a2b3b88a1ade,unavailable,False,False
r3-public31-sedarplus-native,public31,sedarplus,3,native,0,3,False,6.73e-05,6.64e-05,0,,,,False,local_deferral,True,1,a4f8eaddefb24208faf788bbcab9af856300f5288ac7bfd51de1a2b3b88a1ade,unavailable,False,False
r3-public31-sedarplus-auto,public31,sedarplus,3,auto,1,1,False,0.0019116,0.0019045,0,,,,False,local_deferral,True,1,a4f8eaddefb24208faf788bbcab9af856300f5288ac7bfd51de1a2b3b88a1ade,unavailable,False,False
r3-public31-sedarplus-auto,public31,sedarplus,3,auto,1,2,False,0.0001021,0.0001005,0,,,,False,local_deferral,True,1,a4f8eaddefb24208faf788bbcab9af856300f5288ac7bfd51de1a2b3b88a1ade,unavailable,False,False
r3-public31-sedarplus-auto,public31,sedarplus,3,auto,1,3,False,7.02e-05,6.88e-05,0,,,,False,local_deferral,True,1,a4f8eaddefb24208faf788bbcab9af856300f5288ac7bfd51de1a2b3b88a1ade,unavailable,False,False
r3-public31-browserleaks-tls-native,public31,browserleaks-tls,3,native,0,1,True,2.045775,2.0457677,200,thin,warm,native,False,response,True,1,80e19363a9f8aae173d3c17bfdbcc2c23aa60fea2fb06abd092561acc5217e44,diagnostic-only,False,False
r3-public31-browserleaks-tls-native,public31,browserleaks-tls,3,native,0,2,True,1.4784792,1.4784746,200,thin,warm,native,False,response,True,1,80e19363a9f8aae173d3c17bfdbcc2c23aa60fea2fb06abd092561acc5217e44,diagnostic-only,False,False
r3-public31-browserleaks-tls-native,public31,browserleaks-tls,3,native,0,3,True,1.4856709000000001,1.4856632,200,thin,warm,native,False,response,True,1,80e19363a9f8aae173d3c17bfdbcc2c23aa60fea2fb06abd092561acc5217e44,diagnostic-only,False,False
r3-public31-browserleaks-tls-auto,public31,browserleaks-tls,3,auto,1,1,True,0.4237435,0.4237349,200,thin,http,emulated,False,response,True,1,575adf2c59ab71409b548c7628d8729f413e9bda70d699a0793965db5bb18c4b,diagnostic-only,False,False
r3-public31-browserleaks-tls-auto,public31,browserleaks-tls,3,auto,1,2,True,0.8129652,0.8129596,200,thin,http,emulated,False,response,True,1,261ce87b124c2e6aaba8f6ae94ce99068c25870f3f2075123538cacf07581e5f,diagnostic-only,False,False
r3-public31-browserleaks-tls-auto,public31,browserleaks-tls,3,auto,1,3,True,0.9896975,0.989692,200,thin,http,emulated,False,response,True,1,249b7c69555ca95966ee311eaeebdd4ba504b11f66fbb609d4629dacff971b93,diagnostic-only,False,False
r3-hard12-idealista-auto,hard12,idealista,3,auto,0,1,False,0.0017442,0.0017381,0,,,,False,local_deferral,True,1,aa20214658ca523f6fd19adeba1f8335d9b977485b614b47f7929e32e1fe358d,unavailable,False,False
r3-hard12-idealista-auto,hard12,idealista,3,auto,0,2,False,7.99e-05,7.86e-05,0,,,,False,local_deferral,True,1,aa20214658ca523f6fd19adeba1f8335d9b977485b614b47f7929e32e1fe358d,unavailable,False,False
r3-hard12-idealista-auto,hard12,idealista,3,auto,0,3,False,6.52e-05,6.4e-05,0,,,,False,local_deferral,True,1,aa20214658ca523f6fd19adeba1f8335d9b977485b614b47f7929e32e1fe358d,unavailable,False,False
r3-hard12-idealista-native,hard12,idealista,3,native,1,1,False,0.0016938,0.0016874,0,,,,False,local_deferral,True,1,aa20214658ca523f6fd19adeba1f8335d9b977485b614b47f7929e32e1fe358d,unavailable,False,False
r3-hard12-idealista-native,hard12,idealista,3,native,1,2,False,8.36e-05,8.23e-05,0,,,,False,local_deferral,True,1,aa20214658ca523f6fd19adeba1f8335d9b977485b614b47f7929e32e1fe358d,unavailable,False,False
r3-hard12-idealista-native,hard12,idealista,3,native,1,3,False,6.5e-05,6.38e-05,0,,,,False,local_deferral,True,1,aa20214658ca523f6fd19adeba1f8335d9b977485b614b47f7929e32e1fe358d,unavailable,False,False
r3-public31-bot-incolumitas-auto,public31,bot-incolumitas,3,auto,0,1,True,0.7203129,0.7203033,200,full,http,emulated,False,response,True,1,c8171629aae01e2c3a2c33c5ddbf2a8d7a30c154d665252896b00b479707409a,diagnostic-only,False,False
r3-public31-bot-incolumitas-auto,public31,bot-incolumitas,3,auto,0,2,True,0.4652914,0.4652858,200,full,http,emulated,False,response,True,1,c8171629aae01e2c3a2c33c5ddbf2a8d7a30c154d665252896b00b479707409a,diagnostic-only,False,False
r3-public31-bot-incolumitas-auto,public31,bot-incolumitas,3,auto,0,3,True,1.0137343,1.0137278,200,full,http,emulated,False,response,True,1,c8171629aae01e2c3a2c33c5ddbf2a8d7a30c154d665252896b00b479707409a,diagnostic-only,False,False
r3-public31-bot-incolumitas-native,public31,bot-incolumitas,3,native,1,1,True,2.5514758,2.5514442,200,full,warm,native,False,response,True,1,ef4dc9dafeb71a6a2305d5f52b6e6a62afb73fd36974eca072c640b6c9f0ee8d,diagnostic-only,False,False
r3-public31-bot-incolumitas-native,public31,bot-incolumitas,3,native,1,2,True,2.1495032,2.1494776,200,full,warm,native,False,response,True,1,7d6f8fc080a2d6fee796e88c61286a7efce7653e4f935d9c2ec87f2bc65b3c35,diagnostic-only,False,False
r3-public31-bot-incolumitas-native,public31,bot-incolumitas,3,native,1,3,True,2.2104447,2.2104219,200,full,warm,native,False,response,True,1,b7225cf30fbfc5ea8fa79732e99e3442d756d36d6622e13d51a0806d0ba43c91,diagnostic-only,False,False
r3-public31-x-explore-native,public31,x-explore,3,native,0,1,False,0.0018337,0.001827,0,,,,False,local_deferral,True,1,f60c72d66c18a139838d490bb561bd82c4f7d966869407d24e08cd557ece2b8e,unavailable,False,False
r3-public31-x-explore-native,public31,x-explore,3,native,0,2,False,8.25e-05,8.13e-05,0,,,,False,local_deferral,True,1,f60c72d66c18a139838d490bb561bd82c4f7d966869407d24e08cd557ece2b8e,unavailable,False,False
r3-public31-x-explore-native,public31,x-explore,3,native,0,3,False,7.81e-05,7.72e-05,0,,,,False,local_deferral,True,1,f60c72d66c18a139838d490bb561bd82c4f7d966869407d24e08cd557ece2b8e,unavailable,False,False
r3-public31-x-explore-auto,public31,x-explore,3,auto,1,1,False,0.0016101,0.001604,0,,,,False,local_deferral,True,1,f60c72d66c18a139838d490bb561bd82c4f7d966869407d24e08cd557ece2b8e,unavailable,False,False
r3-public31-x-explore-auto,public31,x-explore,3,auto,1,2,False,8.32e-05,8.17e-05,0,,,,False,local_deferral,True,1,f60c72d66c18a139838d490bb561bd82c4f7d966869407d24e08cd557ece2b8e,unavailable,False,False
r3-public31-x-explore-auto,public31,x-explore,3,auto,1,3,False,6.46e-05,6.35e-05,0,,,,False,local_deferral,True,1,f60c72d66c18a139838d490bb561bd82c4f7d966869407d24e08cd557ece2b8e,unavailable,False,False
r3-hard12-example-native,hard12,example,3,native,0,1,True,22.4099156,22.4099089,200,thin,warm,native,False,response,True,1,7a5d955914cbd88734d88d9d6a43bcf1c4cdfe8fd2ebd014f44522ca1e6f35a6,useful,True,True
r3-hard12-example-native,hard12,example,3,native,0,2,False,0.0001426,0.0001415,0,,,,False,local_deferral,True,1,ee76a08848f008de72f725149b0788a9775beae5f9eb760ab70dc6d761473029,unavailable,False,False
r3-hard12-example-native,hard12,example,3,native,0,3,False,6.8e-05,6.7e-05,0,,,,False,local_deferral,True,1,ee76a08848f008de72f725149b0788a9775beae5f9eb760ab70dc6d761473029,unavailable,False,False
r3-hard12-example-auto,hard12,example,3,auto,1,1,False,0.001893,0.0018864,0,,,,False,local_deferral,True,1,ee76a08848f008de72f725149b0788a9775beae5f9eb760ab70dc6d761473029,unavailable,False,False
r3-hard12-example-auto,hard12,example,3,auto,1,2,False,8.68e-05,8.56e-05,0,,,,False,local_deferral,True,1,ee76a08848f008de72f725149b0788a9775beae5f9eb760ab70dc6d761473029,unavailable,False,False
r3-hard12-example-auto,hard12,example,3,auto,1,3,False,7.62e-05,7.48e-05,0,,,,False,local_deferral,True,1,ee76a08848f008de72f725149b0788a9775beae5f9eb760ab70dc6d761473029,unavailable,False,False
r3-hard12-indeed-native,hard12,indeed,3,native,0,1,False,0.0017209,0.0017143,0,,,,False,local_deferral,True,1,3d1fdff00a184204e4bd19a2bc3080b99249a53c03dd315817a6628ab9e9271a,unavailable,False,False
r3-hard12-indeed-native,hard12,indeed,3,native,0,2,False,8.43e-05,8.31e-05,0,,,,False,local_deferral,True,1,3d1fdff00a184204e4bd19a2bc3080b99249a53c03dd315817a6628ab9e9271a,unavailable,False,False
r3-hard12-indeed-native,hard12,indeed,3,native,0,3,False,6.73e-05,6.45e-05,0,,,,False,local_deferral,True,1,3d1fdff00a184204e4bd19a2bc3080b99249a53c03dd315817a6628ab9e9271a,unavailable,False,False
r3-hard12-indeed-auto,hard12,indeed,3,auto,1,1,False,0.0020461,0.0020401,0,,,,False,local_deferral,True,1,3d1fdff00a184204e4bd19a2bc3080b99249a53c03dd315817a6628ab9e9271a,unavailable,False,False
r3-hard12-indeed-auto,hard12,indeed,3,auto,1,2,False,8.42e-05,8.27e-05,0,,,,False,local_deferral,True,1,3d1fdff00a184204e4bd19a2bc3080b99249a53c03dd315817a6628ab9e9271a,unavailable,False,False
r3-hard12-indeed-auto,hard12,indeed,3,auto,1,3,False,6.66e-05,6.52e-05,0,,,,False,local_deferral,True,1,3d1fdff00a184204e4bd19a2bc3080b99249a53c03dd315817a6628ab9e9271a,unavailable,False,False
r3-vendors8-datadome-g2-native,vendors8,datadome-g2,3,native,0,1,True,4.1699144,4.1698905,200,thin,warm,native,False,response,True,1,8ce3e35b3d405cdb6ee3f9466f636fcb78cae2ffafc502bbab0cf4af393ec69d,useful,True,True
r3-vendors8-datadome-g2-native,vendors8,datadome-g2,3,native,0,2,False,0.0001568,0.0001556,0,,,,False,local_deferral,True,1,f5f0fe638ed1ed8aacff7f083479fe69bd0ae6f123b97a4fc8990155107f06ed,unavailable,False,False
r3-vendors8-datadome-g2-native,vendors8,datadome-g2,3,native,0,3,False,7.62e-05,7.5e-05,0,,,,False,local_deferral,True,1,f5f0fe638ed1ed8aacff7f083479fe69bd0ae6f123b97a4fc8990155107f06ed,unavailable,False,False
r3-vendors8-datadome-g2-auto,vendors8,datadome-g2,3,auto,1,1,False,0.001772,0.0017658,0,,,,False,local_deferral,True,1,f5f0fe638ed1ed8aacff7f083479fe69bd0ae6f123b97a4fc8990155107f06ed,unavailable,False,False
r3-vendors8-datadome-g2-auto,vendors8,datadome-g2,3,auto,1,2,False,9.29e-05,9.17e-05,0,,,,False,local_deferral,True,1,f5f0fe638ed1ed8aacff7f083479fe69bd0ae6f123b97a4fc8990155107f06ed,unavailable,False,False
r3-vendors8-datadome-g2-auto,vendors8,datadome-g2,3,auto,1,3,False,6.63e-05,6.52e-05,0,,,,False,local_deferral,True,1,f5f0fe638ed1ed8aacff7f083479fe69bd0ae6f123b97a4fc8990155107f06ed,unavailable,False,False
r3-public31-browserleaks-auto,public31,browserleaks,3,auto,0,1,True,0.2981337,0.2981253,200,thin,http,emulated,False,response,True,1,53cbe71a9c3115b89cce434f1d6f736a059e4b81e9671a789f6990967006406f,diagnostic-only,False,False
r3-public31-browserleaks-auto,public31,browserleaks,3,auto,0,2,True,0.8008174,0.8008111,200,thin,http,emulated,False,response,True,1,53cbe71a9c3115b89cce434f1d6f736a059e4b81e9671a789f6990967006406f,diagnostic-only,False,False
r3-public31-browserleaks-auto,public31,browserleaks,3,auto,0,3,True,1.0096995,1.0096937,200,thin,http,emulated,False,response,True,1,53cbe71a9c3115b89cce434f1d6f736a059e4b81e9671a789f6990967006406f,diagnostic-only,False,False
r3-public31-browserleaks-native,public31,browserleaks,3,native,1,1,True,2.2765189,2.2765011,200,thin,warm,native,False,response,True,1,3bd9300bd481c9aaeb0d4bc084c13b254718f048a31f5ff6a3dfd75c710885d0,diagnostic-only,False,False
r3-public31-browserleaks-native,public31,browserleaks,3,native,1,2,True,1.458761,1.4587432,200,thin,warm,native,False,response,True,1,82be73f26310dc3036f51a3248e0714ee5c31a5772b170c47dcb7fbd20a89e28,diagnostic-only,False,False
r3-public31-browserleaks-native,public31,browserleaks,3,native,1,3,True,1.4715951999999999,1.4715757,200,thin,warm,native,False,response,True,1,923cbcb8fdbb3a35514c4fc1660cdab6418e79836aaa8c03713c893415958878,diagnostic-only,False,False
r3-public31-creepjs-native,public31,creepjs,3,native,0,1,True,1.9892371,1.9892309,200,full,warm,native,False,response,True,1,ed61b53b0992ba42ea21adf916248068e97d405c2de360d63106abd9ff4fc018,diagnostic-only,False,False
r3-public31-creepjs-native,public31,creepjs,3,native,0,2,True,1.4523982,1.4523926,200,full,warm,native,False,response,True,1,ed61b53b0992ba42ea21adf916248068e97d405c2de360d63106abd9ff4fc018,diagnostic-only,False,False
r3-public31-creepjs-native,public31,creepjs,3,native,0,3,True,1.4499477,1.4499418,200,full,warm,native,False,response,True,1,ed61b53b0992ba42ea21adf916248068e97d405c2de360d63106abd9ff4fc018,diagnostic-only,False,False
r3-public31-creepjs-auto,public31,creepjs,3,auto,1,1,True,0.0667925,0.0667858,200,full,http,emulated,False,response,True,1,ed61b53b0992ba42ea21adf916248068e97d405c2de360d63106abd9ff4fc018,diagnostic-only,False,False
r3-public31-creepjs-auto,public31,creepjs,3,auto,1,2,True,0.966524,0.9665185,200,full,http,emulated,False,response,True,1,ed61b53b0992ba42ea21adf916248068e97d405c2de360d63106abd9ff4fc018,diagnostic-only,False,False
r3-public31-creepjs-auto,public31,creepjs,3,auto,1,3,True,1.002746,1.00274,200,full,http,emulated,False,response,True,1,ed61b53b0992ba42ea21adf916248068e97d405c2de360d63106abd9ff4fc018,diagnostic-only,False,False
r3-public31-pixelscan-fp-native,public31,pixelscan-fp,3,native,0,1,False,0.0018053,0.001799,0,,,,False,local_deferral,True,1,bc9f732639554dc0d6443db38572b3aaf604c089098ffceb6f50f8715be2acc0,unavailable,False,False
r3-public31-pixelscan-fp-native,public31,pixelscan-fp,3,native,0,2,False,8.28e-05,8.17e-05,0,,,,False,local_deferral,True,1,bc9f732639554dc0d6443db38572b3aaf604c089098ffceb6f50f8715be2acc0,unavailable,False,False
r3-public31-pixelscan-fp-native,public31,pixelscan-fp,3,native,0,3,False,8.21e-05,8.1e-05,0,,,,False,local_deferral,True,1,bc9f732639554dc0d6443db38572b3aaf604c089098ffceb6f50f8715be2acc0,unavailable,False,False
r3-public31-pixelscan-fp-auto,public31,pixelscan-fp,3,auto,1,1,False,0.0018185,0.0018129,0,,,,False,local_deferral,True,1,bc9f732639554dc0d6443db38572b3aaf604c089098ffceb6f50f8715be2acc0,unavailable,False,False
r3-public31-pixelscan-fp-auto,public31,pixelscan-fp,3,auto,1,2,False,8.01e-05,7.88e-05,0,,,,False,local_deferral,True,1,bc9f732639554dc0d6443db38572b3aaf604c089098ffceb6f50f8715be2acc0,unavailable,False,False
r3-public31-pixelscan-fp-auto,public31,pixelscan-fp,3,auto,1,3,False,6.4e-05,6.28e-05,0,,,,False,local_deferral,True,1,bc9f732639554dc0d6443db38572b3aaf604c089098ffceb6f50f8715be2acc0,unavailable,False,False
r3-vendors8-datadome-idealista-auto,vendors8,datadome-idealista,3,auto,0,1,False,0.0017189,0.001711,0,,,,False,local_deferral,True,1,aa20214658ca523f6fd19adeba1f8335d9b977485b614b47f7929e32e1fe358d,unavailable,False,False
r3-vendors8-datadome-idealista-auto,vendors8,datadome-idealista,3,auto,0,2,False,0.0001097,0.0001081,0,,,,False,local_deferral,True,1,aa20214658ca523f6fd19adeba1f8335d9b977485b614b47f7929e32e1fe358d,unavailable,False,False
r3-vendors8-datadome-idealista-auto,vendors8,datadome-idealista,3,auto,0,3,False,7.25e-05,7.1e-05,0,,,,False,local_deferral,True,1,aa20214658ca523f6fd19adeba1f8335d9b977485b614b47f7929e32e1fe358d,unavailable,False,False
r3-vendors8-datadome-idealista-native,vendors8,datadome-idealista,3,native,1,1,False,0.0018164,0.0018103,0,,,,False,local_deferral,True,1,aa20214658ca523f6fd19adeba1f8335d9b977485b614b47f7929e32e1fe358d,unavailable,False,False
r3-vendors8-datadome-idealista-native,vendors8,datadome-idealista,3,native,1,2,False,7.89e-05,7.78e-05,0,,,,False,local_deferral,True,1,aa20214658ca523f6fd19adeba1f8335d9b977485b614b47f7929e32e1fe358d,unavailable,False,False
r3-vendors8-datadome-idealista-native,vendors8,datadome-idealista,3,native,1,3,False,6.46e-05,6.36e-05,0,,,,False,local_deferral,True,1,aa20214658ca523f6fd19adeba1f8335d9b977485b614b47f7929e32e1fe358d,unavailable,False,False
r3-vendors8-akamai-newegg-native,vendors8,akamai-newegg,3,native,0,1,True,6.1386025,6.1385318,204,thin,warm,native,False,response,True,1,1ad3891bd1501b5d009a56dcf817f988b202d8019387a13eca41534c2d155b7d,useful,True,True
r3-vendors8-akamai-newegg-native,vendors8,akamai-newegg,3,native,0,2,True,6.7821178,6.7821016,200,thin,warm,native,False,response,True,1,7ea4c17f10f046a82f4c88c60eec62f820d6b1a73dcb7aad6098bbafa4c8876c,useful,True,True
r3-vendors8-akamai-newegg-native,vendors8,akamai-newegg,3,native,0,3,False,0.0001292,0.0001282,0,,,,False,local_deferral,True,1,faa0bd16406d948d6ab59e48ec6c3e14dbdca814aa71021126ff35c7fc2df8a5,unavailable,False,False
r3-vendors8-akamai-newegg-auto,vendors8,akamai-newegg,3,auto,1,1,False,0.0018435,0.0018372,0,,,,False,local_deferral,True,1,faa0bd16406d948d6ab59e48ec6c3e14dbdca814aa71021126ff35c7fc2df8a5,unavailable,False,False
r3-vendors8-akamai-newegg-auto,vendors8,akamai-newegg,3,auto,1,2,False,8.57e-05,8.42e-05,0,,,,False,local_deferral,True,1,faa0bd16406d948d6ab59e48ec6c3e14dbdca814aa71021126ff35c7fc2df8a5,unavailable,False,False
r3-vendors8-akamai-newegg-auto,vendors8,akamai-newegg,3,auto,1,3,False,6.34e-05,6.19e-05,0,,,,False,local_deferral,True,1,faa0bd16406d948d6ab59e48ec6c3e14dbdca814aa71021126ff35c7fc2df8a5,unavailable,False,False
r3-public31-booking-search-auto,public31,booking-search,3,auto,0,1,True,8.6049985,8.6049853,200,thin,stealth,emulated,False,response,True,1,f9bc25e63cfef231cc21a597c3ec2b20bad07111088a83f9e49cdaf072d968e2,useful,True,True
r3-public31-booking-search-auto,public31,booking-search,3,auto,0,2,True,3.107222,3.1072109,200,thin,browser,emulated,False,response,True,1,f9bc25e63cfef231cc21a597c3ec2b20bad07111088a83f9e49cdaf072d968e2,useful,True,True
r3-public31-booking-search-auto,public31,booking-search,3,auto,0,3,True,3.3534135,3.3534052,200,thin,browser,emulated,False,response,True,1,2f177e7ed23561fe26aa18782c057e98006d12c57bd2f8b2fc946e38bddba5aa,useful,True,True
r3-public31-booking-search-native,public31,booking-search,3,native,1,1,True,4.5781842,4.5781725,200,thin,warm,native,False,response,True,1,2f177e7ed23561fe26aa18782c057e98006d12c57bd2f8b2fc946e38bddba5aa,useful,True,True
r3-public31-booking-search-native,public31,booking-search,3,native,1,2,True,2.9531183,2.9531111,200,thin,warm,native,False,response,True,1,2f177e7ed23561fe26aa18782c057e98006d12c57bd2f8b2fc946e38bddba5aa,useful,True,True
r3-public31-booking-search-native,public31,booking-search,3,native,1,3,True,3.2506701,3.2506612,200,thin,warm,native,False,response,True,1,2f177e7ed23561fe26aa18782c057e98006d12c57bd2f8b2fc946e38bddba5aa,useful,True,True
r3-hard12-stackoverflow-auto,hard12,stackoverflow,3,auto,0,1,False,0.0017764,0.0017683,0,,,,False,local_deferral,True,1,76738cbc7ac72739e62d90ba64a0a359cbd4bfca73cf65045b00915ee70d3299,unavailable,False,False
r3-hard12-stackoverflow-auto,hard12,stackoverflow,3,auto,0,2,False,0.000123,0.000121,0,,,,False,local_deferral,True,1,76738cbc7ac72739e62d90ba64a0a359cbd4bfca73cf65045b00915ee70d3299,unavailable,False,False
r3-hard12-stackoverflow-auto,hard12,stackoverflow,3,auto,0,3,False,9.37e-05,9.04e-05,0,,,,False,local_deferral,True,1,76738cbc7ac72739e62d90ba64a0a359cbd4bfca73cf65045b00915ee70d3299,unavailable,False,False
r3-hard12-stackoverflow-native,hard12,stackoverflow,3,native,1,1,False,0.0017703,0.0017637,0,,,,False,local_deferral,True,1,76738cbc7ac72739e62d90ba64a0a359cbd4bfca73cf65045b00915ee70d3299,unavailable,False,False
r3-hard12-stackoverflow-native,hard12,stackoverflow,3,native,1,2,False,8.03e-05,7.91e-05,0,,,,False,local_deferral,True,1,76738cbc7ac72739e62d90ba64a0a359cbd4bfca73cf65045b00915ee70d3299,unavailable,False,False
r3-hard12-stackoverflow-native,hard12,stackoverflow,3,native,1,3,False,6.4e-05,6.28e-05,0,,,,False,local_deferral,True,1,76738cbc7ac72739e62d90ba64a0a359cbd4bfca73cf65045b00915ee70d3299,unavailable,False,False
r3-public31-rebrowser-detector-native,public31,rebrowser-detector,3,native,0,1,True,2.5411532,2.5411469,200,thin,warm,native,False,response,True,1,871f64516e66edfa1f10fd04fc6a8598566a4fffababac24259e4c677544af86,diagnostic-only,False,False
r3-public31-rebrowser-detector-native,public31,rebrowser-detector,3,native,0,2,True,1.4551931,1.4551876,200,thin,warm,native,False,response,True,1,5c8ed6289e8658c966072b9de6434155dcc50a500c6e9b85df69fd15d0a35da9,diagnostic-only,False,False
r3-public31-rebrowser-detector-native,public31,rebrowser-detector,3,native,0,3,True,1.4499511,1.4499448,200,thin,warm,native,False,response,True,1,9abc777ddcccf911457cc161028c8e0a93d5c9170aca5d201a43265ccfed4aa2,diagnostic-only,False,False
r3-public31-rebrowser-detector-auto,public31,rebrowser-detector,3,auto,1,1,True,0.2427133,0.2427059,200,full,http,emulated,False,response,True,1,dd129aeb7dfd7cfdcfebdc8499384e5333bcbb8c812e2dafb9cd3d39a43de145,diagnostic-only,False,False
r3-public31-rebrowser-detector-auto,public31,rebrowser-detector,3,auto,1,2,True,0.8438784,0.8438734,200,full,http,emulated,False,response,True,1,dd129aeb7dfd7cfdcfebdc8499384e5333bcbb8c812e2dafb9cd3d39a43de145,diagnostic-only,False,False
r3-public31-rebrowser-detector-auto,public31,rebrowser-detector,3,auto,1,3,True,0.9961663,0.9961601,200,full,http,emulated,False,response,True,1,dd129aeb7dfd7cfdcfebdc8499384e5333bcbb8c812e2dafb9cd3d39a43de145,diagnostic-only,False,False
r3-public31-crunchbase-cf-native,public31,crunchbase-cf,3,native,0,1,False,0.001525,0.0015186,0,,,,False,local_deferral,True,1,b3bf3d5dca098e39a76c797f11f09d4b2800feac8f7e2349dca1aa3b8c85fde7,unavailable,False,False
r3-public31-crunchbase-cf-native,public31,crunchbase-cf,3,native,0,2,False,9.04e-05,8.91e-05,0,,,,False,local_deferral,True,1,b3bf3d5dca098e39a76c797f11f09d4b2800feac8f7e2349dca1aa3b8c85fde7,unavailable,False,False
r3-public31-crunchbase-cf-native,public31,crunchbase-cf,3,native,0,3,False,6.63e-05,6.52e-05,0,,,,False,local_deferral,True,1,b3bf3d5dca098e39a76c797f11f09d4b2800feac8f7e2349dca1aa3b8c85fde7,unavailable,False,False
r3-public31-crunchbase-cf-auto,public31,crunchbase-cf,3,auto,1,1,False,0.0020042,0.0019979,0,,,,False,local_deferral,True,1,b3bf3d5dca098e39a76c797f11f09d4b2800feac8f7e2349dca1aa3b8c85fde7,unavailable,False,False
r3-public31-crunchbase-cf-auto,public31,crunchbase-cf,3,auto,1,2,False,8.94e-05,8.78e-05,0,,,,False,local_deferral,True,1,b3bf3d5dca098e39a76c797f11f09d4b2800feac8f7e2349dca1aa3b8c85fde7,unavailable,False,False
r3-public31-crunchbase-cf-auto,public31,crunchbase-cf,3,auto,1,3,False,7.18e-05,7.01e-05,0,,,,False,local_deferral,True,1,b3bf3d5dca098e39a76c797f11f09d4b2800feac8f7e2349dca1aa3b8c85fde7,unavailable,False,False
r3-public31-stockwatch-native,public31,stockwatch,3,native,0,1,True,23.6983319,23.6983245,200,thin,warm,native,False,response,True,1,e09ec1f45f23de2541e0a9495720e97bdadb37a4970b4e5f17ae1ae671ae3c6b,useful,True,True
r3-public31-stockwatch-native,public31,stockwatch,3,native,0,2,False,0.0001225,0.0001214,0,,,,False,local_deferral,True,1,d6d4b207a76e6e954fbf6a137c404bf4bec038f4965138f25c78265ce0d2038b,unavailable,False,False
r3-public31-stockwatch-native,public31,stockwatch,3,native,0,3,False,7.64e-05,7.54e-05,0,,,,False,local_deferral,True,1,d6d4b207a76e6e954fbf6a137c404bf4bec038f4965138f25c78265ce0d2038b,unavailable,False,False
r3-public31-stockwatch-auto,public31,stockwatch,3,auto,1,1,False,0.0016456,0.0016387,0,,,,False,local_deferral,True,1,d6d4b207a76e6e954fbf6a137c404bf4bec038f4965138f25c78265ce0d2038b,unavailable,False,False
r3-public31-stockwatch-auto,public31,stockwatch,3,auto,1,2,False,0.0001008,9.91e-05,0,,,,False,local_deferral,True,1,d6d4b207a76e6e954fbf6a137c404bf4bec038f4965138f25c78265ce0d2038b,unavailable,False,False
r3-public31-stockwatch-auto,public31,stockwatch,3,auto,1,3,False,7.28e-05,7.13e-05,0,,,,False,local_deferral,True,1,d6d4b207a76e6e954fbf6a137c404bf4bec038f4965138f25c78265ce0d2038b,unavailable,False,False
r3-vendors8-kasada-twitch-auto,vendors8,kasada-twitch,3,auto,0,1,True,4.1695183,4.1694956,200,thin,browser,emulated,False,response,True,1,587255399f498d8743043c68778090a5559429f12841f5d93a887c52d434b1b4,useful,True,True
r3-vendors8-kasada-twitch-auto,vendors8,kasada-twitch,3,auto,0,2,True,3.6937313,3.693714,200,thin,browser,emulated,False,response,True,1,6b3016d633b282cafa6c3d8fa14cfd2adfef0719a4a5892b48018b1e1efbf519,useful,True,True
r3-vendors8-kasada-twitch-auto,vendors8,kasada-twitch,3,auto,0,3,True,1.7300038,1.7299881,200,thin,browser,emulated,False,response,True,1,c773de658b4358174736b3da55d21e876fd83c3c9cad0400a37c743a10655191,useful,True,True
r3-vendors8-kasada-twitch-native,vendors8,kasada-twitch,3,native,1,1,True,2.490425,2.4904081,200,thin,warm,native,False,response,True,1,42a144d8ffd10f5d2cc918fef1cb4c4bbbb0ad1eea74bbf4f69202ba9fb676a1,useful,True,True
r3-vendors8-kasada-twitch-native,vendors8,kasada-twitch,3,native,1,2,True,1.6930551999999999,1.6930402,200,thin,warm,native,False,response,True,1,fef6e4b083881d724a539bddc4f4d54d6ea93edcd21526dd6a67ce5517e68d6f,useful,True,True
r3-vendors8-kasada-twitch-native,vendors8,kasada-twitch,3,native,1,3,True,1.6848917,1.6848751,200,thin,warm,native,False,response,True,1,42a144d8ffd10f5d2cc918fef1cb4c4bbbb0ad1eea74bbf4f69202ba9fb676a1,useful,True,True
r3-hard12-wikipedia-native,hard12,wikipedia,3,native,0,1,True,2.043431,2.0430311,200,full,warm,native,False,response,False,1,748c74e535c1e07e70524cc0be0109378bec591ded8fc23cd2ff3f28fe5deb7a,useful,True,True
r3-hard12-wikipedia-native,hard12,wikipedia,3,native,0,2,True,1.5935222,1.5932029,200,full,warm,native,False,response,False,1,748c74e535c1e07e70524cc0be0109378bec591ded8fc23cd2ff3f28fe5deb7a,useful,True,True
r3-hard12-wikipedia-native,hard12,wikipedia,3,native,0,3,True,1.6010856,1.6007438999999999,200,full,warm,native,False,response,False,1,748c74e535c1e07e70524cc0be0109378bec591ded8fc23cd2ff3f28fe5deb7a,useful,True,True
r3-hard12-wikipedia-auto,hard12,wikipedia,3,auto,1,1,True,0.3151855,0.3148002,200,full,http,emulated,False,response,False,1,ec30726ca04dfa0339338e9d2f280634e16ea41708adecc016ff0215af3dcc42,useful,True,True
r3-hard12-wikipedia-auto,hard12,wikipedia,3,auto,1,2,True,0.8037689,0.8034526,200,full,http,emulated,False,response,False,1,ec30726ca04dfa0339338e9d2f280634e16ea41708adecc016ff0215af3dcc42,useful,True,True
r3-hard12-wikipedia-auto,hard12,wikipedia,3,auto,1,3,True,0.9996565,0.9993284,200,full,http,emulated,False,response,False,1,ec30726ca04dfa0339338e9d2f280634e16ea41708adecc016ff0215af3dcc42,useful,True,True
r3-public31-google-search-native,public31,google-search,3,native,0,1,True,2.9344417,2.9344299,200,thin,warm,native,False,response,True,1,70085ed264ed3e9c4cb3b5c24e3581b7c665d8ae8977800c108fe332f36a0884,partial,False,False
r3-public31-google-search-native,public31,google-search,3,native,0,2,True,2.3415988,2.3415919,200,thin,warm,native,False,response,True,1,2d89a73502528d96e6bb8b448b60adb647014e4f0ea443d523e9fdd64bf4ad3d,partial,False,False
r3-public31-google-search-native,public31,google-search,3,native,0,3,True,2.5376961,2.5376826,200,thin,warm,native,False,response,True,1,66c3a619fa8b95afe53f9b9f1f884d7673178a3d931d947712d7fcccc8273ca9,partial,False,False
r3-public31-google-search-auto,public31,google-search,3,auto,1,1,True,4.8813217,4.881308,200,thin,browser,emulated,False,response,True,1,d04633cb341646a0b9294c60cdba0a515b1837d4b96106b86f67fc1df1e13935,partial,False,False
r3-public31-google-search-auto,public31,google-search,3,auto,1,2,True,2.3303628,2.3303565,200,thin,browser,emulated,False,response,True,1,e882dd24c9ccfec2f15fb2c6f07f7f7306cde8bf65738b6f1d3f1513f9a43c84,partial,False,False
r3-public31-google-search-auto,public31,google-search,3,auto,1,3,True,2.8585333,2.8585252,200,thin,browser,emulated,False,response,True,1,64aad7f5eee4bfd3fde3476199fb433c33816a27dda26250951ffbaca0341a3f,partial,False,False
r3-hard12-newegg-auto,hard12,newegg,3,auto,0,1,False,0.001929,0.001922,0,,,,False,local_deferral,True,1,0bca534e8dc87bff082957368ee792ac892b873904de8f77dd5728ca97846bf4,unavailable,False,False
r3-hard12-newegg-auto,hard12,newegg,3,auto,0,2,False,8.01e-05,7.9e-05,0,,,,False,local_deferral,True,1,0bca534e8dc87bff082957368ee792ac892b873904de8f77dd5728ca97846bf4,unavailable,False,False
r3-hard12-newegg-auto,hard12,newegg,3,auto,0,3,False,6.82e-05,6.67e-05,0,,,,False,local_deferral,True,1,0bca534e8dc87bff082957368ee792ac892b873904de8f77dd5728ca97846bf4,unavailable,False,False
r3-hard12-newegg-native,hard12,newegg,3,native,1,1,False,0.0016116,0.0016053,0,,,,False,local_deferral,True,1,0bca534e8dc87bff082957368ee792ac892b873904de8f77dd5728ca97846bf4,unavailable,False,False
r3-hard12-newegg-native,hard12,newegg,3,native,1,2,False,9e-05,8.87e-05,0,,,,False,local_deferral,True,1,0bca534e8dc87bff082957368ee792ac892b873904de8f77dd5728ca97846bf4,unavailable,False,False
r3-hard12-newegg-native,hard12,newegg,3,native,1,3,False,6.43e-05,6.34e-05,0,,,,False,local_deferral,True,1,0bca534e8dc87bff082957368ee792ac892b873904de8f77dd5728ca97846bf4,unavailable,False,False
r3-hard12-g2-native,hard12,g2,3,native,0,1,False,0.0018892,0.0018828,0,,,,False,local_deferral,True,1,f5f0fe638ed1ed8aacff7f083479fe69bd0ae6f123b97a4fc8990155107f06ed,unavailable,False,False
r3-hard12-g2-native,hard12,g2,3,native,0,2,False,8.34e-05,8.21e-05,0,,,,False,local_deferral,True,1,f5f0fe638ed1ed8aacff7f083479fe69bd0ae6f123b97a4fc8990155107f06ed,unavailable,False,False
r3-hard12-g2-native,hard12,g2,3,native,0,3,False,6.92e-05,6.78e-05,0,,,,False,local_deferral,True,1,f5f0fe638ed1ed8aacff7f083479fe69bd0ae6f123b97a4fc8990155107f06ed,unavailable,False,False
r3-hard12-g2-auto,hard12,g2,3,auto,1,1,False,0.0017372,0.0017314,0,,,,False,local_deferral,True,1,f5f0fe638ed1ed8aacff7f083479fe69bd0ae6f123b97a4fc8990155107f06ed,unavailable,False,False
r3-hard12-g2-auto,hard12,g2,3,auto,1,2,False,9.01e-05,8.88e-05,0,,,,False,local_deferral,True,1,f5f0fe638ed1ed8aacff7f083479fe69bd0ae6f123b97a4fc8990155107f06ed,unavailable,False,False
r3-hard12-g2-auto,hard12,g2,3,auto,1,3,False,6.45e-05,6.34e-05,0,,,,False,local_deferral,True,1,f5f0fe638ed1ed8aacff7f083479fe69bd0ae6f123b97a4fc8990155107f06ed,unavailable,False,False
r3-hard12-amazon-native,hard12,amazon,3,native,0,1,True,3.7659449,3.7658969,200,thin,warm,native,False,response,True,1,e72f1593972c3f8a3b11a24c16c475207b20b84754c57ff73dd76464ee113848,useful,True,True
r3-hard12-amazon-native,hard12,amazon,3,native,0,2,False,0.0001362,0.000135,0,,,,False,local_deferral,True,1,942988624b387ded52da63d60894ad643a250ae021a3615a4c9903e9a0899433,unavailable,False,False
r3-hard12-amazon-native,hard12,amazon,3,native,0,3,False,6.56e-05,6.46e-05,0,,,,False,local_deferral,True,1,942988624b387ded52da63d60894ad643a250ae021a3615a4c9903e9a0899433,unavailable,False,False
r3-hard12-amazon-auto,hard12,amazon,3,auto,1,1,False,0.0017623,0.001756,0,,,,False,local_deferral,True,1,942988624b387ded52da63d60894ad643a250ae021a3615a4c9903e9a0899433,unavailable,False,False
r3-hard12-amazon-auto,hard12,amazon,3,auto,1,2,False,9.2e-05,9.07e-05,0,,,,False,local_deferral,True,1,942988624b387ded52da63d60894ad643a250ae021a3615a4c9903e9a0899433,unavailable,False,False
r3-hard12-amazon-auto,hard12,amazon,3,auto,1,3,False,7.98e-05,7.86e-05,0,,,,False,local_deferral,True,1,942988624b387ded52da63d60894ad643a250ae021a3615a4c9903e9a0899433,unavailable,False,False
