label,set,target,round,arm,order,position,delivered,seconds,first_response_seconds,status,quality,tier,identity,native_fallback,stop_type,content_complete,chunks,audit_id,audit_verdict,audited_useful,useful_content_available
r1-hard12-g2-native,hard12,g2,1,native,0,1,True,11.9953542,11.9953307,200,thin,warm,native,False,response,True,1,6176732f41f4117e42f5569cee43593887211fd0957c72a330912544b0649aa6,useful,True,True
r1-hard12-g2-native,hard12,g2,1,native,0,2,True,4.2516171,4.2515705,200,thin,warm,native,False,response,True,1,e9f707531c1de91c5e9563fd20a353dc74631c26a3751ef4e1c6590022734129,useful,True,True
r1-hard12-g2-native,hard12,g2,1,native,0,3,True,3.5268545,3.5268164,200,thin,warm,native,False,response,True,1,6176732f41f4117e42f5569cee43593887211fd0957c72a330912544b0649aa6,useful,True,True
r1-hard12-g2-auto,hard12,g2,1,auto,1,1,True,44.0025828,44.002562,200,thin,warm,native,True,response,True,1,e9f707531c1de91c5e9563fd20a353dc74631c26a3751ef4e1c6590022734129,useful,True,True
r1-hard12-g2-auto,hard12,g2,1,auto,1,2,False,59.9205921,59.9205886,200,,real,emulated,False,timeout,True,1,2cedcc2cda28bce12e8d875f5613c706645b1da7b104e7677b489a1b224fe174,unavailable,False,False
r1-hard12-g2-auto,hard12,g2,1,auto,1,3,False,6.79e-05,6.71e-05,0,,,,False,local_deferral,True,1,f5f0fe638ed1ed8aacff7f083479fe69bd0ae6f123b97a4fc8990155107f06ed,unavailable,False,False
r1-hard12-zillow-native,hard12,zillow,1,native,0,1,False,59.9186282,59.9186212,200,,warm,native,False,timeout,True,1,933c2dabb771f59646b11547ab70df59823db4ff388da82f59641b40cde96b81,wall,False,False
r1-hard12-zillow-native,hard12,zillow,1,native,0,2,False,54.0826115,54.0826072,200,,warm,native,False,wall_or_error,True,1,b8752e23eec78ea5eb158857cc8ddaf63a606bb90ab93c69117f2e2a1d2f70f5,wall,False,False
r1-hard12-zillow-native,hard12,zillow,1,native,0,3,False,58.7561197,58.7561157,200,,warm,native,False,wall_or_error,True,1,5d6965458cc8d733585aafab39735b59f117733881a9d99d50a0e6f91b834ca6,wall,False,False
r1-hard12-zillow-auto,hard12,zillow,1,auto,1,1,False,17.0910609,17.0910507,200,,real,emulated,False,wall_or_error,True,1,eca1ae654a79a2d03fdd5440484ce2bfe3bfedbb2c7f53e26df1851559e2f9af,wall,False,False
r1-hard12-zillow-auto,hard12,zillow,1,auto,1,2,False,0.0001664,0.0001646,0,,,,False,local_deferral,True,1,6304af10b65cfb506526ce1c40a35828900c806a4497ed582bc4d3641d26d5d8,unavailable,False,False
r1-hard12-zillow-auto,hard12,zillow,1,auto,1,3,False,7.4e-05,7.31e-05,0,,,,False,local_deferral,True,1,6304af10b65cfb506526ce1c40a35828900c806a4497ed582bc4d3641d26d5d8,unavailable,False,False
r1-public31-crunchbase-cf-native,public31,crunchbase-cf,1,native,0,1,True,2.0566127,2.0565987,200,thin,warm,native,False,response,True,1,cd1e39467411a8168d443a8b898185b1ad725042d054317d0cba513b80b594a0,useful,True,True
r1-public31-crunchbase-cf-native,public31,crunchbase-cf,1,native,0,2,True,1.4731797,1.4731715,200,thin,warm,native,False,response,True,1,cd1e39467411a8168d443a8b898185b1ad725042d054317d0cba513b80b594a0,useful,True,True
r1-public31-crunchbase-cf-native,public31,crunchbase-cf,1,native,0,3,True,1.50313,1.5031174,200,thin,warm,native,False,response,True,1,cd1e39467411a8168d443a8b898185b1ad725042d054317d0cba513b80b594a0,useful,True,True
r1-public31-crunchbase-cf-auto,public31,crunchbase-cf,1,auto,1,1,True,0.1067963,0.1067812,200,full,http,emulated,False,response,True,1,cd1e39467411a8168d443a8b898185b1ad725042d054317d0cba513b80b594a0,useful,True,True
r1-public31-crunchbase-cf-auto,public31,crunchbase-cf,1,auto,1,2,True,0.9540527,0.9540392,200,full,http,emulated,False,response,True,1,cd1e39467411a8168d443a8b898185b1ad725042d054317d0cba513b80b594a0,useful,True,True
r1-public31-crunchbase-cf-auto,public31,crunchbase-cf,1,auto,1,3,True,1.0021623,1.0021532,200,full,http,emulated,False,response,True,1,cd1e39467411a8168d443a8b898185b1ad725042d054317d0cba513b80b594a0,useful,True,True
r1-public31-amazon-product-auto,public31,amazon-product,1,auto,0,1,False,3.1786544,3.1786478,200,,browser,emulated,False,wall_or_error,True,1,bfd32952848ad79823221f6896cd6b643b68e09687d4aeb4a3eddfd73fcf3013,unavailable,False,False
r1-public31-amazon-product-auto,public31,amazon-product,1,auto,0,2,False,2.6797525,2.6797492,200,,browser,emulated,False,wall_or_error,True,1,9204c3320462dcfd514a8006725d2d44222fad17e6109bd5ddad800ce6cfdd13,unavailable,False,False
r1-public31-amazon-product-auto,public31,amazon-product,1,auto,0,3,False,1.6782344,1.6782308000000001,200,,browser,emulated,False,wall_or_error,True,1,6a6921b01919a196900f5eeee1608baddaa1e87154677d57c26dd10ce7fd973d,unavailable,False,False
r1-public31-amazon-product-native,public31,amazon-product,1,native,1,1,False,7.6226842,7.6226756,200,,warm,native,False,wall_or_error,True,1,c5646e72daad143d90c3032a9769d9d3421cd8095973fb47cd5b0f4cc2178a9c,unavailable,False,False
r1-public31-amazon-product-native,public31,amazon-product,1,native,1,2,False,1.4483485,1.4483451,200,,warm,native,False,wall_or_error,True,1,2a12722ce774f567fc1037a3628609ee787a16244cceaf15568180dfe148b854,unavailable,False,False
r1-public31-amazon-product-native,public31,amazon-product,1,native,1,3,False,5.9279001000000004,5.927897,200,,warm,native,False,wall_or_error,True,1,7a428ef1a73e56973bb552f6a0957e65123fb03b15c64ebee733461ad55e3e5b,unavailable,False,False
r1-public31-glassdoor-auto,public31,glassdoor,1,auto,0,1,True,22.2874602,22.2874408,200,thin,real,emulated,False,response,True,1,0dd04ecc71b1f7e704428b24884490bd07b74b21d64f40ff1bf12a5264b1d269,useful,True,True
r1-public31-glassdoor-auto,public31,glassdoor,1,auto,0,2,True,14.1407301,14.1407108,200,thin,browser,emulated,False,response,True,1,97180a6b9b993ad185fcb874fbb033538908dc8f1a12e1a1b955632eb1782ab7,useful,True,True
r1-public31-glassdoor-auto,public31,glassdoor,1,auto,0,3,True,3.5926043,3.5925917,200,thin,browser,emulated,False,response,True,1,0dd04ecc71b1f7e704428b24884490bd07b74b21d64f40ff1bf12a5264b1d269,useful,True,True
r1-public31-glassdoor-native,public31,glassdoor,1,native,1,1,True,11.0929498,11.0929276,200,thin,warm,native,False,response,True,1,0dd04ecc71b1f7e704428b24884490bd07b74b21d64f40ff1bf12a5264b1d269,useful,True,True
r1-public31-glassdoor-native,public31,glassdoor,1,native,1,2,True,3.9414611,3.9414441,200,thin,warm,native,False,response,True,1,0dd04ecc71b1f7e704428b24884490bd07b74b21d64f40ff1bf12a5264b1d269,useful,True,True
r1-public31-glassdoor-native,public31,glassdoor,1,native,1,3,True,2.9235428,2.9235265,204,thin,warm,native,False,response,True,1,aec74cdff290a9e0700a80b2f1496cc61609c68840af2ae91ff17ea32cd77dc8,useful,True,True
r1-public31-medium-native,public31,medium,1,native,0,1,True,23.5479506,23.5479435,200,thin,warm,native,False,response,True,1,3f17e5ee20b369a758965520e96f95b7af4c7ec58fe7669352cd15f14fe98878,useful,True,True
r1-public31-medium-native,public31,medium,1,native,0,2,True,22.6200535,22.6200445,200,thin,warm,native,False,response,True,1,3f17e5ee20b369a758965520e96f95b7af4c7ec58fe7669352cd15f14fe98878,useful,True,True
r1-public31-medium-native,public31,medium,1,native,0,3,True,22.3205819,22.3205735,200,thin,warm,native,False,response,True,1,3f17e5ee20b369a758965520e96f95b7af4c7ec58fe7669352cd15f14fe98878,useful,True,True
r1-public31-medium-auto,public31,medium,1,auto,1,1,True,3.9267285,3.9267159,200,thin,browser,emulated,False,response,True,1,3f17e5ee20b369a758965520e96f95b7af4c7ec58fe7669352cd15f14fe98878,useful,True,True
r1-public31-medium-auto,public31,medium,1,auto,1,2,True,7.4622959,7.4622878,200,thin,browser,emulated,False,response,True,1,3f17e5ee20b369a758965520e96f95b7af4c7ec58fe7669352cd15f14fe98878,useful,True,True
r1-public31-medium-auto,public31,medium,1,auto,1,3,True,7.4905612999999995,7.4905559,200,thin,browser,emulated,False,response,True,1,3f17e5ee20b369a758965520e96f95b7af4c7ec58fe7669352cd15f14fe98878,useful,True,True
r1-public31-browserscan-bot-native,public31,browserscan-bot,1,native,0,1,True,11.2925771,11.2925689,200,thin,warm,native,False,response,True,1,bef8ba910f83c2c04633231569918b52dbe9c10c06198377c2af1d22c1ce8186,diagnostic-only,False,False
r1-public31-browserscan-bot-native,public31,browserscan-bot,1,native,0,2,True,1.8267913,1.8267749,200,thin,warm,native,False,response,True,1,bef8ba910f83c2c04633231569918b52dbe9c10c06198377c2af1d22c1ce8186,diagnostic-only,False,False
r1-public31-browserscan-bot-native,public31,browserscan-bot,1,native,0,3,True,2.9895679,2.9895557999999998,200,thin,warm,native,False,response,True,1,bef8ba910f83c2c04633231569918b52dbe9c10c06198377c2af1d22c1ce8186,diagnostic-only,False,False
r1-public31-browserscan-bot-auto,public31,browserscan-bot,1,auto,1,1,True,0.1642438,0.1642344,200,full,http,emulated,False,response,True,1,9838a395b0e235222d605fb5036d59bda16b9f0ce119725360f9b29c46a013cf,diagnostic-only,False,False
r1-public31-browserscan-bot-auto,public31,browserscan-bot,1,auto,1,2,True,0.9179768,0.9179709,200,full,http,emulated,False,response,True,1,9838a395b0e235222d605fb5036d59bda16b9f0ce119725360f9b29c46a013cf,diagnostic-only,False,False
r1-public31-browserscan-bot-auto,public31,browserscan-bot,1,auto,1,3,True,1.0018015,1.0017956,200,full,http,emulated,False,response,True,1,9838a395b0e235222d605fb5036d59bda16b9f0ce119725360f9b29c46a013cf,diagnostic-only,False,False
r1-vendors8-cloudflare-indeed-auto,vendors8,cloudflare-indeed,1,auto,0,1,True,13.4611412,13.4611227,200,thin,real,emulated,False,response,True,1,bf22d84ff3c3a9819501d1b579d764767e9cd2d79c24ca66fd9578ee627b7203,partial,False,False
r1-vendors8-cloudflare-indeed-auto,vendors8,cloudflare-indeed,1,auto,0,2,True,11.323313,11.3233014,200,thin,real,emulated,False,response,True,1,69869d54a5fec5f4771e609f13e33eaba018d7e2e82748810f78cb10083232d5,partial,False,False
r1-vendors8-cloudflare-indeed-auto,vendors8,cloudflare-indeed,1,auto,0,3,True,5.3857117,5.3857042,200,thin,browser,emulated,False,response,True,1,74130d4827b024b39e183785c1dfd103137d796a8627e3936ccb72c0304a790b,partial,False,False
r1-vendors8-cloudflare-indeed-native,vendors8,cloudflare-indeed,1,native,1,1,True,12.1585223,12.1585138,200,thin,warm,native,False,response,True,1,a4a74afb87ed650d9267b8b580703e86cf8a025d8e190908dd2acef98411dad1,partial,False,False
r1-vendors8-cloudflare-indeed-native,vendors8,cloudflare-indeed,1,native,1,2,True,2.9682462,2.968223,200,thin,warm,native,False,response,True,1,2a4a3ab1eb9b09623bdb1641e2787371dec509802ff0bfc2f312f418866d8f2c,partial,False,False
r1-vendors8-cloudflare-indeed-native,vendors8,cloudflare-indeed,1,native,1,3,True,4.4986641,4.4986565,200,thin,warm,native,False,response,True,1,94dd5b03fdea4e2e53e3b8e0b32c7d0be23aea15eb8c5e098eed51919c318df7,partial,False,False
r1-public31-ceo-ca-auto,public31,ceo-ca,1,auto,0,1,True,4.9740314,4.9740132,200,thin,browser,emulated,False,response,True,1,bea65bf911677912d01729a196203af8b1a6a2dbe1570a4f3eea03bcee88bfdf,useful,True,True
r1-public31-ceo-ca-auto,public31,ceo-ca,1,auto,0,2,True,3.843141,3.8431246999999997,200,thin,browser,emulated,False,response,True,1,bea65bf911677912d01729a196203af8b1a6a2dbe1570a4f3eea03bcee88bfdf,useful,True,True
r1-public31-ceo-ca-auto,public31,ceo-ca,1,auto,0,3,True,1.8256565,1.8256383999999999,200,thin,browser,emulated,False,response,True,1,bea65bf911677912d01729a196203af8b1a6a2dbe1570a4f3eea03bcee88bfdf,useful,True,True
r1-public31-ceo-ca-native,public31,ceo-ca,1,native,1,1,True,9.8891873,9.889171900000001,200,thin,warm,native,False,response,True,1,969c88ce65b7958399b5e4587df827df22139c189b1677738d100eaffda03793,useful,True,True
r1-public31-ceo-ca-native,public31,ceo-ca,1,native,1,2,True,1.8601732,1.8601594000000001,200,thin,warm,native,False,response,True,1,969c88ce65b7958399b5e4587df827df22139c189b1677738d100eaffda03793,useful,True,True
r1-public31-ceo-ca-native,public31,ceo-ca,1,native,1,3,True,2.6029526,2.602935,200,thin,warm,native,False,response,True,1,969c88ce65b7958399b5e4587df827df22139c189b1677738d100eaffda03793,useful,True,True
r1-public31-rebrowser-detector-native,public31,rebrowser-detector,1,native,0,1,True,2.4109902,2.4109802,200,thin,warm,native,False,response,True,1,7742f5e76d12c3b40eed7c0f9539529884484807cd5fcaec546c056feec7bedb,diagnostic-only,False,False
r1-public31-rebrowser-detector-native,public31,rebrowser-detector,1,native,0,2,True,1.453748,1.4537376,200,thin,warm,native,False,response,True,1,ae93c7e863c22a5c192dfeb0a3d56ca570cab7da5d2d52958264c98aad7fa69e,diagnostic-only,False,False
r1-public31-rebrowser-detector-native,public31,rebrowser-detector,1,native,0,3,True,1.4772311,1.4772207,200,thin,warm,native,False,response,True,1,9e2c5ecd6a74c67cf49eb1417ba7fc9d6115ebb731555fe8078d0a335432e3fe,diagnostic-only,False,False
r1-public31-rebrowser-detector-auto,public31,rebrowser-detector,1,auto,1,1,True,0.2290984,0.2290902,200,full,http,emulated,False,response,True,1,dd129aeb7dfd7cfdcfebdc8499384e5333bcbb8c812e2dafb9cd3d39a43de145,diagnostic-only,False,False
r1-public31-rebrowser-detector-auto,public31,rebrowser-detector,1,auto,1,2,True,0.8468295,0.8468241,200,full,http,emulated,False,response,True,1,dd129aeb7dfd7cfdcfebdc8499384e5333bcbb8c812e2dafb9cd3d39a43de145,diagnostic-only,False,False
r1-public31-rebrowser-detector-auto,public31,rebrowser-detector,1,auto,1,3,True,1.0186443,1.0186363,200,full,http,emulated,False,response,True,1,dd129aeb7dfd7cfdcfebdc8499384e5333bcbb8c812e2dafb9cd3d39a43de145,diagnostic-only,False,False
r1-public31-reddit-native,public31,reddit,1,native,0,1,True,3.401771,3.4017439,200,thin,warm,native,False,response,True,1,2c977ae0286ec7ab4cb0d81c2f9107a49434493dcf9486fbd89d2b72695522a0,useful,True,True
r1-public31-reddit-native,public31,reddit,1,native,0,2,True,2.4645085,2.4644857,200,thin,warm,native,False,response,True,1,460ba0f57dc55f8ef63371a0db7c8f91869eb53ad21f17f55d4d261119b938de,useful,True,True
r1-public31-reddit-native,public31,reddit,1,native,0,3,True,2.1961719,2.1961373,200,thin,warm,native,False,response,True,1,ef5a5ef0f909299a349546b3d55683a8eecff963ae4fab23a01a2aaeed0ed71c,useful,True,True
r1-public31-reddit-auto,public31,reddit,1,auto,1,1,True,4.3030877,4.3030736,200,thin,browser,emulated,False,response,True,1,88a202c9f50afe3e4261159e31aa8d092085ed24f99ba4aea60cbb2e964d0156,useful,True,True
r1-public31-reddit-auto,public31,reddit,1,auto,1,2,True,3.7880889,3.7880645,200,thin,browser,emulated,False,response,True,1,10859798e14e530f590dc0e6d78916557dc01f03a5ec5fb442ea24a017ab78e2,useful,True,True
r1-public31-reddit-auto,public31,reddit,1,auto,1,3,True,2.1964626,2.1964406,200,thin,browser,emulated,False,response,True,1,c6ebb149e93615bbe3686a80c1756e48ce28f57042799c57b8e030c10924a6c5,useful,True,True
r1-public31-devto-auto,public31,devto,1,auto,0,1,True,0.4885879,0.4885489,200,partial,http,emulated,False,response,True,1,09161c783e1bfb05a4425c20d2ba0f12f45beb684d0827328652f080db6fa29c,useful,True,True
r1-public31-devto-auto,public31,devto,1,auto,0,2,True,0.5680308,0.5680017,200,partial,http,emulated,False,response,True,1,09161c783e1bfb05a4425c20d2ba0f12f45beb684d0827328652f080db6fa29c,useful,True,True
r1-public31-devto-auto,public31,devto,1,auto,0,3,True,1.0007493,1.0007213,200,partial,http,emulated,False,response,True,1,09161c783e1bfb05a4425c20d2ba0f12f45beb684d0827328652f080db6fa29c,useful,True,True
r1-public31-devto-native,public31,devto,1,native,1,1,True,3.0697548,3.0697043,200,partial,warm,native,False,response,True,1,a88efbdb736c0fbc53957d1090bad0790962f362614cbe51b2ac72a5a2428692,useful,True,True
r1-public31-devto-native,public31,devto,1,native,1,2,True,1.7881390000000001,1.7880942,200,partial,warm,native,False,response,True,1,a88efbdb736c0fbc53957d1090bad0790962f362614cbe51b2ac72a5a2428692,useful,True,True
r1-public31-devto-native,public31,devto,1,native,1,3,True,1.7602234,1.7601812,200,partial,warm,native,False,response,True,1,a88efbdb736c0fbc53957d1090bad0790962f362614cbe51b2ac72a5a2428692,useful,True,True
r1-hard12-newegg-auto,hard12,newegg,1,auto,0,1,True,0.784535,0.7845085,200,thin,http,emulated,False,response,True,1,15b1fcca529f4893944c09a6387ca81d62b2298d5023d5aff52cdc4892e5485b,useful,True,True
r1-hard12-newegg-auto,hard12,newegg,1,auto,0,2,True,0.6564326,0.6564025,200,thin,http,emulated,False,response,True,1,15b1fcca529f4893944c09a6387ca81d62b2298d5023d5aff52cdc4892e5485b,useful,True,True
r1-hard12-newegg-auto,hard12,newegg,1,auto,0,3,True,0.9706946,0.9706693,200,thin,http,emulated,False,response,True,1,15b1fcca529f4893944c09a6387ca81d62b2298d5023d5aff52cdc4892e5485b,useful,True,True
r1-hard12-newegg-native,hard12,newegg,1,native,1,1,True,16.4286811,16.4286398,200,thin,warm,native,False,response,True,1,1d0fd9ab34dd849a55533ff7c3b0ef953bd30d877a493ad88b927f449a67b53a,useful,True,True
r1-hard12-newegg-native,hard12,newegg,1,native,1,2,True,6.8302042,6.830176,204,thin,warm,native,False,response,True,1,b70410ec29c83ffe2eca4313e6e364f8481a626a6f649361982e6896a4785b86,useful,True,True
r1-hard12-newegg-native,hard12,newegg,1,native,1,3,True,7.978624,7.9785703,204,thin,warm,native,False,response,True,1,b70410ec29c83ffe2eca4313e6e364f8481a626a6f649361982e6896a4785b86,useful,True,True
r1-hard12-indeed-native,hard12,indeed,1,native,0,1,True,5.4857271,5.4856926,200,thin,warm,native,False,response,True,1,7e4a96961cd86f2298cdfb9347d6a62d7bb433aa4c98ce19f24b21f5aaa7b4e1,partial,False,False
r1-hard12-indeed-native,hard12,indeed,1,native,0,2,True,4.6966229,4.696604,200,thin,warm,native,False,response,True,1,52d06c561464f5b9188e73e493e4317414f0a9703606080005487c81cc51657f,partial,False,False
r1-hard12-indeed-native,hard12,indeed,1,native,0,3,True,4.0867627,4.0867521,200,thin,warm,native,False,response,True,1,ede140daaa0db16d543342de764889abc197e071af1aa177728076ebbbc9d495,partial,False,False
r1-hard12-indeed-auto,hard12,indeed,1,auto,1,1,True,7.876643,7.8766245999999995,200,thin,real,emulated,False,response,True,1,f6adb12125e843654f9a764e73e4587163f6ae97b3160490b75026b0dd0c7536,partial,False,False
r1-hard12-indeed-auto,hard12,indeed,1,auto,1,2,True,13.0730888,13.0730709,200,thin,real,emulated,False,response,True,1,6f2b209f0b4ce13f95c34bdcc1538f026e365c732dd382a28edf1fd0f4dcd161,partial,False,False
r1-hard12-indeed-auto,hard12,indeed,1,auto,1,3,True,8.2812053,8.2811939,200,thin,browser,emulated,False,response,True,1,2bcfa7f586a6b6b5ca2628d8090a04e77001f9658cd54e7fdf554faa332b7404,partial,False,False
r1-hard12-idealista-auto,hard12,idealista,1,auto,0,1,True,45.0846342,45.0846023,200,thin,warm,native,True,response,True,1,1b6d37d9ab5cfaee5d47bd3bdfee4fcf4c7edaeb0feb7b54fe2328ef62083456,useful,True,True
r1-hard12-idealista-auto,hard12,idealista,1,auto,0,2,True,50.2403345,50.2402922,200,thin,warm,native,True,response,True,1,fd23839ca572300978b081c6711a819fe22faaa7a04b61fa99fe7650cdd78242,useful,True,True
r1-hard12-idealista-auto,hard12,idealista,1,auto,0,3,False,59.9048229,59.9048187,200,,warm,emulated,False,timeout,True,1,de102d0afd9df486f41cf16d563a4a099c55e6f36100a7667da6d50202c6781a,unavailable,False,False
r1-hard12-idealista-native,hard12,idealista,1,native,1,1,False,0.0019089,0.0019005,0,,,,False,local_deferral,True,1,aa20214658ca523f6fd19adeba1f8335d9b977485b614b47f7929e32e1fe358d,unavailable,False,False
r1-hard12-idealista-native,hard12,idealista,1,native,1,2,False,8.97e-05,8.83e-05,0,,,,False,local_deferral,True,1,aa20214658ca523f6fd19adeba1f8335d9b977485b614b47f7929e32e1fe358d,unavailable,False,False
r1-hard12-idealista-native,hard12,idealista,1,native,1,3,False,6.51e-05,6.42e-05,0,,,,False,local_deferral,True,1,aa20214658ca523f6fd19adeba1f8335d9b977485b614b47f7929e32e1fe358d,unavailable,False,False
r1-public31-stockwatch-native,public31,stockwatch,1,native,0,1,True,30.3830737,30.3830615,200,thin,warm,native,False,response,True,1,d7a6af536e417ef2b6656c4415e27dd2bd0a3a353d1e32027ae8cb03c0490b7e,useful,True,True
r1-public31-stockwatch-native,public31,stockwatch,1,native,0,2,True,22.6443478,22.6443366,200,thin,warm,native,False,response,True,1,fa15c0e352849710253d1de2f735b78fdda11771f1a65a305b22daf215c35c7e,useful,True,True
r1-public31-stockwatch-native,public31,stockwatch,1,native,0,3,True,22.467903,22.4678968,200,thin,warm,native,False,response,True,1,ab86c1ad2cfc951db6eaf490d930f53a27ba9ceecfe3bca01c6df407e0540f17,useful,True,True
r1-public31-stockwatch-auto,public31,stockwatch,1,auto,1,1,True,0.5262843,0.5262726,200,full,http,emulated,False,response,True,1,98642a8f2dd8808e19065954cdaf9db66c093afcd1387704d56a5e9161d3b9f5,useful,True,True
r1-public31-stockwatch-auto,public31,stockwatch,1,auto,1,2,True,0.6681961,0.6681871,200,full,http,emulated,False,response,True,1,3aa516e89e09b72a1eb7459e34708d94ff1b76dfbeb9d14a7fef82298c677be2,useful,True,True
r1-public31-stockwatch-auto,public31,stockwatch,1,auto,1,3,True,1.0032513,1.0032435,200,full,http,emulated,False,response,True,1,1826f05ba429902d096af7f0cc70469b0f14df1522787a21699cf7a6bf8b94cc,useful,True,True
r1-public31-tiktok-user-native,public31,tiktok-user,1,native,0,1,False,6.1659212,6.165911,0,,,,False,wall_or_error,True,1,5eba95fa44777804f205f15ce39c540471cbebf29e3e40d123e19ac038d31177,unavailable,False,False
r1-public31-tiktok-user-native,public31,tiktok-user,1,native,0,2,False,0.3796406,0.3796375,0,,,,False,wall_or_error,True,1,5eba95fa44777804f205f15ce39c540471cbebf29e3e40d123e19ac038d31177,unavailable,False,False
r1-public31-tiktok-user-native,public31,tiktok-user,1,native,0,3,False,0.9666142,0.9666113,0,,,,False,wall_or_error,True,1,5eba95fa44777804f205f15ce39c540471cbebf29e3e40d123e19ac038d31177,unavailable,False,False
r1-public31-tiktok-user-auto,public31,tiktok-user,1,auto,1,1,False,2.2277244,2.227717,200,,http,emulated,False,wall_or_error,True,1,008b19ab8d114b694fabe10fd4c9848bcba1606b800701108a3a356e31909f3d,unavailable,False,False
r1-public31-tiktok-user-auto,public31,tiktok-user,1,auto,1,2,False,27.0297201,27.0297101,200,,stealth,emulated,True,wall_or_error,True,1,1585bcb2fa0ef18fda804efcb1b84713324bcc0234e5f964bb384e4632ffeac4,useful,False,True
r1-public31-tiktok-user-auto,public31,tiktok-user,1,auto,1,3,False,1.5276575000000001,1.5276515000000002,200,,http,emulated,False,wall_or_error,True,1,008b19ab8d114b694fabe10fd4c9848bcba1606b800701108a3a356e31909f3d,unavailable,False,False
r1-vendors8-datadome-g2-native,vendors8,datadome-g2,1,native,0,1,False,0.0080734,0.008056,0,,,,False,local_deferral,True,1,f5f0fe638ed1ed8aacff7f083479fe69bd0ae6f123b97a4fc8990155107f06ed,unavailable,False,False
r1-vendors8-datadome-g2-native,vendors8,datadome-g2,1,native,0,2,False,0.0002343,0.0002305,0,,,,False,local_deferral,True,1,f5f0fe638ed1ed8aacff7f083479fe69bd0ae6f123b97a4fc8990155107f06ed,unavailable,False,False
r1-vendors8-datadome-g2-native,vendors8,datadome-g2,1,native,0,3,False,0.0002201,0.0002171,0,,,,False,local_deferral,True,1,f5f0fe638ed1ed8aacff7f083479fe69bd0ae6f123b97a4fc8990155107f06ed,unavailable,False,False
r1-vendors8-datadome-g2-auto,vendors8,datadome-g2,1,auto,1,1,False,0.0062865,0.0062728,0,,,,False,local_deferral,True,1,f5f0fe638ed1ed8aacff7f083479fe69bd0ae6f123b97a4fc8990155107f06ed,unavailable,False,False
r1-vendors8-datadome-g2-auto,vendors8,datadome-g2,1,auto,1,2,False,0.000248,0.0002452,0,,,,False,local_deferral,True,1,f5f0fe638ed1ed8aacff7f083479fe69bd0ae6f123b97a4fc8990155107f06ed,unavailable,False,False
r1-vendors8-datadome-g2-auto,vendors8,datadome-g2,1,auto,1,3,False,0.0001726,0.0001676,0,,,,False,local_deferral,True,1,f5f0fe638ed1ed8aacff7f083479fe69bd0ae6f123b97a4fc8990155107f06ed,unavailable,False,False
r1-public31-browserleaks-auto,public31,browserleaks,1,auto,0,1,True,0.3356505,0.3356277,200,thin,http,emulated,False,response,True,1,53cbe71a9c3115b89cce434f1d6f736a059e4b81e9671a789f6990967006406f,diagnostic-only,False,False
r1-public31-browserleaks-auto,public31,browserleaks,1,auto,0,2,True,0.7543814,0.754365,200,thin,http,emulated,False,response,True,1,53cbe71a9c3115b89cce434f1d6f736a059e4b81e9671a789f6990967006406f,diagnostic-only,False,False
r1-public31-browserleaks-auto,public31,browserleaks,1,auto,0,3,True,1.004227,1.0042155,200,thin,http,emulated,False,response,True,1,53cbe71a9c3115b89cce434f1d6f736a059e4b81e9671a789f6990967006406f,diagnostic-only,False,False
r1-public31-browserleaks-native,public31,browserleaks,1,native,1,1,True,9.3040527,9.3040335,200,thin,warm,native,False,response,True,1,ae7c4d132e7490793a059efd8cc9c5bedd1912b4b5047c2278d7b99619fd2160,diagnostic-only,False,False
r1-public31-browserleaks-native,public31,browserleaks,1,native,1,2,True,1.5191097,1.5190911,200,thin,warm,native,False,response,True,1,0d43b9134e548b7a9155e7339174e6de0b1c66435f9cde2501acf89a842ac201,diagnostic-only,False,False
r1-public31-browserleaks-native,public31,browserleaks,1,native,1,3,True,2.4336545,2.4336341,200,thin,warm,native,False,response,True,1,1256a8c298712abd3e36c474fc989e8eda428ac254f4f822f6670cdf5610f8d4,diagnostic-only,False,False
r1-public31-canadianinsider-auto,public31,canadianinsider,1,auto,0,1,False,59.9132347,59.9132285,200,,warm,emulated,True,timeout,True,1,82cdb4c1cc217de7b9c2e6bf5261d38afbe5f8b30943e5431f663e2fc0f71fbc,wall,False,False
r1-public31-canadianinsider-auto,public31,canadianinsider,1,auto,0,2,False,59.9035213,59.9035136,200,,stealth,emulated,False,timeout,True,1,d3d1f43102a434a0c01626bb7cf5f78245e2b494fadd5c88d28fb95e57b6d95f,wall,False,False
r1-public31-canadianinsider-auto,public31,canadianinsider,1,auto,0,3,False,59.9197881,59.9197811,200,,real,emulated,False,timeout,True,1,52ecd53cc7f65344f759d849e0c64f8e5ba1d89abbd3f1f44320fcd5491695da,wall,False,False
r1-public31-canadianinsider-native,public31,canadianinsider,1,native,1,1,True,10.3261127,10.3261046,200,thin,warm,native,False,response,True,1,30704813dc8a22c5bf0bb03897d4710e5b7ffdb9912e6884a72e4a1bc065f526,useful,True,True
r1-public31-canadianinsider-native,public31,canadianinsider,1,native,1,2,True,2.2970509,2.2970455,200,thin,warm,native,False,response,True,1,28a8cfea947e864881310b11d3429845f6a893c87b0292d2fb82b0e312ba871c,useful,True,True
r1-public31-canadianinsider-native,public31,canadianinsider,1,native,1,3,True,11.0277564,11.0277521,200,thin,warm,native,False,response,True,1,50c7525732ce8c8144c2d88cc9a64abbbd921685aa0e3b8dfa53ddfdc0b95c6b,partial,False,False
r1-public31-pixelscan-fp-native,public31,pixelscan-fp,1,native,0,1,True,15.0944126,15.0944053,200,thin,warm,native,False,response,True,1,c24b1f033edc991a5f4d3927b5e0aaee8c9f455590d1f47f2cbf6cc76cdcfaf7,diagnostic-only,False,False
r1-public31-pixelscan-fp-native,public31,pixelscan-fp,1,native,0,2,True,3.2382099,3.2381999,200,thin,warm,native,False,response,True,1,06cc467b303ddbd4f46898d6bcbfe5ed10a3bc569922fb7c63d7508cc9969e0b,diagnostic-only,False,False
r1-public31-pixelscan-fp-native,public31,pixelscan-fp,1,native,0,3,True,3.9872678,3.9872597,200,thin,warm,native,False,response,True,1,dc4a0e7eed96abe3464021fafea6e0e33e082328dd95e30708eb7e47c5101b9f,diagnostic-only,False,False
r1-public31-pixelscan-fp-auto,public31,pixelscan-fp,1,auto,1,1,True,1.8421892,1.8421811,200,thin,http,emulated,False,response,True,1,84779cbc165c9b51e9807708ad2f6e35cf13b42eb374447f6696704b4dbefac5,diagnostic-only,False,False
r1-public31-pixelscan-fp-auto,public31,pixelscan-fp,1,auto,1,2,True,0.8496982,0.8496928,200,thin,http,emulated,False,response,True,1,84779cbc165c9b51e9807708ad2f6e35cf13b42eb374447f6696704b4dbefac5,diagnostic-only,False,False
r1-public31-pixelscan-fp-auto,public31,pixelscan-fp,1,auto,1,3,True,0.9865216,0.9865165,200,thin,http,emulated,False,response,True,1,84779cbc165c9b51e9807708ad2f6e35cf13b42eb374447f6696704b4dbefac5,diagnostic-only,False,False
r1-public31-sannysoft-auto,public31,sannysoft,1,auto,0,1,True,0.5597905,0.5597812,200,thin,http,emulated,False,response,True,1,f2a7718171dd378e35ad7dc3cee8c9228dd267cbccf2d71eadd53cf99542a701,diagnostic-only,False,False
r1-public31-sannysoft-auto,public31,sannysoft,1,auto,0,2,True,0.5481472,0.5481412,200,thin,http,emulated,False,response,True,1,f2a7718171dd378e35ad7dc3cee8c9228dd267cbccf2d71eadd53cf99542a701,diagnostic-only,False,False
r1-public31-sannysoft-auto,public31,sannysoft,1,auto,0,3,True,1.0078994,1.0078938,200,thin,http,emulated,False,response,True,1,f2a7718171dd378e35ad7dc3cee8c9228dd267cbccf2d71eadd53cf99542a701,diagnostic-only,False,False
r1-public31-sannysoft-native,public31,sannysoft,1,native,1,1,True,5.3836867999999996,5.3836676,200,thin,warm,native,False,response,True,1,a5dbde16e8344ab832cb6a5695a485af02bc6b4136b9c68d1b4350b9f03b8e53,diagnostic-only,False,False
r1-public31-sannysoft-native,public31,sannysoft,1,native,1,2,True,1.8810855,1.8810671,200,thin,warm,native,False,response,True,1,bc99d50ee368ca4dce91621e8701d45199b5516e1ef9e9a13fe534db29579214,diagnostic-only,False,False
r1-public31-sannysoft-native,public31,sannysoft,1,native,1,3,True,1.775636,1.7756172000000001,200,thin,warm,native,False,response,True,1,e9b72715b0de07b274276bf928b2a742311433065faea493595d4c4b0e151d8f,diagnostic-only,False,False
r1-public31-indeed-jobs-auto,public31,indeed-jobs,1,auto,0,1,True,7.0097113,7.0096926,200,thin,real,emulated,False,response,True,1,e49ba437e63c5c7eb4593e36c2c0fa9a1f120a050af0ac69d0a1321634a7b2db,partial,False,False
r1-public31-indeed-jobs-auto,public31,indeed-jobs,1,auto,0,2,True,14.7958372,14.795827599999999,200,thin,real,emulated,False,response,True,1,1a1fda9ff2f9bc639f4feae0335d8510cf45007e99d783de4a9f88ec11f4af99,partial,False,False
r1-public31-indeed-jobs-auto,public31,indeed-jobs,1,auto,0,3,True,9.6039366,9.6039207,200,thin,browser,emulated,False,response,True,1,de08c6d13cc1e530d4e97a681a518685eee2484b3f9c319a98ed4d7ee4f7ea7d,partial,False,False
r1-public31-indeed-jobs-native,public31,indeed-jobs,1,native,1,1,True,4.4128584,4.4128385,200,thin,warm,native,False,response,True,1,8579834d53bfb4df7dc030a290d2062be70140ca2a6fbafa3d2a1bacd0be52eb,partial,False,False
r1-public31-indeed-jobs-native,public31,indeed-jobs,1,native,1,2,False,0.0001392,0.000138,0,,,,False,local_deferral,True,1,39f672a8a7ef836bc099fa6d1c198e00c88308db9d2cedd6d1438bec0ff65276,unavailable,False,False
r1-public31-indeed-jobs-native,public31,indeed-jobs,1,native,1,3,False,6.84e-05,6.72e-05,0,,,,False,local_deferral,True,1,39f672a8a7ef836bc099fa6d1c198e00c88308db9d2cedd6d1438bec0ff65276,unavailable,False,False
r1-vendors8-datadome-idealista-auto,vendors8,datadome-idealista,1,auto,0,1,False,0.0016321,0.0016254,0,,,,False,local_deferral,True,1,aa20214658ca523f6fd19adeba1f8335d9b977485b614b47f7929e32e1fe358d,unavailable,False,False
r1-vendors8-datadome-idealista-auto,vendors8,datadome-idealista,1,auto,0,2,False,0.0001105,0.0001089,0,,,,False,local_deferral,True,1,aa20214658ca523f6fd19adeba1f8335d9b977485b614b47f7929e32e1fe358d,unavailable,False,False
r1-vendors8-datadome-idealista-auto,vendors8,datadome-idealista,1,auto,0,3,False,9.08e-05,8.94e-05,0,,,,False,local_deferral,True,1,aa20214658ca523f6fd19adeba1f8335d9b977485b614b47f7929e32e1fe358d,unavailable,False,False
r1-vendors8-datadome-idealista-native,vendors8,datadome-idealista,1,native,1,1,False,0.0014727,0.0014669,0,,,,False,local_deferral,True,1,aa20214658ca523f6fd19adeba1f8335d9b977485b614b47f7929e32e1fe358d,unavailable,False,False
r1-vendors8-datadome-idealista-native,vendors8,datadome-idealista,1,native,1,2,False,7.47e-05,7.37e-05,0,,,,False,local_deferral,True,1,aa20214658ca523f6fd19adeba1f8335d9b977485b614b47f7929e32e1fe358d,unavailable,False,False
r1-vendors8-datadome-idealista-native,vendors8,datadome-idealista,1,native,1,3,False,6.15e-05,6.06e-05,0,,,,False,local_deferral,True,1,aa20214658ca523f6fd19adeba1f8335d9b977485b614b47f7929e32e1fe358d,unavailable,False,False
r1-vendors8-akamai-newegg-native,vendors8,akamai-newegg,1,native,0,1,True,6.1428942,6.1428804,200,thin,warm,native,False,response,True,1,5c5a7faf6d0f27d5ee5a3b0f90cb95e206f3a0e36efd8ceca631179e995d1c8b,useful,True,True
r1-vendors8-akamai-newegg-native,vendors8,akamai-newegg,1,native,0,2,True,7.174928,7.1749123,200,thin,warm,native,False,response,True,1,5c5a7faf6d0f27d5ee5a3b0f90cb95e206f3a0e36efd8ceca631179e995d1c8b,useful,True,True
r1-vendors8-akamai-newegg-native,vendors8,akamai-newegg,1,native,0,3,True,5.443304,5.4432897,204,thin,warm,native,False,response,True,1,05a870d20e34cdb576972036803e1ac9c35c0a7f5ec0e21bd2ff519665a79608,useful,True,True
r1-vendors8-akamai-newegg-auto,vendors8,akamai-newegg,1,auto,1,1,True,0.3101608,0.3101426,200,thin,http,emulated,False,response,True,1,aab1d6f8eeee7042001a317802d21df9f8295bca21d9ec546131b591e2114c29,useful,True,True
r1-vendors8-akamai-newegg-auto,vendors8,akamai-newegg,1,auto,1,2,True,0.8739565,0.8739413,200,thin,http,emulated,False,response,True,1,aab1d6f8eeee7042001a317802d21df9f8295bca21d9ec546131b591e2114c29,useful,True,True
r1-vendors8-akamai-newegg-auto,vendors8,akamai-newegg,1,auto,1,3,True,1.1471259,1.1471113,200,thin,http,emulated,False,response,True,1,aab1d6f8eeee7042001a317802d21df9f8295bca21d9ec546131b591e2114c29,useful,True,True
r1-vendors8-akamai-homedepot-auto,vendors8,akamai-homedepot,1,auto,0,1,True,51.6611506,51.6611416,200,thin,warm,native,True,response,True,1,9d0bafbc4875627781143b4afdd76733e598520c8cef08db07b3ea2a7eb1450b,shell,False,False
r1-vendors8-akamai-homedepot-auto,vendors8,akamai-homedepot,1,auto,0,2,True,48.3927964,48.392789,200,thin,warm,native,True,response,True,1,9d0bafbc4875627781143b4afdd76733e598520c8cef08db07b3ea2a7eb1450b,shell,False,False
r1-vendors8-akamai-homedepot-auto,vendors8,akamai-homedepot,1,auto,0,3,False,59.9033294,59.9033259,200,,stealth,emulated,False,timeout,True,1,b34bc3d39bb2a63c21231c94ad37e015e3f192d05826627cc2f92550e829972d,shell,False,False
r1-vendors8-akamai-homedepot-native,vendors8,akamai-homedepot,1,native,1,1,True,15.2463693,15.2463603,200,thin,warm,native,False,response,True,1,c329af661eaead6a92e87f40b7f3d0501c068f0d86c4f3c4b119d7f813a52545,shell,False,False
r1-vendors8-akamai-homedepot-native,vendors8,akamai-homedepot,1,native,1,2,False,0.0001615,0.0001598,0,,,,False,local_deferral,True,1,80c1ae9ad5c93a05d471470f5dd8fc7e4a643c8378c4fa3d28f0abbb32682cdb,unavailable,False,False
r1-vendors8-akamai-homedepot-native,vendors8,akamai-homedepot,1,native,1,3,False,8.31e-05,8.16e-05,0,,,,False,local_deferral,True,1,80c1ae9ad5c93a05d471470f5dd8fc7e4a643c8378c4fa3d28f0abbb32682cdb,unavailable,False,False
r1-hard12-wikipedia-native,hard12,wikipedia,1,native,0,1,True,7.7962340999999995,7.7958587999999995,200,full,warm,native,False,response,False,1,748c74e535c1e07e70524cc0be0109378bec591ded8fc23cd2ff3f28fe5deb7a,useful,True,True
r1-hard12-wikipedia-native,hard12,wikipedia,1,native,0,2,True,1.7075014,1.7071817999999999,200,full,warm,native,False,response,False,1,748c74e535c1e07e70524cc0be0109378bec591ded8fc23cd2ff3f28fe5deb7a,useful,True,True
r1-hard12-wikipedia-native,hard12,wikipedia,1,native,0,3,True,2.1512885,2.1509871,200,full,warm,native,False,response,False,1,748c74e535c1e07e70524cc0be0109378bec591ded8fc23cd2ff3f28fe5deb7a,useful,True,True
r1-hard12-wikipedia-auto,hard12,wikipedia,1,auto,1,1,True,0.3273498,0.3269668,200,full,http,emulated,False,response,False,1,ec30726ca04dfa0339338e9d2f280634e16ea41708adecc016ff0215af3dcc42,useful,True,True
r1-hard12-wikipedia-auto,hard12,wikipedia,1,auto,1,2,True,0.8111647,0.8107538,200,full,http,emulated,False,response,False,1,ec30726ca04dfa0339338e9d2f280634e16ea41708adecc016ff0215af3dcc42,useful,True,True
r1-hard12-wikipedia-auto,hard12,wikipedia,1,auto,1,3,True,0.9765404,0.9762153,200,full,http,emulated,False,response,False,1,ec30726ca04dfa0339338e9d2f280634e16ea41708adecc016ff0215af3dcc42,useful,True,True
r1-public31-newsfilecorp-auto,public31,newsfilecorp,1,auto,0,1,True,0.8936861,0.8936665,200,full,http,emulated,False,response,True,1,12612eea0719a2e546465ed2af2ec89d5d89d133ffc586887c6af24241cba304,partial,False,False
r1-public31-newsfilecorp-auto,public31,newsfilecorp,1,auto,0,2,True,0.3352435,0.3352377,200,full,http,emulated,False,response,True,1,7d61190954e6288ab0b94e011ca276dba93bc25a6aff43d8a6900ee8bd17f285,wall,False,False
r1-public31-newsfilecorp-auto,public31,newsfilecorp,1,auto,0,3,True,1.0095911,1.0095865,200,full,http,emulated,False,response,True,1,7d61190954e6288ab0b94e011ca276dba93bc25a6aff43d8a6900ee8bd17f285,wall,False,False
r1-public31-newsfilecorp-native,public31,newsfilecorp,1,native,1,1,True,9.0380431,9.0380336,200,thin,warm,native,False,response,True,1,7d61190954e6288ab0b94e011ca276dba93bc25a6aff43d8a6900ee8bd17f285,wall,False,False
r1-public31-newsfilecorp-native,public31,newsfilecorp,1,native,1,2,False,2.4698524,2.4698482,0,,,,False,wall_or_error,True,1,19be420ea148bff7e39a4aeebe36d0dc04e7a799e925e4383241591a689ef592,unavailable,False,False
r1-public31-newsfilecorp-native,public31,newsfilecorp,1,native,1,3,True,2.0218188,2.0218086,200,thin,warm,native,False,response,True,1,7d61190954e6288ab0b94e011ca276dba93bc25a6aff43d8a6900ee8bd17f285,wall,False,False
r1-public31-pixelscan-bot-auto,public31,pixelscan-bot,1,auto,0,1,True,1.9323084000000001,1.9323005,200,thin,http,emulated,False,response,True,1,6ea77fdfd6ff198998f99fe5195c83b80823f648a622ca043f5b6bb916df12c1,diagnostic-only,False,False
r1-public31-pixelscan-bot-auto,public31,pixelscan-bot,1,auto,0,2,True,0.9085309,0.9085253,200,thin,http,emulated,False,response,True,1,6ea77fdfd6ff198998f99fe5195c83b80823f648a622ca043f5b6bb916df12c1,diagnostic-only,False,False
r1-public31-pixelscan-bot-auto,public31,pixelscan-bot,1,auto,0,3,True,0.9630017,0.9629943,200,thin,http,emulated,False,response,True,1,6ea77fdfd6ff198998f99fe5195c83b80823f648a622ca043f5b6bb916df12c1,diagnostic-only,False,False
r1-public31-pixelscan-bot-native,public31,pixelscan-bot,1,native,1,1,True,4.0140234,4.0140157,200,thin,warm,native,False,response,True,1,15a94dbf945e34c8274f1b0182c7e7cd2eb07c198a68094db715bcdd62dc9f1b,diagnostic-only,False,False
r1-public31-pixelscan-bot-native,public31,pixelscan-bot,1,native,1,2,True,2.5846125,2.5846013,200,thin,warm,native,False,response,True,1,15a94dbf945e34c8274f1b0182c7e7cd2eb07c198a68094db715bcdd62dc9f1b,diagnostic-only,False,False
r1-public31-pixelscan-bot-native,public31,pixelscan-bot,1,native,1,3,True,2.6524727,2.6524656,200,thin,warm,native,False,response,True,1,15a94dbf945e34c8274f1b0182c7e7cd2eb07c198a68094db715bcdd62dc9f1b,diagnostic-only,False,False
r1-public31-linkedin-jobs-native,public31,linkedin-jobs,1,native,0,1,False,32.4134767,32.4134681,200,,warm,native,False,wall_or_error,True,1,acd9b152bc1a60faedafbcd539ab170094c13db56fd6fa8f79a4ffc3942bd632,useful,False,True
r1-public31-linkedin-jobs-native,public31,linkedin-jobs,1,native,0,2,False,23.6456836,23.645675,200,,warm,native,False,wall_or_error,True,1,c29c361a7bbd396feb46d4606e2abfb07c8f62fa1aaf6dd38df5f06b17d73188,useful,False,True
r1-public31-linkedin-jobs-native,public31,linkedin-jobs,1,native,0,3,False,23.3844001,23.3843903,200,,warm,native,False,wall_or_error,True,1,7c5ec18b49ca7c223f510e4869355f6f82544247a0e3bf95c78692efdb43799f,useful,False,True
r1-public31-linkedin-jobs-auto,public31,linkedin-jobs,1,auto,1,1,True,0.8186853,0.8186428,200,thin,http,emulated,False,response,True,1,597119f213e7fcc862a90c8d4be40cacac7287162a5ea1e4700ad9a5c7c04baf,useful,True,True
r1-public31-linkedin-jobs-auto,public31,linkedin-jobs,1,auto,1,2,True,0.7741889,0.7741632,200,thin,http,emulated,False,response,True,1,b19364b7ce9f6b38a75c79d5cc3c13e8cc0486370d3a72548c702e6b902d44ad,useful,True,True
r1-public31-linkedin-jobs-auto,public31,linkedin-jobs,1,auto,1,3,True,0.9896187,0.9895896,200,thin,http,emulated,False,response,True,1,4815daa3c0d549da507903e90a2ca70b4bb2e2bb02c8a9ef643161446407c265,useful,True,True
r1-vendors8-kasada-twitch-auto,vendors8,kasada-twitch,1,auto,0,1,True,5.4141401,5.4141173,200,thin,browser,emulated,False,response,True,1,f04076711ae718edd8e0293b5ebe047b2c5a4dfaa2bbe49ac79432a57a31ca63,useful,True,True
r1-vendors8-kasada-twitch-auto,vendors8,kasada-twitch,1,auto,0,2,True,5.8039832,5.803961,200,thin,browser,emulated,False,response,True,1,67139f93604f546d44ded94ddad4c61f8b1bb635b8b1823cca2bfc878f09d5ae,useful,True,True
r1-vendors8-kasada-twitch-auto,vendors8,kasada-twitch,1,auto,0,3,True,1.7581826999999999,1.7581573000000001,200,thin,browser,emulated,False,response,True,1,67139f93604f546d44ded94ddad4c61f8b1bb635b8b1823cca2bfc878f09d5ae,useful,True,True
r1-vendors8-kasada-twitch-native,vendors8,kasada-twitch,1,native,1,1,True,13.1922424,13.1922235,200,thin,warm,native,False,response,True,1,3ad273af867f46c5216149a7e5720d30ff3e556eb6dd8176620258014d026a19,useful,True,True
r1-vendors8-kasada-twitch-native,vendors8,kasada-twitch,1,native,1,2,True,1.9001708000000002,1.9001532,200,thin,warm,native,False,response,True,1,3ad273af867f46c5216149a7e5720d30ff3e556eb6dd8176620258014d026a19,useful,True,True
r1-vendors8-kasada-twitch-native,vendors8,kasada-twitch,1,native,1,3,True,3.3366731,3.336658,200,thin,warm,native,False,response,True,1,b1949fb065b465a767850c511bb4b67b551695ce1633d2b055949a2471ae4085,useful,True,True
r1-public31-sedarplus-native,public31,sedarplus,1,native,0,1,True,28.0336666,28.03366,200,thin,warm,native,False,response,True,1,65ddfc06b0d912b0ffc53e9a11a9e88f76d03017857be736f58de884bdbfb131,wall,False,False
r1-public31-sedarplus-native,public31,sedarplus,1,native,0,2,True,23.2037019,23.203684,200,thin,warm,native,False,response,True,1,c9ab122a026a57cd9afcea14cf2bfa272de109f9a1bc6c450a7e173a6e1a964a,wall,False,False
r1-public31-sedarplus-native,public31,sedarplus,1,native,0,3,True,21.8441456,21.8441385,200,thin,warm,native,False,response,True,1,00ff42d5978b5cabe24c3ca0a62f6c04b599c84692771e51aad2dc5cc31871f2,wall,False,False
r1-public31-sedarplus-auto,public31,sedarplus,1,auto,1,1,True,0.6009977,0.6009879,200,full,http,emulated,False,response,True,1,86cc88c59d74bf3997c08c33bab3f891d96d55deb9da54ec5d83690a5576519d,useful,True,True
r1-public31-sedarplus-auto,public31,sedarplus,1,auto,1,2,True,0.8613683,0.8613547,200,full,http,emulated,False,response,True,1,86cc88c59d74bf3997c08c33bab3f891d96d55deb9da54ec5d83690a5576519d,useful,True,True
r1-public31-sedarplus-auto,public31,sedarplus,1,auto,1,3,True,1.0001207,1.0001147,200,full,http,emulated,False,response,True,1,86cc88c59d74bf3997c08c33bab3f891d96d55deb9da54ec5d83690a5576519d,useful,True,True
r1-hard12-nowsecure-auto,hard12,nowsecure,1,auto,0,1,True,4.1365831,4.1365748,200,thin,browser,emulated,False,response,True,1,f48402c8e452204b8ccadc105ec7bb61bd971e066fa27978cc4f843804b78b5a,diagnostic-only,False,False
r1-hard12-nowsecure-auto,hard12,nowsecure,1,auto,0,2,True,3.4162383,3.4162288,200,thin,browser,emulated,False,response,True,1,f48402c8e452204b8ccadc105ec7bb61bd971e066fa27978cc4f843804b78b5a,diagnostic-only,False,False
r1-hard12-nowsecure-auto,hard12,nowsecure,1,auto,0,3,True,2.1189384,2.118928,200,thin,browser,emulated,False,response,True,1,f48402c8e452204b8ccadc105ec7bb61bd971e066fa27978cc4f843804b78b5a,diagnostic-only,False,False
r1-hard12-nowsecure-native,hard12,nowsecure,1,native,1,1,True,24.1222465,24.1222359,200,thin,warm,native,False,response,True,1,f48402c8e452204b8ccadc105ec7bb61bd971e066fa27978cc4f843804b78b5a,diagnostic-only,False,False
r1-hard12-nowsecure-native,hard12,nowsecure,1,native,1,2,True,22.5286996,22.5286899,200,thin,warm,native,False,response,True,1,f48402c8e452204b8ccadc105ec7bb61bd971e066fa27978cc4f843804b78b5a,diagnostic-only,False,False
r1-hard12-nowsecure-native,hard12,nowsecure,1,native,1,3,True,22.5520207,22.552015,200,thin,warm,native,False,response,True,1,f48402c8e452204b8ccadc105ec7bb61bd971e066fa27978cc4f843804b78b5a,diagnostic-only,False,False
r1-public31-bot-incolumitas-auto,public31,bot-incolumitas,1,auto,0,1,True,0.8608699,0.8608612,200,full,http,emulated,False,response,True,1,c8171629aae01e2c3a2c33c5ddbf2a8d7a30c154d665252896b00b479707409a,diagnostic-only,False,False
r1-public31-bot-incolumitas-auto,public31,bot-incolumitas,1,auto,0,2,True,0.3272783,0.3272689,200,full,http,emulated,False,response,True,1,c8171629aae01e2c3a2c33c5ddbf2a8d7a30c154d665252896b00b479707409a,diagnostic-only,False,False
r1-public31-bot-incolumitas-auto,public31,bot-incolumitas,1,auto,0,3,True,1.0117396,1.0117327,200,full,http,emulated,False,response,True,1,c8171629aae01e2c3a2c33c5ddbf2a8d7a30c154d665252896b00b479707409a,diagnostic-only,False,False
r1-public31-bot-incolumitas-native,public31,bot-incolumitas,1,native,1,1,True,4.0711799,4.0711404,200,full,warm,native,False,response,True,1,b099effc2baf4ada5658abaece4972befc8b10c1111f024709a313970bbdde75,diagnostic-only,False,False
r1-public31-bot-incolumitas-native,public31,bot-incolumitas,1,native,1,2,True,2.1926421,2.1926008,200,full,warm,native,False,response,True,1,41b29c11ba197130c1fb4aaf078b132b90cb278d876b0e899a6b95326fc5172c,diagnostic-only,False,False
r1-public31-bot-incolumitas-native,public31,bot-incolumitas,1,native,1,3,True,2.3068106999999998,2.3067804,200,full,warm,native,False,response,True,1,ab2ea2de6c02277c277e5bada5b9e91241ed4de6b417766400cdda662400423d,diagnostic-only,False,False
r1-hard12-amazon-native,hard12,amazon,1,native,0,1,True,3.6580031,3.6579528999999997,200,thin,warm,native,False,response,True,1,6cabfb636b569bc09ed5c92187c4430f995c07b7febe162a5aa61a9eab734b82,useful,True,True
r1-hard12-amazon-native,hard12,amazon,1,native,0,2,True,2.2635224,2.2634498,200,thin,warm,native,False,response,True,1,d3c38013b9cd0020fca470f6f1d712345473f80263213736af6df943f0e6e407,useful,True,True
r1-hard12-amazon-native,hard12,amazon,1,native,0,3,True,4.1902756,4.1902025,200,thin,warm,native,False,response,True,1,a82d44a5a1fd977a831abf52fd9e2c90575b097b77e8694c505f471d4116f227,useful,True,True
r1-hard12-amazon-auto,hard12,amazon,1,auto,1,1,False,0.191369,0.1913622,503,,http,emulated,False,wall_or_error,True,1,69009ccc60a2e03da6e3efaa6a5eec88926ba0369e89d17987e0f1133f216ba9,unavailable,False,False
r1-hard12-amazon-auto,hard12,amazon,1,auto,1,2,False,0.0002047,0.0002037,0,,,,False,local_deferral,True,1,942988624b387ded52da63d60894ad643a250ae021a3615a4c9903e9a0899433,unavailable,False,False
r1-hard12-amazon-auto,hard12,amazon,1,auto,1,3,False,0.0001507,0.0001498,0,,,,False,local_deferral,True,1,942988624b387ded52da63d60894ad643a250ae021a3615a4c9903e9a0899433,unavailable,False,False
r1-public31-tls-peet-auto,public31,tls-peet,1,auto,0,1,True,0.519761,0.519749,200,thin,http,emulated,False,response,True,1,22bd7415db6cd4fdc11d9a639b29d48681ec398c4a33da47d58d68244f938f60,diagnostic-only,False,False
r1-public31-tls-peet-auto,public31,tls-peet,1,auto,0,2,True,0.7544507,0.7544414,200,thin,http,emulated,False,response,True,1,34db3a632ffd98b6ba814c46fac5f7bc9362b3b03837a613cfae12083cf4b02e,diagnostic-only,False,False
r1-public31-tls-peet-auto,public31,tls-peet,1,auto,0,3,True,0.9860953,0.9860873,200,thin,http,emulated,False,response,True,1,785a2ea0c6db2c03cd0ca70c2a39b6169f960289260e3d3e68d54dd1239f3fb0,diagnostic-only,False,False
r1-public31-tls-peet-native,public31,tls-peet,1,native,1,1,True,7.9279168,7.9279076,200,thin,warm,native,False,response,True,1,4bf2c4ba133f2532d8ec209d2f07f0211fca7f0dc0e8cb7623c733a709c45b9d,diagnostic-only,False,False
r1-public31-tls-peet-native,public31,tls-peet,1,native,1,2,True,1.4691378,1.4691305,200,thin,warm,native,False,response,True,1,ce3d8e5aa8d889a9b257f76156b59bc2833a07c5b50060537b1e2024fb94caeb,diagnostic-only,False,False
r1-public31-tls-peet-native,public31,tls-peet,1,native,1,3,True,2.1859264,2.1859189,200,thin,warm,native,False,response,True,1,e62ac56b569adc1af214dbb0d7e0665f35dd52a0c6acf29d3d82a138121f22c0,diagnostic-only,False,False
r1-public31-github-explore-auto,public31,github-explore,1,auto,0,1,True,2.0376992,2.0376882,200,thin,http,emulated,False,response,True,1,b19f1678ac21b1fdaff824c5919d0c69a3e4b9cd7a0a70daa02596186d7f43c2,partial,False,False
r1-public31-github-explore-auto,public31,github-explore,1,auto,0,2,True,0.0950242,0.0950123,200,thin,http,emulated,False,response,True,1,b19f1678ac21b1fdaff824c5919d0c69a3e4b9cd7a0a70daa02596186d7f43c2,partial,False,False
r1-public31-github-explore-auto,public31,github-explore,1,auto,0,3,True,1.0065745,1.0065619,200,thin,http,emulated,False,response,True,1,b19f1678ac21b1fdaff824c5919d0c69a3e4b9cd7a0a70daa02596186d7f43c2,partial,False,False
r1-public31-github-explore-native,public31,github-explore,1,native,1,1,True,11.0928203,11.0927965,200,thin,warm,native,False,response,True,1,b19f1678ac21b1fdaff824c5919d0c69a3e4b9cd7a0a70daa02596186d7f43c2,partial,False,False
r1-public31-github-explore-native,public31,github-explore,1,native,1,2,True,2.0465106,2.0465024,200,thin,warm,native,False,response,True,1,03e05b939118879ad5ba1b3579ff4fff250a2e14f19172b37e3f78533f387c32,partial,False,False
r1-public31-github-explore-native,public31,github-explore,1,native,1,3,True,2.9023179,2.9023023,200,thin,warm,native,False,response,True,1,03e05b939118879ad5ba1b3579ff4fff250a2e14f19172b37e3f78533f387c32,partial,False,False
r1-hard12-stackoverflow-auto,hard12,stackoverflow,1,auto,0,1,True,8.2028561,8.2028375,200,thin,stealth,emulated,False,response,True,1,82978a94f66b3a0cce82bfca3eaf9bd166acd83af17202483a908e66086919fe,useful,True,True
r1-hard12-stackoverflow-auto,hard12,stackoverflow,1,auto,0,2,True,5.8295968,5.829581,200,thin,browser,emulated,False,response,True,1,82978a94f66b3a0cce82bfca3eaf9bd166acd83af17202483a908e66086919fe,useful,True,True
r1-hard12-stackoverflow-auto,hard12,stackoverflow,1,auto,0,3,True,2.5291098,2.5290918,200,thin,browser,emulated,False,response,True,1,82978a94f66b3a0cce82bfca3eaf9bd166acd83af17202483a908e66086919fe,useful,True,True
r1-hard12-stackoverflow-native,hard12,stackoverflow,1,native,1,1,True,11.8440107,11.8439925,200,thin,warm,native,False,response,True,1,82978a94f66b3a0cce82bfca3eaf9bd166acd83af17202483a908e66086919fe,useful,True,True
r1-hard12-stackoverflow-native,hard12,stackoverflow,1,native,1,2,True,2.3467439,2.346728,200,thin,warm,native,False,response,True,1,82978a94f66b3a0cce82bfca3eaf9bd166acd83af17202483a908e66086919fe,useful,True,True
r1-hard12-stackoverflow-native,hard12,stackoverflow,1,native,1,3,True,3.2914738,3.2914574,200,thin,warm,native,False,response,True,1,82978a94f66b3a0cce82bfca3eaf9bd166acd83af17202483a908e66086919fe,useful,True,True
r1-public31-instagram-post-auto,public31,instagram-post,1,auto,0,1,True,4.2128174,4.2128067,200,thin,browser,emulated,False,response,True,1,1fca0289753eb2981bff32b44504848c2a8cbcf4eabc802456a77ceebc40f6c6,unavailable,False,False
r1-public31-instagram-post-auto,public31,instagram-post,1,auto,0,2,True,3.3907819,3.3907756,200,thin,browser,emulated,False,response,True,1,1fca0289753eb2981bff32b44504848c2a8cbcf4eabc802456a77ceebc40f6c6,unavailable,False,False
r1-public31-instagram-post-auto,public31,instagram-post,1,auto,0,3,True,2.0769451,2.0769394,200,thin,browser,emulated,False,response,True,1,1fca0289753eb2981bff32b44504848c2a8cbcf4eabc802456a77ceebc40f6c6,unavailable,False,False
r1-public31-instagram-post-native,public31,instagram-post,1,native,1,1,True,30.0445688,30.0445557,200,thin,warm,native,False,response,True,1,c9c3513873c0b4dafe628724ebb8b71d3ce807031dbc8a71f05974bcefc0a1b1,unavailable,False,False
r1-public31-instagram-post-native,public31,instagram-post,1,native,1,2,True,22.8483472,22.8483395,200,thin,warm,native,False,response,True,1,c9c3513873c0b4dafe628724ebb8b71d3ce807031dbc8a71f05974bcefc0a1b1,unavailable,False,False
r1-public31-instagram-post-native,public31,instagram-post,1,native,1,3,True,23.2136066,23.2135989,200,thin,warm,native,False,response,True,1,c9c3513873c0b4dafe628724ebb8b71d3ce807031dbc8a71f05974bcefc0a1b1,unavailable,False,False
r1-public31-booking-search-auto,public31,booking-search,1,auto,0,1,True,3.2174936,3.2174799,200,thin,http,emulated,False,response,True,1,f9bc25e63cfef231cc21a597c3ec2b20bad07111088a83f9e49cdaf072d968e2,useful,True,True
r1-public31-booking-search-auto,public31,booking-search,1,auto,0,2,True,0.9177957,0.9177891,200,thin,http,emulated,False,response,True,1,31d8c7a436cf7da4744608c9d115cd04a6a638263576bf12960ff4c37341554e,useful,True,True
r1-public31-booking-search-auto,public31,booking-search,1,auto,0,3,True,0.9234515,0.9234391,200,thin,http,emulated,False,response,True,1,31d8c7a436cf7da4744608c9d115cd04a6a638263576bf12960ff4c37341554e,useful,True,True
r1-public31-booking-search-native,public31,booking-search,1,native,1,1,True,11.4465105,11.4465008,200,thin,warm,native,False,response,True,1,a9bf2ea46b88e81b58f7e446c0b70439b73aaa30642e45b8a5ea328ee6a784a1,useful,True,True
r1-public31-booking-search-native,public31,booking-search,1,native,1,2,True,3.9745184,3.9745125,200,thin,warm,native,False,response,True,1,6cab9d46fa8973ef1d2236d931fb69a2bdf10f208ef6663fe63b3f6a4360e2e6,useful,True,True
r1-public31-booking-search-native,public31,booking-search,1,native,1,3,True,3.8539987,3.8539905,200,thin,warm,native,False,response,True,1,6cab9d46fa8973ef1d2236d931fb69a2bdf10f208ef6663fe63b3f6a4360e2e6,useful,True,True
r1-public31-nowsecure-cf-auto,public31,nowsecure-cf,1,auto,0,1,True,3.3490134,3.3490058,200,thin,browser,emulated,False,response,True,1,f48402c8e452204b8ccadc105ec7bb61bd971e066fa27978cc4f843804b78b5a,diagnostic-only,False,False
r1-public31-nowsecure-cf-auto,public31,nowsecure-cf,1,auto,0,2,True,1.8749459000000002,1.87494,200,thin,browser,emulated,False,response,True,1,f48402c8e452204b8ccadc105ec7bb61bd971e066fa27978cc4f843804b78b5a,diagnostic-only,False,False
r1-public31-nowsecure-cf-auto,public31,nowsecure-cf,1,auto,0,3,True,4.7137655,4.713759,200,thin,browser,emulated,False,response,True,1,f48402c8e452204b8ccadc105ec7bb61bd971e066fa27978cc4f843804b78b5a,diagnostic-only,False,False
r1-public31-nowsecure-cf-native,public31,nowsecure-cf,1,native,1,1,True,23.1062884,23.1062803,200,thin,warm,native,False,response,True,1,f48402c8e452204b8ccadc105ec7bb61bd971e066fa27978cc4f843804b78b5a,diagnostic-only,False,False
r1-public31-nowsecure-cf-native,public31,nowsecure-cf,1,native,1,2,True,39.235247,39.2352406,200,thin,warm,native,False,response,True,1,f48402c8e452204b8ccadc105ec7bb61bd971e066fa27978cc4f843804b78b5a,diagnostic-only,False,False
r1-public31-nowsecure-cf-native,public31,nowsecure-cf,1,native,1,3,False,0.0002208,0.000218,0,,,,False,local_deferral,True,1,c45390d7e139beb7fb13eee4aae6bb6f457168a8fff9db485f56e1756f60df8d,unavailable,False,False
r1-public31-google-search-native,public31,google-search,1,native,0,1,True,10.7716512,10.771639799999999,204,thin,warm,native,False,response,True,1,98db9d3dca14d03b8fbb708c8bd510f76a6972e792dde2c3fd309a048e7d8dad,partial,False,False
r1-public31-google-search-native,public31,google-search,1,native,0,2,True,5.4843493,5.4843391,200,thin,warm,native,False,response,True,1,7fac5e931ed4bad6484305d7e9831251e042e389a93b5d3b7c7d60c04173c1f7,partial,False,False
r1-public31-google-search-native,public31,google-search,1,native,0,3,True,4.8174209999999995,4.8174085,200,thin,warm,native,False,response,True,1,91236d165d16b7e1900367414ab6d9104136679e10aee2302e33b74ade095fcf,partial,False,False
r1-public31-google-search-auto,public31,google-search,1,auto,1,1,True,5.3351685,5.3351535,200,thin,browser,emulated,False,response,True,1,e4dd939986d34b953062101e2d9926c96ff53bbf7026857e996f86ff6f9a4895,partial,False,False
r1-public31-google-search-auto,public31,google-search,1,auto,1,2,True,4.5896392,4.5896249000000005,200,thin,browser,emulated,False,response,True,1,71065850e9481b3e7a9494a57cec4cc6fce5fddb813ad049c12985aebcf624d3,partial,False,False
r1-public31-google-search-auto,public31,google-search,1,auto,1,3,True,2.3473839,2.3473724000000002,200,thin,browser,emulated,False,response,True,1,6ea8388138c0d5c042a5495397dae06248af199fcefa01cdab047be0e9f72f3e,partial,False,False
r1-hard12-hackernews-auto,hard12,hackernews,1,auto,0,1,True,0.3814967,0.3814832,200,thin,http,emulated,False,response,True,1,33b541670521037d528939c2b93a5e20f6045c3e09d15e5c485800865240dd0d,useful,True,True
r1-hard12-hackernews-auto,hard12,hackernews,1,auto,0,2,True,0.7290349,0.7290279,200,thin,http,emulated,False,response,True,1,33b541670521037d528939c2b93a5e20f6045c3e09d15e5c485800865240dd0d,useful,True,True
r1-hard12-hackernews-auto,hard12,hackernews,1,auto,0,3,True,1.0008162,1.000809,200,thin,http,emulated,False,response,True,1,33b541670521037d528939c2b93a5e20f6045c3e09d15e5c485800865240dd0d,useful,True,True
r1-hard12-hackernews-native,hard12,hackernews,1,native,1,1,True,2.3787004,2.3786799,200,thin,warm,native,False,response,True,1,33b541670521037d528939c2b93a5e20f6045c3e09d15e5c485800865240dd0d,useful,True,True
r1-hard12-hackernews-native,hard12,hackernews,1,native,1,2,True,1.7038385,1.7038202,200,thin,warm,native,False,response,True,1,33b541670521037d528939c2b93a5e20f6045c3e09d15e5c485800865240dd0d,useful,True,True
r1-hard12-hackernews-native,hard12,hackernews,1,native,1,3,True,1.4091346,1.4091143,200,thin,warm,native,False,response,True,1,33b541670521037d528939c2b93a5e20f6045c3e09d15e5c485800865240dd0d,useful,True,True
r1-public31-browserleaks-tls-native,public31,browserleaks-tls,1,native,0,1,True,7.3288622,7.3288503,200,thin,warm,native,False,response,True,1,80e19363a9f8aae173d3c17bfdbcc2c23aa60fea2fb06abd092561acc5217e44,diagnostic-only,False,False
r1-public31-browserleaks-tls-native,public31,browserleaks-tls,1,native,0,2,True,1.5338288,1.5338243,200,thin,warm,native,False,response,True,1,80e19363a9f8aae173d3c17bfdbcc2c23aa60fea2fb06abd092561acc5217e44,diagnostic-only,False,False
r1-public31-browserleaks-tls-native,public31,browserleaks-tls,1,native,0,3,True,2.0141723,2.0141643,200,thin,warm,native,False,response,True,1,80e19363a9f8aae173d3c17bfdbcc2c23aa60fea2fb06abd092561acc5217e44,diagnostic-only,False,False
r1-public31-browserleaks-tls-auto,public31,browserleaks-tls,1,auto,1,1,True,0.4662268,0.4662128,200,thin,http,emulated,False,response,True,1,6c0d8f49a8c5dd3b0ef4e5babdc8adc493a5ba7e221bdf8097fda527d9d6f4af,diagnostic-only,False,False
r1-public31-browserleaks-tls-auto,public31,browserleaks-tls,1,auto,1,2,True,0.772586,0.7725768,200,thin,http,emulated,False,response,True,1,74d3b6b36501e5a12996afd9427a239409d76c4de5f206e6d0b2323a3cb55ed7,diagnostic-only,False,False
r1-public31-browserleaks-tls-auto,public31,browserleaks-tls,1,auto,1,3,True,0.9907976,0.9907889,200,thin,http,emulated,False,response,True,1,7a2ea021ad4b4401cacadba4e62bb405cd4524c6a83751dedcd1a29ded7a09ed,diagnostic-only,False,False
r1-public31-x-explore-native,public31,x-explore,1,native,0,1,False,33.5369857,33.5369725,200,,warm,native,False,wall_or_error,True,1,5c66dcd5389e5bb95cc52f5dce4bfa7fdbb04bd20cf513fa8c05d685d79be04b,wall,False,False
r1-public31-x-explore-native,public31,x-explore,1,native,0,2,False,22.8982741,22.8982665,200,,warm,native,False,wall_or_error,True,1,5c66dcd5389e5bb95cc52f5dce4bfa7fdbb04bd20cf513fa8c05d685d79be04b,wall,False,False
r1-public31-x-explore-native,public31,x-explore,1,native,0,3,False,22.3294499,22.3294423,200,,warm,native,False,wall_or_error,True,1,5c66dcd5389e5bb95cc52f5dce4bfa7fdbb04bd20cf513fa8c05d685d79be04b,wall,False,False
r1-public31-x-explore-auto,public31,x-explore,1,auto,1,1,False,59.9108941,59.9108827,200,,warm,emulated,False,timeout,True,1,5c66dcd5389e5bb95cc52f5dce4bfa7fdbb04bd20cf513fa8c05d685d79be04b,wall,False,False
r1-public31-x-explore-auto,public31,x-explore,1,auto,1,2,False,59.9154867,59.9154801,200,,http,emulated,False,timeout,True,1,1029f7f29a945d3ce0e9987245b76f8dc6ddb1efa9c5d89370b9edfe75dedbbf,unavailable,False,False
r1-public31-x-explore-auto,public31,x-explore,1,auto,1,3,False,44.8685015,44.8684948,200,,browser,emulated,False,wall_or_error,True,1,5c66dcd5389e5bb95cc52f5dce4bfa7fdbb04bd20cf513fa8c05d685d79be04b,wall,False,False
r1-vendors8-cloudflare-crunchbase-native,vendors8,cloudflare-crunchbase,1,native,0,1,True,6.3402614,6.3402388,200,thin,warm,native,False,response,True,1,0399041825e813c8a8bbf0df14b4c370cb40d7763f621ac5db6af66fcbe14ee9,useful,True,True
r1-vendors8-cloudflare-crunchbase-native,vendors8,cloudflare-crunchbase,1,native,0,2,True,2.3261777,2.3261506,200,thin,warm,native,False,response,True,1,0399041825e813c8a8bbf0df14b4c370cb40d7763f621ac5db6af66fcbe14ee9,useful,True,True
r1-vendors8-cloudflare-crunchbase-native,vendors8,cloudflare-crunchbase,1,native,0,3,True,2.0405347,2.0405145,200,thin,warm,native,False,response,True,1,0399041825e813c8a8bbf0df14b4c370cb40d7763f621ac5db6af66fcbe14ee9,useful,True,True
r1-vendors8-cloudflare-crunchbase-auto,vendors8,cloudflare-crunchbase,1,auto,1,1,False,59.9114093,59.9114028,200,,warm,emulated,False,timeout,True,1,45cbec16a4b8f01a7d128e924f73f31e1dc50ac4adbda0a45fc47644adb3f20c,wall,False,False
r1-vendors8-cloudflare-crunchbase-auto,vendors8,cloudflare-crunchbase,1,auto,1,2,False,59.9133276,59.9133228,403,,http,emulated,False,timeout,True,1,3c7f82c119ba0b658c0671a7a07451348d4230f4af32b057721025813517e82d,wall,False,False
r1-vendors8-cloudflare-crunchbase-auto,vendors8,cloudflare-crunchbase,1,auto,1,3,False,59.9039871,59.9039798,0,,,,False,timeout,True,1,1244029dff925f904d364bb3a8306944c2da4a587916d9579decde8d707063cf,unavailable,False,False
r1-public31-stackoverflow-native,public31,stackoverflow,1,native,0,1,True,2.5297249,2.5297150999999998,200,partial,warm,native,False,response,True,1,60f158e7f7bd155442723cbab35c880f7186fdfda0173549adfe3b2526b10536,useful,True,True
r1-public31-stackoverflow-native,public31,stackoverflow,1,native,0,2,True,1.8330802,1.8330701,200,partial,warm,native,False,response,True,1,60f158e7f7bd155442723cbab35c880f7186fdfda0173549adfe3b2526b10536,useful,True,True
r1-public31-stackoverflow-native,public31,stackoverflow,1,native,0,3,True,1.8316145000000001,1.8315995,200,partial,warm,native,False,response,True,1,60f158e7f7bd155442723cbab35c880f7186fdfda0173549adfe3b2526b10536,useful,True,True
r1-public31-stackoverflow-auto,public31,stackoverflow,1,auto,1,1,True,7.0530309,7.0530169,200,partial,stealth,emulated,False,response,True,1,60f158e7f7bd155442723cbab35c880f7186fdfda0173549adfe3b2526b10536,useful,True,True
r1-public31-stackoverflow-auto,public31,stackoverflow,1,auto,1,2,True,2.7425445,2.7425251,200,partial,browser,emulated,False,response,True,1,60f158e7f7bd155442723cbab35c880f7186fdfda0173549adfe3b2526b10536,useful,True,True
r1-public31-stackoverflow-auto,public31,stackoverflow,1,auto,1,3,True,3.0952924,3.0952759,200,partial,browser,emulated,False,response,True,1,60f158e7f7bd155442723cbab35c880f7186fdfda0173549adfe3b2526b10536,useful,True,True
r1-vendors8-kasada-hyatt-native,vendors8,kasada-hyatt,1,native,0,1,False,56.014661,56.0146513,200,,warm,native,False,wall_or_error,True,1,582e789eea74ff60ae137b77e961b00fb3d6eed4b091770ca719fb8b48c2af62,unavailable,False,False
r1-vendors8-kasada-hyatt-native,vendors8,kasada-hyatt,1,native,0,2,False,52.7624467,52.762441,200,,warm,native,False,wall_or_error,True,1,582e789eea74ff60ae137b77e961b00fb3d6eed4b091770ca719fb8b48c2af62,unavailable,False,False
r1-vendors8-kasada-hyatt-native,vendors8,kasada-hyatt,1,native,0,3,False,53.2932007,53.2931884,200,,warm,native,False,wall_or_error,True,1,582e789eea74ff60ae137b77e961b00fb3d6eed4b091770ca719fb8b48c2af62,unavailable,False,False
r1-vendors8-kasada-hyatt-auto,vendors8,kasada-hyatt,1,auto,1,1,False,0.2643565,0.2643473,429,,http,emulated,False,wall_or_error,True,1,d9bb9a6d0d03402b2541c4c4e570192cd093e2574705f963dd1df740588e18ce,unavailable,False,False
r1-vendors8-kasada-hyatt-auto,vendors8,kasada-hyatt,1,auto,1,2,False,0.0003039,0.0003023,0,,,,False,local_deferral,True,1,dabbaad9d533765176977299dde83391a78dcf5f1a09dfc7d6a775b522e5d832,unavailable,False,False
r1-vendors8-kasada-hyatt-auto,vendors8,kasada-hyatt,1,auto,1,3,False,0.0001593,0.0001582,0,,,,False,local_deferral,True,1,dabbaad9d533765176977299dde83391a78dcf5f1a09dfc7d6a775b522e5d832,unavailable,False,False
r1-public31-creepjs-native,public31,creepjs,1,native,0,1,True,7.4680998,7.4680929,200,full,warm,native,False,response,True,1,ed61b53b0992ba42ea21adf916248068e97d405c2de360d63106abd9ff4fc018,diagnostic-only,False,False
r1-public31-creepjs-native,public31,creepjs,1,native,0,2,True,1.6020222,1.6020159,200,full,warm,native,False,response,True,1,ed61b53b0992ba42ea21adf916248068e97d405c2de360d63106abd9ff4fc018,diagnostic-only,False,False
r1-public31-creepjs-native,public31,creepjs,1,native,0,3,True,2.0038373,2.0038313,200,full,warm,native,False,response,True,1,ed61b53b0992ba42ea21adf916248068e97d405c2de360d63106abd9ff4fc018,diagnostic-only,False,False
r1-public31-creepjs-auto,public31,creepjs,1,auto,1,1,True,0.0904258,0.0904174,200,full,http,emulated,False,response,True,1,ed61b53b0992ba42ea21adf916248068e97d405c2de360d63106abd9ff4fc018,diagnostic-only,False,False
r1-public31-creepjs-auto,public31,creepjs,1,auto,1,2,True,0.9459944,0.9459883,200,full,http,emulated,False,response,True,1,ed61b53b0992ba42ea21adf916248068e97d405c2de360d63106abd9ff4fc018,diagnostic-only,False,False
r1-public31-creepjs-auto,public31,creepjs,1,auto,1,3,True,1.0160795,1.0160743,200,full,http,emulated,False,response,True,1,ed61b53b0992ba42ea21adf916248068e97d405c2de360d63106abd9ff4fc018,diagnostic-only,False,False
r1-hard12-crunchbase-auto,hard12,crunchbase,1,auto,0,1,False,4.4552245,4.4552136,200,,browser,emulated,False,wall_or_error,True,1,36056d2c2cc2822c41cef17c6c51e28df3ab584271f8397faa8c6a000e46c448,wall,False,False
r1-hard12-crunchbase-auto,hard12,crunchbase,1,auto,0,2,False,0.0001809,0.0001787,0,,,,False,local_deferral,True,1,741a693abfa635a5f3ddad57491e3b8aff1b6c8062a905dd09a88b1271fbd91b,unavailable,False,False
r1-hard12-crunchbase-auto,hard12,crunchbase,1,auto,0,3,False,0.0001028,0.0001011,0,,,,False,local_deferral,True,1,741a693abfa635a5f3ddad57491e3b8aff1b6c8062a905dd09a88b1271fbd91b,unavailable,False,False
r1-hard12-crunchbase-native,hard12,crunchbase,1,native,1,1,False,0.0018803,0.0018709,0,,,,False,local_deferral,True,1,741a693abfa635a5f3ddad57491e3b8aff1b6c8062a905dd09a88b1271fbd91b,unavailable,False,False
r1-hard12-crunchbase-native,hard12,crunchbase,1,native,1,2,False,0.0001207,0.0001192,0,,,,False,local_deferral,True,1,741a693abfa635a5f3ddad57491e3b8aff1b6c8062a905dd09a88b1271fbd91b,unavailable,False,False
r1-hard12-crunchbase-native,hard12,crunchbase,1,native,1,3,False,6.73e-05,6.59e-05,0,,,,False,local_deferral,True,1,741a693abfa635a5f3ddad57491e3b8aff1b6c8062a905dd09a88b1271fbd91b,unavailable,False,False
r1-hard12-example-native,hard12,example,1,native,0,1,True,22.5880338,22.588026,200,thin,warm,native,False,response,True,1,7a5d955914cbd88734d88d9d6a43bcf1c4cdfe8fd2ebd014f44522ca1e6f35a6,useful,True,True
r1-hard12-example-native,hard12,example,1,native,0,2,True,21.8958234,21.8958152,200,thin,warm,native,False,response,True,1,7a5d955914cbd88734d88d9d6a43bcf1c4cdfe8fd2ebd014f44522ca1e6f35a6,useful,True,True
r1-hard12-example-native,hard12,example,1,native,0,3,True,21.9316844,21.931677,200,thin,warm,native,False,response,True,1,7a5d955914cbd88734d88d9d6a43bcf1c4cdfe8fd2ebd014f44522ca1e6f35a6,useful,True,True
r1-hard12-example-auto,hard12,example,1,auto,1,1,True,0.1959671,0.1959579,200,thin,http,emulated,False,response,True,1,7a5d955914cbd88734d88d9d6a43bcf1c4cdfe8fd2ebd014f44522ca1e6f35a6,useful,True,True
r1-hard12-example-auto,hard12,example,1,auto,1,2,True,0.8660424,0.8660366,200,thin,http,emulated,False,response,True,1,7a5d955914cbd88734d88d9d6a43bcf1c4cdfe8fd2ebd014f44522ca1e6f35a6,useful,True,True
r1-hard12-example-auto,hard12,example,1,auto,1,3,True,1.0054912,1.0054849,200,thin,http,emulated,False,response,True,1,7a5d955914cbd88734d88d9d6a43bcf1c4cdfe8fd2ebd014f44522ca1e6f35a6,useful,True,True
r2-vendors8-kasada-hyatt-auto,vendors8,kasada-hyatt,2,auto,0,1,False,0.002034,0.0020276,0,,,,False,local_deferral,True,1,dabbaad9d533765176977299dde83391a78dcf5f1a09dfc7d6a775b522e5d832,unavailable,False,False
r2-vendors8-kasada-hyatt-auto,vendors8,kasada-hyatt,2,auto,0,2,False,0.0001805,0.0001787,0,,,,False,local_deferral,True,1,dabbaad9d533765176977299dde83391a78dcf5f1a09dfc7d6a775b522e5d832,unavailable,False,False
r2-vendors8-kasada-hyatt-auto,vendors8,kasada-hyatt,2,auto,0,3,False,0.0001574,0.0001563,0,,,,False,local_deferral,True,1,dabbaad9d533765176977299dde83391a78dcf5f1a09dfc7d6a775b522e5d832,unavailable,False,False
r2-vendors8-kasada-hyatt-native,vendors8,kasada-hyatt,2,native,1,1,False,0.0019488,0.0019427,0,,,,False,local_deferral,True,1,dabbaad9d533765176977299dde83391a78dcf5f1a09dfc7d6a775b522e5d832,unavailable,False,False
r2-vendors8-kasada-hyatt-native,vendors8,kasada-hyatt,2,native,1,2,False,0.0001771,0.0001757,0,,,,False,local_deferral,True,1,dabbaad9d533765176977299dde83391a78dcf5f1a09dfc7d6a775b522e5d832,unavailable,False,False
r2-vendors8-kasada-hyatt-native,vendors8,kasada-hyatt,2,native,1,3,False,0.0001585,0.0001574,0,,,,False,local_deferral,True,1,dabbaad9d533765176977299dde83391a78dcf5f1a09dfc7d6a775b522e5d832,unavailable,False,False
r2-public31-sannysoft-native,public31,sannysoft,2,native,0,1,True,4.6880663,4.6880399,200,thin,warm,native,False,response,True,1,24d0319f69c2dea6694fba81b5fbfe5b3eaf658124feea358e390833eaad3c04,diagnostic-only,False,False
r2-public31-sannysoft-native,public31,sannysoft,2,native,0,2,True,1.8146366,1.8146032,200,thin,warm,native,False,response,True,1,62d48a313bd8ce245f6f1e1448b9c012db556e99b6b9d6c84e245f0955d707b6,diagnostic-only,False,False
r2-public31-sannysoft-native,public31,sannysoft,2,native,0,3,True,1.9097035,1.909681,200,thin,warm,native,False,response,True,1,1b70b124ffc914d639a3fc1b7b95b433597c66444cccae24bd3d0cf0761d903a,diagnostic-only,False,False
r2-public31-sannysoft-auto,public31,sannysoft,2,auto,1,1,True,0.6498209,0.6498063,200,thin,http,emulated,False,response,True,1,f2a7718171dd378e35ad7dc3cee8c9228dd267cbccf2d71eadd53cf99542a701,diagnostic-only,False,False
r2-public31-sannysoft-auto,public31,sannysoft,2,auto,1,2,True,0.4658139,0.4658069,200,thin,http,emulated,False,response,True,1,f2a7718171dd378e35ad7dc3cee8c9228dd267cbccf2d71eadd53cf99542a701,diagnostic-only,False,False
r2-public31-sannysoft-auto,public31,sannysoft,2,auto,1,3,True,0.9964693,0.9964629,200,thin,http,emulated,False,response,True,1,f2a7718171dd378e35ad7dc3cee8c9228dd267cbccf2d71eadd53cf99542a701,diagnostic-only,False,False
r2-public31-ceo-ca-native,public31,ceo-ca,2,native,0,1,True,3.6261642,3.6261391,200,thin,warm,native,False,response,True,1,969c88ce65b7958399b5e4587df827df22139c189b1677738d100eaffda03793,useful,True,True
r2-public31-ceo-ca-native,public31,ceo-ca,2,native,0,2,True,1.8873407,1.8873151,200,thin,warm,native,False,response,True,1,969c88ce65b7958399b5e4587df827df22139c189b1677738d100eaffda03793,useful,True,True
r2-public31-ceo-ca-native,public31,ceo-ca,2,native,0,3,True,1.8797676,1.8797515,200,thin,warm,native,False,response,True,1,969c88ce65b7958399b5e4587df827df22139c189b1677738d100eaffda03793,useful,True,True
r2-public31-ceo-ca-auto,public31,ceo-ca,2,auto,1,1,True,5.0776029,5.0775852,200,thin,browser,emulated,False,response,True,1,bea65bf911677912d01729a196203af8b1a6a2dbe1570a4f3eea03bcee88bfdf,useful,True,True
r2-public31-ceo-ca-auto,public31,ceo-ca,2,auto,1,2,True,1.9358738,1.9358114,200,thin,browser,emulated,False,response,True,1,bea65bf911677912d01729a196203af8b1a6a2dbe1570a4f3eea03bcee88bfdf,useful,True,True
r2-public31-ceo-ca-auto,public31,ceo-ca,2,auto,1,3,True,1.8682302,1.8681790999999999,200,thin,browser,emulated,False,response,True,1,bea65bf911677912d01729a196203af8b1a6a2dbe1570a4f3eea03bcee88bfdf,useful,True,True
r2-public31-canadianinsider-native,public31,canadianinsider,2,native,0,1,False,25.9789657,25.9789563,200,,warm,native,False,wall_or_error,True,1,3b962e43df5bb7a0286bf93b4c9ac7c7a5590614b93db9046e0f918ee7dafdef,wall,False,False
r2-public31-canadianinsider-native,public31,canadianinsider,2,native,0,2,False,0.0001807,0.0001789,0,,,,False,local_deferral,True,1,4690065ddc9e1491b004905606e85e792ca22fe47edde83be556c0a740aa6801,unavailable,False,False
r2-public31-canadianinsider-native,public31,canadianinsider,2,native,0,3,False,0.0001041,0.0001026,0,,,,False,local_deferral,True,1,4690065ddc9e1491b004905606e85e792ca22fe47edde83be556c0a740aa6801,unavailable,False,False
r2-public31-canadianinsider-auto,public31,canadianinsider,2,auto,1,1,False,0.0016922,0.0016856,0,,,,False,local_deferral,True,1,4690065ddc9e1491b004905606e85e792ca22fe47edde83be556c0a740aa6801,unavailable,False,False
r2-public31-canadianinsider-auto,public31,canadianinsider,2,auto,1,2,False,9.95e-05,9.83e-05,0,,,,False,local_deferral,True,1,4690065ddc9e1491b004905606e85e792ca22fe47edde83be556c0a740aa6801,unavailable,False,False
r2-public31-canadianinsider-auto,public31,canadianinsider,2,auto,1,3,False,7.15e-05,7.03e-05,0,,,,False,local_deferral,True,1,4690065ddc9e1491b004905606e85e792ca22fe47edde83be556c0a740aa6801,unavailable,False,False
r2-public31-sedarplus-auto,public31,sedarplus,2,auto,0,1,True,0.6413992,0.6413901,200,full,http,emulated,False,response,True,1,86cc88c59d74bf3997c08c33bab3f891d96d55deb9da54ec5d83690a5576519d,useful,True,True
r2-public31-sedarplus-auto,public31,sedarplus,2,auto,0,2,True,0.8534251,0.8534169,200,full,http,emulated,False,response,True,1,86cc88c59d74bf3997c08c33bab3f891d96d55deb9da54ec5d83690a5576519d,useful,True,True
r2-public31-sedarplus-auto,public31,sedarplus,2,auto,0,3,True,1.2212701,1.2212397,200,full,http,emulated,False,response,True,1,86cc88c59d74bf3997c08c33bab3f891d96d55deb9da54ec5d83690a5576519d,useful,True,True
r2-public31-sedarplus-native,public31,sedarplus,2,native,1,1,True,23.3795497,23.3795425,200,thin,warm,native,False,response,True,1,4b333ac6a62ffcc2066704d377717b862e317f04ef9b171cceff5e9d51c38219,wall,False,False
r2-public31-sedarplus-native,public31,sedarplus,2,native,1,2,True,22.0828569,22.0828497,200,thin,warm,native,False,response,True,1,9dacb242d87dfd758e22f2cd1158d8369eafa5eeef1ce1012bb7bd804d1ef854,wall,False,False
r2-public31-sedarplus-native,public31,sedarplus,2,native,1,3,True,22.2151765,22.2151683,200,thin,warm,native,False,response,True,1,80049c930a2581a28d6b3396fa13ebc349c898c9cf2210f422aeae9a6eade98a,wall,False,False
r2-public31-tls-peet-native,public31,tls-peet,2,native,0,1,True,2.2931087,2.2931007,200,thin,warm,native,False,response,True,1,191ab603eedd845af8b51afd32681ebed4a486fc00f825a7cdc698066138ff0e,diagnostic-only,False,False
r2-public31-tls-peet-native,public31,tls-peet,2,native,0,2,True,1.4890142,1.4890018999999999,200,thin,warm,native,False,response,True,1,a8d528ac4af9b47b71a6d8e329484a91470c53b706fafb2809f7d2fb34d19995,diagnostic-only,False,False
r2-public31-tls-peet-native,public31,tls-peet,2,native,0,3,True,1.5438665,1.5438589999999999,200,thin,warm,native,False,response,True,1,e330d3e4e4fd28f1c648efce3292bed099dda61b45eefa0fe9b6803a4a74b39b,diagnostic-only,False,False
r2-public31-tls-peet-auto,public31,tls-peet,2,auto,1,1,True,0.4599961,0.4599846,200,thin,http,emulated,False,response,True,1,e530db714dda8f845f79b60e52498701c5e21f491477b4c05dc86b10e9c13825,diagnostic-only,False,False
r2-public31-tls-peet-auto,public31,tls-peet,2,auto,1,2,True,0.8110059,0.8109986,200,thin,http,emulated,False,response,True,1,7b4a6d36fb55c50c203989e65bed30710d8eba86077fe65042af6aaf13663dbf,diagnostic-only,False,False
r2-public31-tls-peet-auto,public31,tls-peet,2,auto,1,3,True,1.0106064,1.0105933,200,thin,http,emulated,False,response,True,1,d80a62e9ca3f8c086014244406b267de6720f7cac8ae8a2ac616ab6dc7f73450,diagnostic-only,False,False
r2-public31-x-explore-auto,public31,x-explore,2,auto,0,1,False,6.3401804,6.3401646,200,,stealth,emulated,False,wall_or_error,True,1,5c66dcd5389e5bb95cc52f5dce4bfa7fdbb04bd20cf513fa8c05d685d79be04b,wall,False,False
r2-public31-x-explore-auto,public31,x-explore,2,auto,0,2,False,0.0001945,0.0001927,0,,,,False,local_deferral,True,1,f60c72d66c18a139838d490bb561bd82c4f7d966869407d24e08cd557ece2b8e,unavailable,False,False
r2-public31-x-explore-auto,public31,x-explore,2,auto,0,3,False,0.0001096,0.0001081,0,,,,False,local_deferral,True,1,f60c72d66c18a139838d490bb561bd82c4f7d966869407d24e08cd557ece2b8e,unavailable,False,False
r2-public31-x-explore-native,public31,x-explore,2,native,1,1,False,0.0023073,0.0022967,0,,,,False,local_deferral,True,1,f60c72d66c18a139838d490bb561bd82c4f7d966869407d24e08cd557ece2b8e,unavailable,False,False
r2-public31-x-explore-native,public31,x-explore,2,native,1,2,False,0.0001412,0.0001396,0,,,,False,local_deferral,True,1,f60c72d66c18a139838d490bb561bd82c4f7d966869407d24e08cd557ece2b8e,unavailable,False,False
r2-public31-x-explore-native,public31,x-explore,2,native,1,3,False,0.0001168,0.0001135,0,,,,False,local_deferral,True,1,f60c72d66c18a139838d490bb561bd82c4f7d966869407d24e08cd557ece2b8e,unavailable,False,False
r2-hard12-wikipedia-auto,hard12,wikipedia,2,auto,0,1,True,0.3175027,0.3170789,200,full,http,emulated,False,response,False,1,ec30726ca04dfa0339338e9d2f280634e16ea41708adecc016ff0215af3dcc42,useful,True,True
r2-hard12-wikipedia-auto,hard12,wikipedia,2,auto,0,2,True,0.8153807,0.81494,200,full,http,emulated,False,response,False,1,ec30726ca04dfa0339338e9d2f280634e16ea41708adecc016ff0215af3dcc42,useful,True,True
r2-hard12-wikipedia-auto,hard12,wikipedia,2,auto,0,3,True,0.998711,0.9980285,200,full,http,emulated,False,response,False,1,ec30726ca04dfa0339338e9d2f280634e16ea41708adecc016ff0215af3dcc42,useful,True,True
r2-hard12-wikipedia-native,hard12,wikipedia,2,native,1,1,True,2.7673256999999998,2.7668696,200,full,warm,native,False,response,False,1,748c74e535c1e07e70524cc0be0109378bec591ded8fc23cd2ff3f28fe5deb7a,useful,True,True
r2-hard12-wikipedia-native,hard12,wikipedia,2,native,1,2,True,1.8305757,1.8301496,200,full,warm,native,False,response,False,1,748c74e535c1e07e70524cc0be0109378bec591ded8fc23cd2ff3f28fe5deb7a,useful,True,True
r2-hard12-wikipedia-native,hard12,wikipedia,2,native,1,3,True,1.9625706,1.9621324,200,full,warm,native,False,response,False,1,748c74e535c1e07e70524cc0be0109378bec591ded8fc23cd2ff3f28fe5deb7a,useful,True,True
r2-public31-google-search-auto,public31,google-search,2,auto,0,1,True,3.5807336,3.5807134,200,thin,browser,emulated,False,response,True,1,fca768febb9a10cd1ab5a59179d119803659a466b5dbbe13f6bf3e3afa857b8f,wall,False,False
r2-public31-google-search-auto,public31,google-search,2,auto,0,2,True,2.1374591,2.1374497,200,thin,browser,emulated,False,response,True,1,d8d0e86486988d618115a2427b0530e4cf736a48c00cd360ab39c04cda73edce,wall,False,False
r2-public31-google-search-auto,public31,google-search,2,auto,0,3,True,2.5911728,2.5911664,200,thin,browser,emulated,False,response,True,1,52b73de70e5abc65c40204ab8bd043da2f051173f8475b670efd08d29cd22d2a,wall,False,False
r2-public31-google-search-native,public31,google-search,2,native,1,1,True,23.3164688,23.316452,200,thin,warm,native,False,response,True,1,bbbd5865ed3cce9fc4e8bcd06fd5079d60c0cdf99f4fd1b4ddadffab05032bf6,wall,False,False
r2-public31-google-search-native,public31,google-search,2,native,1,2,True,22.1459836,22.1459765,200,thin,warm,native,False,response,True,1,aacf7d933c44c83ec3686ef363596ce9aed2b37bae6ffdd77332b76f7382bfe5,wall,False,False
r2-public31-google-search-native,public31,google-search,2,native,1,3,True,21.95739,21.9573802,200,thin,warm,native,False,response,True,1,4ad1a930137607d2e7192c0d76307cbcfd32eb228e4ececa9421f7ef96089783,wall,False,False
r2-hard12-amazon-auto,hard12,amazon,2,auto,0,1,False,0.2165686,0.2165603,503,,http,emulated,False,wall_or_error,True,1,69009ccc60a2e03da6e3efaa6a5eec88926ba0369e89d17987e0f1133f216ba9,unavailable,False,False
r2-hard12-amazon-auto,hard12,amazon,2,auto,0,2,False,0.0002223,0.000221,0,,,,False,local_deferral,True,1,942988624b387ded52da63d60894ad643a250ae021a3615a4c9903e9a0899433,unavailable,False,False
r2-hard12-amazon-auto,hard12,amazon,2,auto,0,3,False,0.000179,0.000178,0,,,,False,local_deferral,True,1,942988624b387ded52da63d60894ad643a250ae021a3615a4c9903e9a0899433,unavailable,False,False
r2-hard12-amazon-native,hard12,amazon,2,native,1,1,False,0.0017598,0.0017533,0,,,,False,local_deferral,True,1,942988624b387ded52da63d60894ad643a250ae021a3615a4c9903e9a0899433,unavailable,False,False
r2-hard12-amazon-native,hard12,amazon,2,native,1,2,False,0.0001719,0.0001708,0,,,,False,local_deferral,True,1,942988624b387ded52da63d60894ad643a250ae021a3615a4c9903e9a0899433,unavailable,False,False
r2-hard12-amazon-native,hard12,amazon,2,native,1,3,False,0.0001539,0.0001528,0,,,,False,local_deferral,True,1,942988624b387ded52da63d60894ad643a250ae021a3615a4c9903e9a0899433,unavailable,False,False
r2-public31-crunchbase-cf-auto,public31,crunchbase-cf,2,auto,0,1,False,0.0016854,0.0016786,0,,,,False,local_deferral,True,1,b3bf3d5dca098e39a76c797f11f09d4b2800feac8f7e2349dca1aa3b8c85fde7,unavailable,False,False
r2-public31-crunchbase-cf-auto,public31,crunchbase-cf,2,auto,0,2,False,0.0001028,0.0001013,0,,,,False,local_deferral,True,1,b3bf3d5dca098e39a76c797f11f09d4b2800feac8f7e2349dca1aa3b8c85fde7,unavailable,False,False
r2-public31-crunchbase-cf-auto,public31,crunchbase-cf,2,auto,0,3,False,6.93e-05,6.82e-05,0,,,,False,local_deferral,True,1,b3bf3d5dca098e39a76c797f11f09d4b2800feac8f7e2349dca1aa3b8c85fde7,unavailable,False,False
r2-public31-crunchbase-cf-native,public31,crunchbase-cf,2,native,1,1,False,0.0017731,0.0017662,0,,,,False,local_deferral,True,1,b3bf3d5dca098e39a76c797f11f09d4b2800feac8f7e2349dca1aa3b8c85fde7,unavailable,False,False
r2-public31-crunchbase-cf-native,public31,crunchbase-cf,2,native,1,2,False,0.0001042,0.0001022,0,,,,False,local_deferral,True,1,b3bf3d5dca098e39a76c797f11f09d4b2800feac8f7e2349dca1aa3b8c85fde7,unavailable,False,False
r2-public31-crunchbase-cf-native,public31,crunchbase-cf,2,native,1,3,False,7.17e-05,7.06e-05,0,,,,False,local_deferral,True,1,b3bf3d5dca098e39a76c797f11f09d4b2800feac8f7e2349dca1aa3b8c85fde7,unavailable,False,False
r2-hard12-stackoverflow-native,hard12,stackoverflow,2,native,0,1,True,3.1097098,3.1097014,200,thin,warm,native,False,response,True,1,82978a94f66b3a0cce82bfca3eaf9bd166acd83af17202483a908e66086919fe,useful,True,True
r2-hard12-stackoverflow-native,hard12,stackoverflow,2,native,0,2,True,1.8847521999999999,1.8847367,200,thin,warm,native,False,response,True,1,82978a94f66b3a0cce82bfca3eaf9bd166acd83af17202483a908e66086919fe,useful,True,True
r2-hard12-stackoverflow-native,hard12,stackoverflow,2,native,0,3,True,4.045311,4.0452911,200,thin,warm,native,False,response,True,1,82978a94f66b3a0cce82bfca3eaf9bd166acd83af17202483a908e66086919fe,useful,True,True
r2-hard12-stackoverflow-auto,hard12,stackoverflow,2,auto,1,1,True,13.738953500000001,13.7389398,200,thin,stealth,emulated,False,response,True,1,82978a94f66b3a0cce82bfca3eaf9bd166acd83af17202483a908e66086919fe,useful,True,True
r2-hard12-stackoverflow-auto,hard12,stackoverflow,2,auto,1,2,True,6.4634378,6.4634257,200,thin,browser,emulated,False,response,True,1,82978a94f66b3a0cce82bfca3eaf9bd166acd83af17202483a908e66086919fe,useful,True,True
r2-hard12-stackoverflow-auto,hard12,stackoverflow,2,auto,1,3,False,0.0001883,0.0001864,0,,,,False,local_deferral,True,1,76738cbc7ac72739e62d90ba64a0a359cbd4bfca73cf65045b00915ee70d3299,unavailable,False,False
r2-public31-newsfilecorp-native,public31,newsfilecorp,2,native,0,1,True,3.430168,3.4301456,200,thin,warm,native,False,response,True,1,d888bea4ce779dc21dc0c8f935378613a1fec9e4a82c5eb5b0bb20cc4e3e5c12,partial,False,False
r2-public31-newsfilecorp-native,public31,newsfilecorp,2,native,0,2,True,1.8624117999999998,1.8623863,200,thin,warm,native,False,response,True,1,d888bea4ce779dc21dc0c8f935378613a1fec9e4a82c5eb5b0bb20cc4e3e5c12,partial,False,False
r2-public31-newsfilecorp-native,public31,newsfilecorp,2,native,0,3,True,1.6899391000000001,1.6899291,200,thin,warm,native,False,response,True,1,7d61190954e6288ab0b94e011ca276dba93bc25a6aff43d8a6900ee8bd17f285,wall,False,False
r2-public31-newsfilecorp-auto,public31,newsfilecorp,2,auto,1,1,True,0.4676118,0.4676031,200,full,http,emulated,False,response,True,1,7d61190954e6288ab0b94e011ca276dba93bc25a6aff43d8a6900ee8bd17f285,wall,False,False
r2-public31-newsfilecorp-auto,public31,newsfilecorp,2,auto,1,2,True,0.7651692,0.7651626,200,full,http,emulated,False,response,True,1,7d61190954e6288ab0b94e011ca276dba93bc25a6aff43d8a6900ee8bd17f285,wall,False,False
r2-public31-newsfilecorp-auto,public31,newsfilecorp,2,auto,1,3,True,15.065696,15.0656868,200,thin,real,emulated,False,response,True,1,7d61190954e6288ab0b94e011ca276dba93bc25a6aff43d8a6900ee8bd17f285,wall,False,False
r2-public31-github-explore-native,public31,github-explore,2,native,0,1,True,4.5296684,4.5296554,200,thin,warm,native,False,response,True,1,803d2b6654bd8124cd5f105ff8b7e8cc2be40093316946f9469a471c1635ae1e,partial,False,False
r2-public31-github-explore-native,public31,github-explore,2,native,0,2,True,1.8551627000000002,1.8551513,200,thin,warm,native,False,response,True,1,803d2b6654bd8124cd5f105ff8b7e8cc2be40093316946f9469a471c1635ae1e,partial,False,False
r2-public31-github-explore-native,public31,github-explore,2,native,0,3,True,1.809375,1.8093588,200,thin,warm,native,False,response,True,1,803d2b6654bd8124cd5f105ff8b7e8cc2be40093316946f9469a471c1635ae1e,partial,False,False
r2-public31-github-explore-auto,public31,github-explore,2,auto,1,1,True,0.4930066,0.4929935,200,thin,http,emulated,False,response,True,1,803d2b6654bd8124cd5f105ff8b7e8cc2be40093316946f9469a471c1635ae1e,partial,False,False
r2-public31-github-explore-auto,public31,github-explore,2,auto,1,2,True,0.6079879,0.6079745,200,thin,http,emulated,False,response,True,1,803d2b6654bd8124cd5f105ff8b7e8cc2be40093316946f9469a471c1635ae1e,partial,False,False
r2-public31-github-explore-auto,public31,github-explore,2,auto,1,3,True,1.0137287,1.0137187,200,thin,http,emulated,False,response,True,1,803d2b6654bd8124cd5f105ff8b7e8cc2be40093316946f9469a471c1635ae1e,partial,False,False
r2-vendors8-datadome-idealista-native,vendors8,datadome-idealista,2,native,0,1,True,13.5353069,13.5352565,200,thin,warm,native,False,response,True,1,7eb9e3fbad74bb3f575faf12fb11708aae2784d11a100770667e91df5436b766,useful,True,True
r2-vendors8-datadome-idealista-native,vendors8,datadome-idealista,2,native,0,2,False,0.000246,0.0002443,0,,,,False,local_deferral,True,1,aa20214658ca523f6fd19adeba1f8335d9b977485b614b47f7929e32e1fe358d,unavailable,False,False
r2-vendors8-datadome-idealista-native,vendors8,datadome-idealista,2,native,0,3,False,9.18e-05,9.05e-05,0,,,,False,local_deferral,True,1,aa20214658ca523f6fd19adeba1f8335d9b977485b614b47f7929e32e1fe358d,unavailable,False,False
r2-vendors8-datadome-idealista-auto,vendors8,datadome-idealista,2,auto,1,1,False,0.003725,0.0037116,0,,,,False,local_deferral,True,1,aa20214658ca523f6fd19adeba1f8335d9b977485b614b47f7929e32e1fe358d,unavailable,False,False
r2-vendors8-datadome-idealista-auto,vendors8,datadome-idealista,2,auto,1,2,False,0.0002391,0.0002367,0,,,,False,local_deferral,True,1,aa20214658ca523f6fd19adeba1f8335d9b977485b614b47f7929e32e1fe358d,unavailable,False,False
r2-vendors8-datadome-idealista-auto,vendors8,datadome-idealista,2,auto,1,3,False,0.0001124,0.0001107,0,,,,False,local_deferral,True,1,aa20214658ca523f6fd19adeba1f8335d9b977485b614b47f7929e32e1fe358d,unavailable,False,False
r2-public31-booking-search-native,public31,booking-search,2,native,0,1,True,4.7196162,4.7196044,200,thin,warm,native,False,response,True,1,4bb9fe47451f9d22553b547fbecd35835020be026626e4de5f71fef45de153b8,useful,True,True
r2-public31-booking-search-native,public31,booking-search,2,native,0,2,True,3.8997798,3.8997698,200,thin,warm,native,False,response,True,1,6cab9d46fa8973ef1d2236d931fb69a2bdf10f208ef6663fe63b3f6a4360e2e6,useful,True,True
r2-public31-booking-search-native,public31,booking-search,2,native,0,3,True,3.0849732,3.0849599,200,thin,warm,native,False,response,True,1,d39953675abd1d2653ff03b3bc7d34dbb24f48929cd3ac86dda85df85e63319a,useful,True,True
r2-public31-booking-search-auto,public31,booking-search,2,auto,1,1,True,12.409065,12.4090525,200,thin,stealth,emulated,False,response,True,1,d4e478fa452367d89298242e5d3db3ec0036a9b9adb933bb7a1ef317014db39d,useful,True,True
r2-public31-booking-search-auto,public31,booking-search,2,auto,1,2,True,7.9120557,7.912037,200,thin,browser,emulated,False,response,True,1,2f177e7ed23561fe26aa18782c057e98006d12c57bd2f8b2fc946e38bddba5aa,useful,True,True
r2-public31-booking-search-auto,public31,booking-search,2,auto,1,3,True,4.0887227,4.0887106,200,thin,browser,emulated,False,response,True,1,687b1a3ef62b27cb465b6cced347f34e6f1bec53247053c06bb49122a4da68de,useful,True,True
r2-vendors8-cloudflare-crunchbase-auto,vendors8,cloudflare-crunchbase,2,auto,0,1,False,5.0758921,5.07588,200,,stealth,emulated,False,wall_or_error,True,1,f41c5642f1efc84cb26c57a86d4d1ffd22d59cb648510512d22cd64f6805c3c3,wall,False,False
r2-vendors8-cloudflare-crunchbase-auto,vendors8,cloudflare-crunchbase,2,auto,0,2,False,0.000251,0.0002486,0,,,,False,local_deferral,True,1,1244029dff925f904d364bb3a8306944c2da4a587916d9579decde8d707063cf,unavailable,False,False
r2-vendors8-cloudflare-crunchbase-auto,vendors8,cloudflare-crunchbase,2,auto,0,3,False,0.0001772,0.0001739,0,,,,False,local_deferral,True,1,1244029dff925f904d364bb3a8306944c2da4a587916d9579decde8d707063cf,unavailable,False,False
r2-vendors8-cloudflare-crunchbase-native,vendors8,cloudflare-crunchbase,2,native,1,1,False,0.0027015,0.0026867,0,,,,False,local_deferral,True,1,1244029dff925f904d364bb3a8306944c2da4a587916d9579decde8d707063cf,unavailable,False,False
r2-vendors8-cloudflare-crunchbase-native,vendors8,cloudflare-crunchbase,2,native,1,2,False,0.0001393,0.0001374,0,,,,False,local_deferral,True,1,1244029dff925f904d364bb3a8306944c2da4a587916d9579decde8d707063cf,unavailable,False,False
r2-vendors8-cloudflare-crunchbase-native,vendors8,cloudflare-crunchbase,2,native,1,3,False,6.84e-05,6.69e-05,0,,,,False,local_deferral,True,1,1244029dff925f904d364bb3a8306944c2da4a587916d9579decde8d707063cf,unavailable,False,False
r2-hard12-newegg-native,hard12,newegg,2,native,0,1,True,8.6390797,8.6390434,200,thin,warm,native,False,response,True,1,718c6521d6888fcaa79f95a33f47a7a6b79b13eeab970f785130559eb060f8b5,useful,True,True
r2-hard12-newegg-native,hard12,newegg,2,native,0,2,True,7.4318183,7.4317847,200,thin,warm,native,False,response,True,1,55045fe98c63ff107dd2cb70bf45107257cc9b24e09575f7319ef3ab898d3b16,useful,True,True
r2-hard12-newegg-native,hard12,newegg,2,native,0,3,True,7.704089,7.7040582,200,thin,warm,native,False,response,True,1,718c6521d6888fcaa79f95a33f47a7a6b79b13eeab970f785130559eb060f8b5,useful,True,True
r2-hard12-newegg-auto,hard12,newegg,2,auto,1,1,True,0.5814607,0.5814344,200,thin,http,emulated,False,response,True,1,15b1fcca529f4893944c09a6387ca81d62b2298d5023d5aff52cdc4892e5485b,useful,True,True
r2-hard12-newegg-auto,hard12,newegg,2,auto,1,2,True,0.8251398,0.8251173,200,thin,http,emulated,False,response,True,1,15b1fcca529f4893944c09a6387ca81d62b2298d5023d5aff52cdc4892e5485b,useful,True,True
r2-hard12-newegg-auto,hard12,newegg,2,auto,1,3,True,1.2849145,1.2848894,200,thin,http,emulated,False,response,True,1,15b1fcca529f4893944c09a6387ca81d62b2298d5023d5aff52cdc4892e5485b,useful,True,True
r2-public31-instagram-post-native,public31,instagram-post,2,native,0,1,True,23.4760871,23.4760781,200,thin,warm,native,False,response,True,1,c9c3513873c0b4dafe628724ebb8b71d3ce807031dbc8a71f05974bcefc0a1b1,unavailable,False,False
r2-public31-instagram-post-native,public31,instagram-post,2,native,0,2,True,23.2984573,23.298448,200,thin,warm,native,False,response,True,1,c9c3513873c0b4dafe628724ebb8b71d3ce807031dbc8a71f05974bcefc0a1b1,unavailable,False,False
r2-public31-instagram-post-native,public31,instagram-post,2,native,0,3,True,37.4936989,37.493691,200,thin,warm,native,False,response,True,1,c9c3513873c0b4dafe628724ebb8b71d3ce807031dbc8a71f05974bcefc0a1b1,unavailable,False,False
r2-public31-instagram-post-auto,public31,instagram-post,2,auto,1,1,False,0.0018844,0.0018773,0,,,,False,local_deferral,True,1,189057070f1e926489dd0f712be6ff0ec36c793482f76787cfefcc4d885ab336,unavailable,False,False
r2-public31-instagram-post-auto,public31,instagram-post,2,auto,1,2,False,9.66e-05,9.48e-05,0,,,,False,local_deferral,True,1,189057070f1e926489dd0f712be6ff0ec36c793482f76787cfefcc4d885ab336,unavailable,False,False
r2-public31-instagram-post-auto,public31,instagram-post,2,auto,1,3,False,6.95e-05,6.84e-05,0,,,,False,local_deferral,True,1,189057070f1e926489dd0f712be6ff0ec36c793482f76787cfefcc4d885ab336,unavailable,False,False
r2-public31-reddit-auto,public31,reddit,2,auto,0,1,True,4.2429046,4.2428771,200,thin,browser,emulated,False,response,True,1,dcb0f7d8e142149611741ed5a2647eab67e558132c3b16bb37f68227b6760387,useful,True,True
r2-public31-reddit-auto,public31,reddit,2,auto,0,2,True,2.4409285,2.4409058,200,thin,browser,emulated,False,response,True,1,e011f4fd7c143ecb3192329226c4bd3a62ae464427467cb9c40ea14977ef2221,useful,True,True
r2-public31-reddit-auto,public31,reddit,2,auto,0,3,True,2.2735889,2.2735623,200,thin,browser,emulated,False,response,True,1,2501f86b4de318ba291e085aef2d8dfad906aea6d5f2d881861f8ec38584d406,useful,True,True
r2-public31-reddit-native,public31,reddit,2,native,1,1,True,3.0418451,3.0418354,200,thin,warm,native,False,response,True,1,59665f1b1f21bc02eca5c813ce5cac86d9bba516503cff66bee9324ee0abf892,useful,True,True
r2-public31-reddit-native,public31,reddit,2,native,1,2,True,2.3369391999999998,2.3369181,200,thin,warm,native,False,response,True,1,f841e58655d05fab766eef55892eaddd45e6ae6c56841304e604643919eba7c2,useful,True,True
r2-public31-reddit-native,public31,reddit,2,native,1,3,True,2.2960172,2.2959944,200,thin,warm,native,False,response,True,1,176775243de9c0cd1cda53bb1c949d88a1e708e67bb293d616e0702a2d2cc8f4,useful,True,True
r2-public31-browserleaks-tls-auto,public31,browserleaks-tls,2,auto,0,1,True,0.4442225,0.4442127,200,thin,http,emulated,False,response,True,1,7b46241478f26bc225d8d40aa2e5624efc2872aed25638ce39fea1c0a468ef7f,diagnostic-only,False,False
r2-public31-browserleaks-tls-auto,public31,browserleaks-tls,2,auto,0,2,True,0.7830265,0.7830203,200,thin,http,emulated,False,response,True,1,e36fad43695156d3c1fef2a06999d66622eb81a3a6627048b71c80a89e3ac441,diagnostic-only,False,False
r2-public31-browserleaks-tls-auto,public31,browserleaks-tls,2,auto,0,3,True,0.9866804,0.9866747,200,thin,http,emulated,False,response,True,1,2def0b67ecc0bdeaf56bfd8dd2b926c125e340d86c7ae0d7f0cb7e261c89323b,diagnostic-only,False,False
r2-public31-browserleaks-tls-native,public31,browserleaks-tls,2,native,1,1,True,2.1213176,2.1213057,200,thin,warm,native,False,response,True,1,80e19363a9f8aae173d3c17bfdbcc2c23aa60fea2fb06abd092561acc5217e44,diagnostic-only,False,False
r2-public31-browserleaks-tls-native,public31,browserleaks-tls,2,native,1,2,True,1.4745087,1.4745027,200,thin,warm,native,False,response,True,1,80e19363a9f8aae173d3c17bfdbcc2c23aa60fea2fb06abd092561acc5217e44,diagnostic-only,False,False
r2-public31-browserleaks-tls-native,public31,browserleaks-tls,2,native,1,3,True,1.4998318,1.4998253,200,thin,warm,native,False,response,True,1,80e19363a9f8aae173d3c17bfdbcc2c23aa60fea2fb06abd092561acc5217e44,diagnostic-only,False,False
r2-public31-creepjs-auto,public31,creepjs,2,auto,0,1,True,0.1626287,0.1626202,200,full,http,emulated,False,response,True,1,ed61b53b0992ba42ea21adf916248068e97d405c2de360d63106abd9ff4fc018,diagnostic-only,False,False
r2-public31-creepjs-auto,public31,creepjs,2,auto,0,2,True,0.8876595,0.8876538,200,full,http,emulated,False,response,True,1,ed61b53b0992ba42ea21adf916248068e97d405c2de360d63106abd9ff4fc018,diagnostic-only,False,False
r2-public31-creepjs-auto,public31,creepjs,2,auto,0,3,True,0.9967799,0.9967738,200,full,http,emulated,False,response,True,1,ed61b53b0992ba42ea21adf916248068e97d405c2de360d63106abd9ff4fc018,diagnostic-only,False,False
r2-public31-creepjs-native,public31,creepjs,2,native,1,1,True,1.9970679,1.9970614,200,full,warm,native,False,response,True,1,ed61b53b0992ba42ea21adf916248068e97d405c2de360d63106abd9ff4fc018,diagnostic-only,False,False
r2-public31-creepjs-native,public31,creepjs,2,native,1,2,True,1.4824506,1.4824438,200,full,warm,native,False,response,True,1,ed61b53b0992ba42ea21adf916248068e97d405c2de360d63106abd9ff4fc018,diagnostic-only,False,False
r2-public31-creepjs-native,public31,creepjs,2,native,1,3,True,1.4782705,1.4782618,200,full,warm,native,False,response,True,1,ed61b53b0992ba42ea21adf916248068e97d405c2de360d63106abd9ff4fc018,diagnostic-only,False,False
r2-public31-nowsecure-cf-native,public31,nowsecure-cf,2,native,0,1,False,0.0019215,0.0019151,0,,,,False,local_deferral,True,1,c45390d7e139beb7fb13eee4aae6bb6f457168a8fff9db485f56e1756f60df8d,unavailable,False,False
r2-public31-nowsecure-cf-native,public31,nowsecure-cf,2,native,0,2,False,9.95e-05,9.8e-05,0,,,,False,local_deferral,True,1,c45390d7e139beb7fb13eee4aae6bb6f457168a8fff9db485f56e1756f60df8d,unavailable,False,False
r2-public31-nowsecure-cf-native,public31,nowsecure-cf,2,native,0,3,False,7.15e-05,7.05e-05,0,,,,False,local_deferral,True,1,c45390d7e139beb7fb13eee4aae6bb6f457168a8fff9db485f56e1756f60df8d,unavailable,False,False
r2-public31-nowsecure-cf-auto,public31,nowsecure-cf,2,auto,1,1,False,0.0019377,0.0019315,0,,,,False,local_deferral,True,1,c45390d7e139beb7fb13eee4aae6bb6f457168a8fff9db485f56e1756f60df8d,unavailable,False,False
r2-public31-nowsecure-cf-auto,public31,nowsecure-cf,2,auto,1,2,False,8.87e-05,8.74e-05,0,,,,False,local_deferral,True,1,c45390d7e139beb7fb13eee4aae6bb6f457168a8fff9db485f56e1756f60df8d,unavailable,False,False
r2-public31-nowsecure-cf-auto,public31,nowsecure-cf,2,auto,1,3,False,6.63e-05,6.53e-05,0,,,,False,local_deferral,True,1,c45390d7e139beb7fb13eee4aae6bb6f457168a8fff9db485f56e1756f60df8d,unavailable,False,False
r2-hard12-idealista-native,hard12,idealista,2,native,0,1,True,5.1155036,5.115472,200,thin,warm,native,False,response,True,1,173a35d42a5a21934d61375965b58bd311c6c40ae0b9e997bcdbdf4ddf6ae2c0,useful,True,True
r2-hard12-idealista-native,hard12,idealista,2,native,0,2,False,0.0001374,0.0001359,0,,,,False,local_deferral,True,1,aa20214658ca523f6fd19adeba1f8335d9b977485b614b47f7929e32e1fe358d,unavailable,False,False
r2-hard12-idealista-native,hard12,idealista,2,native,0,3,False,0.0002097,0.0002057,0,,,,False,local_deferral,True,1,aa20214658ca523f6fd19adeba1f8335d9b977485b614b47f7929e32e1fe358d,unavailable,False,False
r2-hard12-idealista-auto,hard12,idealista,2,auto,1,1,False,0.0020755,0.0020691,0,,,,False,local_deferral,True,1,aa20214658ca523f6fd19adeba1f8335d9b977485b614b47f7929e32e1fe358d,unavailable,False,False
r2-hard12-idealista-auto,hard12,idealista,2,auto,1,2,False,8.15e-05,8e-05,0,,,,False,local_deferral,True,1,aa20214658ca523f6fd19adeba1f8335d9b977485b614b47f7929e32e1fe358d,unavailable,False,False
r2-hard12-idealista-auto,hard12,idealista,2,auto,1,3,False,8.12e-05,7.98e-05,0,,,,False,local_deferral,True,1,aa20214658ca523f6fd19adeba1f8335d9b977485b614b47f7929e32e1fe358d,unavailable,False,False
r2-public31-browserleaks-native,public31,browserleaks,2,native,0,1,True,2.3589429,2.3589212,200,thin,warm,native,False,response,True,1,debce9c7d0720a5332146ea39cbe5524918e2098fd280cf7f3a8af042d34445c,diagnostic-only,False,False
r2-public31-browserleaks-native,public31,browserleaks,2,native,0,2,True,1.4706823,1.4706645,200,thin,warm,native,False,response,True,1,86889365030d84e65591cae64e99500e50d8ec8a6a648e72ebb1ee558a0477a0,diagnostic-only,False,False
r2-public31-browserleaks-native,public31,browserleaks,2,native,0,3,True,1.4664963,1.4664784,200,thin,warm,native,False,response,True,1,3025adf9c84a9df380cad377df87316dabe7a7591203d9ce2d83545fe8eea437,diagnostic-only,False,False
r2-public31-browserleaks-auto,public31,browserleaks,2,auto,1,1,True,0.3013764,0.301365,200,thin,http,emulated,False,response,True,1,53cbe71a9c3115b89cce434f1d6f736a059e4b81e9671a789f6990967006406f,diagnostic-only,False,False
r2-public31-browserleaks-auto,public31,browserleaks,2,auto,1,2,True,0.785037,0.7850275,200,thin,http,emulated,False,response,True,1,53cbe71a9c3115b89cce434f1d6f736a059e4b81e9671a789f6990967006406f,diagnostic-only,False,False
r2-public31-browserleaks-auto,public31,browserleaks,2,auto,1,3,True,1.0120273,1.0120164,200,thin,http,emulated,False,response,True,1,53cbe71a9c3115b89cce434f1d6f736a059e4b81e9671a789f6990967006406f,diagnostic-only,False,False
r2-public31-glassdoor-native,public31,glassdoor,2,native,0,1,True,4.7915433,4.7915256,200,thin,warm,native,False,response,True,1,0dd04ecc71b1f7e704428b24884490bd07b74b21d64f40ff1bf12a5264b1d269,useful,True,True
r2-public31-glassdoor-native,public31,glassdoor,2,native,0,2,True,2.8680972000000002,2.868081,200,thin,warm,native,False,response,True,1,0dd04ecc71b1f7e704428b24884490bd07b74b21d64f40ff1bf12a5264b1d269,useful,True,True
r2-public31-glassdoor-native,public31,glassdoor,2,native,0,3,True,2.8669105,2.8668959000000003,200,thin,warm,native,False,response,True,1,0dd04ecc71b1f7e704428b24884490bd07b74b21d64f40ff1bf12a5264b1d269,useful,True,True
r2-public31-glassdoor-auto,public31,glassdoor,2,auto,1,1,True,17.3003748,17.3003528,200,thin,real,emulated,False,response,True,1,0dd04ecc71b1f7e704428b24884490bd07b74b21d64f40ff1bf12a5264b1d269,useful,True,True
r2-public31-glassdoor-auto,public31,glassdoor,2,auto,1,2,True,5.2165562,5.2165373,200,thin,browser,emulated,False,response,True,1,0dd04ecc71b1f7e704428b24884490bd07b74b21d64f40ff1bf12a5264b1d269,useful,True,True
r2-public31-glassdoor-auto,public31,glassdoor,2,auto,1,3,True,5.199925,5.1999041,200,thin,browser,emulated,False,response,True,1,0dd04ecc71b1f7e704428b24884490bd07b74b21d64f40ff1bf12a5264b1d269,useful,True,True
r2-public31-pixelscan-bot-native,public31,pixelscan-bot,2,native,0,1,True,4.9350509,4.9350434,200,thin,warm,native,False,response,True,1,15a94dbf945e34c8274f1b0182c7e7cd2eb07c198a68094db715bcdd62dc9f1b,diagnostic-only,False,False
r2-public31-pixelscan-bot-native,public31,pixelscan-bot,2,native,0,2,True,2.6208176,2.6208054,200,thin,warm,native,False,response,True,1,15a94dbf945e34c8274f1b0182c7e7cd2eb07c198a68094db715bcdd62dc9f1b,diagnostic-only,False,False
r2-public31-pixelscan-bot-native,public31,pixelscan-bot,2,native,0,3,True,2.5414479,2.5414382,200,thin,warm,native,False,response,True,1,15a94dbf945e34c8274f1b0182c7e7cd2eb07c198a68094db715bcdd62dc9f1b,diagnostic-only,False,False
r2-public31-pixelscan-bot-auto,public31,pixelscan-bot,2,auto,1,1,True,2.2856921,2.2856833,200,thin,http,emulated,False,response,True,1,6ea77fdfd6ff198998f99fe5195c83b80823f648a622ca043f5b6bb916df12c1,diagnostic-only,False,False
r2-public31-pixelscan-bot-auto,public31,pixelscan-bot,2,auto,1,2,True,0.8116247,0.8116189,200,thin,http,emulated,False,response,True,1,6ea77fdfd6ff198998f99fe5195c83b80823f648a622ca043f5b6bb916df12c1,diagnostic-only,False,False
r2-public31-pixelscan-bot-auto,public31,pixelscan-bot,2,auto,1,3,True,1.0080038,1.0079992,200,thin,http,emulated,False,response,True,1,6ea77fdfd6ff198998f99fe5195c83b80823f648a622ca043f5b6bb916df12c1,diagnostic-only,False,False
r2-vendors8-kasada-twitch-native,vendors8,kasada-twitch,2,native,0,1,True,2.2820107,2.2819924,200,thin,warm,native,False,response,True,1,15b234372c12d1ac38b628a4d1a91d3a20447c294f19fe2850fc2f12aef39f82,useful,True,True
r2-vendors8-kasada-twitch-native,vendors8,kasada-twitch,2,native,0,2,True,1.7166457,1.7166295,200,thin,warm,native,False,response,True,1,a0a5ff628fd4d91a9f23b3dffc287aac81f9c2de5db99eece064ccfc4724c9c4,useful,True,True
r2-vendors8-kasada-twitch-native,vendors8,kasada-twitch,2,native,0,3,True,1.7443811999999999,1.744362,200,thin,warm,native,False,response,True,1,15b234372c12d1ac38b628a4d1a91d3a20447c294f19fe2850fc2f12aef39f82,useful,True,True
r2-vendors8-kasada-twitch-auto,vendors8,kasada-twitch,2,auto,1,1,True,4.2740024,4.2739835,200,thin,browser,emulated,False,response,True,1,9bfafc31a1368f0ddfeaf1e66abf96ddbcc81166aea191548e0edaf5a2226cbd,useful,True,True
r2-vendors8-kasada-twitch-auto,vendors8,kasada-twitch,2,auto,1,2,True,3.9622759,3.9622551,200,thin,browser,emulated,False,response,True,1,9bfafc31a1368f0ddfeaf1e66abf96ddbcc81166aea191548e0edaf5a2226cbd,useful,True,True
r2-vendors8-kasada-twitch-auto,vendors8,kasada-twitch,2,auto,1,3,True,1.7316922,1.7316745,200,thin,browser,emulated,False,response,True,1,6bed6e61e9c1df87bf658add0c502e823e9a43c2334d7d553f811d2a21ab350f,useful,True,True
r2-hard12-nowsecure-native,hard12,nowsecure,2,native,0,1,False,0.0021051,0.0020976,0,,,,False,local_deferral,True,1,c45390d7e139beb7fb13eee4aae6bb6f457168a8fff9db485f56e1756f60df8d,unavailable,False,False
r2-hard12-nowsecure-native,hard12,nowsecure,2,native,0,2,False,8.86e-05,8.7e-05,0,,,,False,local_deferral,True,1,c45390d7e139beb7fb13eee4aae6bb6f457168a8fff9db485f56e1756f60df8d,unavailable,False,False
r2-hard12-nowsecure-native,hard12,nowsecure,2,native,0,3,False,6.95e-05,6.83e-05,0,,,,False,local_deferral,True,1,c45390d7e139beb7fb13eee4aae6bb6f457168a8fff9db485f56e1756f60df8d,unavailable,False,False
r2-hard12-nowsecure-auto,hard12,nowsecure,2,auto,1,1,False,0.0017533,0.0017464,0,,,,False,local_deferral,True,1,c45390d7e139beb7fb13eee4aae6bb6f457168a8fff9db485f56e1756f60df8d,unavailable,False,False
r2-hard12-nowsecure-auto,hard12,nowsecure,2,auto,1,2,False,9.54e-05,9.4e-05,0,,,,False,local_deferral,True,1,c45390d7e139beb7fb13eee4aae6bb6f457168a8fff9db485f56e1756f60df8d,unavailable,False,False
r2-hard12-nowsecure-auto,hard12,nowsecure,2,auto,1,3,False,7.33e-05,7.2e-05,0,,,,False,local_deferral,True,1,c45390d7e139beb7fb13eee4aae6bb6f457168a8fff9db485f56e1756f60df8d,unavailable,False,False
r2-public31-tiktok-user-auto,public31,tiktok-user,2,auto,0,1,False,53.3806611,53.3806502,200,,warm,emulated,True,wall_or_error,True,1,2685d70b0bb7b101a18a46959131900684d9ad72cd157cde38cabf2a73af08d3,shell,False,False
r2-public31-tiktok-user-auto,public31,tiktok-user,2,auto,0,2,False,59.916284,59.9162794,0,,,,False,timeout,True,1,5eba95fa44777804f205f15ce39c540471cbebf29e3e40d123e19ac038d31177,unavailable,False,False
r2-public31-tiktok-user-auto,public31,tiktok-user,2,auto,0,3,False,0.0001939,0.0001919,0,,,,False,local_deferral,True,1,5eba95fa44777804f205f15ce39c540471cbebf29e3e40d123e19ac038d31177,unavailable,False,False
r2-public31-tiktok-user-native,public31,tiktok-user,2,native,1,1,False,0.0022125,0.0022053,0,,,,False,local_deferral,True,1,5eba95fa44777804f205f15ce39c540471cbebf29e3e40d123e19ac038d31177,unavailable,False,False
r2-public31-tiktok-user-native,public31,tiktok-user,2,native,1,2,False,0.000114,0.0001128,0,,,,False,local_deferral,True,1,5eba95fa44777804f205f15ce39c540471cbebf29e3e40d123e19ac038d31177,unavailable,False,False
r2-public31-tiktok-user-native,public31,tiktok-user,2,native,1,3,False,7.77e-05,7.65e-05,0,,,,False,local_deferral,True,1,5eba95fa44777804f205f15ce39c540471cbebf29e3e40d123e19ac038d31177,unavailable,False,False
r2-public31-medium-auto,public31,medium,2,auto,0,1,True,0.9527951,0.9527847,200,thin,http,emulated,False,response,True,1,3f17e5ee20b369a758965520e96f95b7af4c7ec58fe7669352cd15f14fe98878,useful,True,True
r2-public31-medium-auto,public31,medium,2,auto,0,2,True,0.1076089,0.1076028,200,thin,http,emulated,False,response,True,1,3f17e5ee20b369a758965520e96f95b7af4c7ec58fe7669352cd15f14fe98878,useful,True,True
r2-public31-medium-auto,public31,medium,2,auto,0,3,True,1.0031279,1.0031179,200,thin,http,emulated,False,response,True,1,3f17e5ee20b369a758965520e96f95b7af4c7ec58fe7669352cd15f14fe98878,useful,True,True
r2-public31-medium-native,public31,medium,2,native,1,1,True,23.7803807,23.7803734,200,thin,warm,native,False,response,True,1,3f17e5ee20b369a758965520e96f95b7af4c7ec58fe7669352cd15f14fe98878,useful,True,True
r2-public31-medium-native,public31,medium,2,native,1,2,True,22.3819598,22.3819525,200,thin,warm,native,False,response,True,1,3f17e5ee20b369a758965520e96f95b7af4c7ec58fe7669352cd15f14fe98878,useful,True,True
r2-public31-medium-native,public31,medium,2,native,1,3,True,35.6221355,35.622125,200,thin,warm,native,False,response,True,1,3f17e5ee20b369a758965520e96f95b7af4c7ec58fe7669352cd15f14fe98878,useful,True,True
r2-public31-amazon-product-native,public31,amazon-product,2,native,0,1,False,0.0059805,0.0059622,0,,,,False,local_deferral,True,1,d054fb66b3cd3f5c6217133186d998c37f8988c7a877be7e87e06f75fbb11618,unavailable,False,False
r2-public31-amazon-product-native,public31,amazon-product,2,native,0,2,False,0.0005279,0.0005219,0,,,,False,local_deferral,True,1,d054fb66b3cd3f5c6217133186d998c37f8988c7a877be7e87e06f75fbb11618,unavailable,False,False
r2-public31-amazon-product-native,public31,amazon-product,2,native,0,3,False,0.0003637,0.0003594,0,,,,False,local_deferral,True,1,d054fb66b3cd3f5c6217133186d998c37f8988c7a877be7e87e06f75fbb11618,unavailable,False,False
r2-public31-amazon-product-auto,public31,amazon-product,2,auto,1,1,False,0.0035111,0.0035032,0,,,,False,local_deferral,True,1,d054fb66b3cd3f5c6217133186d998c37f8988c7a877be7e87e06f75fbb11618,unavailable,False,False
r2-public31-amazon-product-auto,public31,amazon-product,2,auto,1,2,False,0.0002063,0.000205,0,,,,False,local_deferral,True,1,d054fb66b3cd3f5c6217133186d998c37f8988c7a877be7e87e06f75fbb11618,unavailable,False,False
r2-public31-amazon-product-auto,public31,amazon-product,2,auto,1,3,False,0.0001672,0.0001659,0,,,,False,local_deferral,True,1,d054fb66b3cd3f5c6217133186d998c37f8988c7a877be7e87e06f75fbb11618,unavailable,False,False
r2-hard12-g2-auto,hard12,g2,2,auto,0,1,True,51.7612652,51.7612423,200,thin,warm,native,True,response,True,1,e9f707531c1de91c5e9563fd20a353dc74631c26a3751ef4e1c6590022734129,useful,True,True
r2-hard12-g2-auto,hard12,g2,2,auto,0,2,False,0.0001443,0.0001429,0,,,,False,local_deferral,True,1,f5f0fe638ed1ed8aacff7f083479fe69bd0ae6f123b97a4fc8990155107f06ed,unavailable,False,False
r2-hard12-g2-auto,hard12,g2,2,auto,0,3,False,7.43e-05,7.33e-05,0,,,,False,local_deferral,True,1,f5f0fe638ed1ed8aacff7f083479fe69bd0ae6f123b97a4fc8990155107f06ed,unavailable,False,False
r2-hard12-g2-native,hard12,g2,2,native,1,1,False,0.0019358,0.0019289,0,,,,False,local_deferral,True,1,f5f0fe638ed1ed8aacff7f083479fe69bd0ae6f123b97a4fc8990155107f06ed,unavailable,False,False
r2-hard12-g2-native,hard12,g2,2,native,1,2,False,0.0001063,0.0001044,0,,,,False,local_deferral,True,1,f5f0fe638ed1ed8aacff7f083479fe69bd0ae6f123b97a4fc8990155107f06ed,unavailable,False,False
r2-hard12-g2-native,hard12,g2,2,native,1,3,False,8e-05,7.83e-05,0,,,,False,local_deferral,True,1,f5f0fe638ed1ed8aacff7f083479fe69bd0ae6f123b97a4fc8990155107f06ed,unavailable,False,False
r2-public31-indeed-jobs-native,public31,indeed-jobs,2,native,0,1,True,4.6889627,4.6889409,200,thin,warm,native,False,response,True,1,636f83c67bc2e5552f4f6990151815b7894bcacb81cde22168b7df9171941ba6,partial,False,False
r2-public31-indeed-jobs-native,public31,indeed-jobs,2,native,0,2,True,5.5907,5.5906268,200,thin,warm,native,False,response,True,1,7c690aea6b6a09abfd46aa2225d5eb02407ec44bca7125f0466b6071dd396f04,partial,False,False
r2-public31-indeed-jobs-native,public31,indeed-jobs,2,native,0,3,False,0.0002682,0.0002672,0,,,,False,local_deferral,True,1,39f672a8a7ef836bc099fa6d1c198e00c88308db9d2cedd6d1438bec0ff65276,unavailable,False,False
r2-public31-indeed-jobs-auto,public31,indeed-jobs,2,auto,1,1,False,0.0025244,0.0025173,0,,,,False,local_deferral,True,1,39f672a8a7ef836bc099fa6d1c198e00c88308db9d2cedd6d1438bec0ff65276,unavailable,False,False
r2-public31-indeed-jobs-auto,public31,indeed-jobs,2,auto,1,2,False,9.53e-05,9.39e-05,0,,,,False,local_deferral,True,1,39f672a8a7ef836bc099fa6d1c198e00c88308db9d2cedd6d1438bec0ff65276,unavailable,False,False
r2-public31-indeed-jobs-auto,public31,indeed-jobs,2,auto,1,3,False,8.68e-05,8.55e-05,0,,,,False,local_deferral,True,1,39f672a8a7ef836bc099fa6d1c198e00c88308db9d2cedd6d1438bec0ff65276,unavailable,False,False
r2-vendors8-datadome-g2-auto,vendors8,datadome-g2,2,auto,0,1,False,0.0018469,0.0018392,0,,,,False,local_deferral,True,1,f5f0fe638ed1ed8aacff7f083479fe69bd0ae6f123b97a4fc8990155107f06ed,unavailable,False,False
r2-vendors8-datadome-g2-auto,vendors8,datadome-g2,2,auto,0,2,False,8.32e-05,8.2e-05,0,,,,False,local_deferral,True,1,f5f0fe638ed1ed8aacff7f083479fe69bd0ae6f123b97a4fc8990155107f06ed,unavailable,False,False
r2-vendors8-datadome-g2-auto,vendors8,datadome-g2,2,auto,0,3,False,6.66e-05,6.54e-05,0,,,,False,local_deferral,True,1,f5f0fe638ed1ed8aacff7f083479fe69bd0ae6f123b97a4fc8990155107f06ed,unavailable,False,False
r2-vendors8-datadome-g2-native,vendors8,datadome-g2,2,native,1,1,False,0.0020613,0.0020551,0,,,,False,local_deferral,True,1,f5f0fe638ed1ed8aacff7f083479fe69bd0ae6f123b97a4fc8990155107f06ed,unavailable,False,False
r2-vendors8-datadome-g2-native,vendors8,datadome-g2,2,native,1,2,False,9.93e-05,9.76e-05,0,,,,False,local_deferral,True,1,f5f0fe638ed1ed8aacff7f083479fe69bd0ae6f123b97a4fc8990155107f06ed,unavailable,False,False
r2-vendors8-datadome-g2-native,vendors8,datadome-g2,2,native,1,3,False,7.69e-05,7.56e-05,0,,,,False,local_deferral,True,1,f5f0fe638ed1ed8aacff7f083479fe69bd0ae6f123b97a4fc8990155107f06ed,unavailable,False,False
r2-public31-rebrowser-detector-auto,public31,rebrowser-detector,2,auto,0,1,True,0.2674118,0.2674039,200,full,http,emulated,False,response,True,1,dd129aeb7dfd7cfdcfebdc8499384e5333bcbb8c812e2dafb9cd3d39a43de145,diagnostic-only,False,False
r2-public31-rebrowser-detector-auto,public31,rebrowser-detector,2,auto,0,2,True,0.8127067,0.8127012,200,full,http,emulated,False,response,True,1,dd129aeb7dfd7cfdcfebdc8499384e5333bcbb8c812e2dafb9cd3d39a43de145,diagnostic-only,False,False
r2-public31-rebrowser-detector-auto,public31,rebrowser-detector,2,auto,0,3,True,1.0222173,1.0222117,200,full,http,emulated,False,response,True,1,dd129aeb7dfd7cfdcfebdc8499384e5333bcbb8c812e2dafb9cd3d39a43de145,diagnostic-only,False,False
r2-public31-rebrowser-detector-native,public31,rebrowser-detector,2,native,1,1,True,2.5751752999999997,2.5751675,200,thin,warm,native,False,response,True,1,42470cb7037b5e86349e2dd55e15b2726690f2810d340a396060befb6be7778a,diagnostic-only,False,False
r2-public31-rebrowser-detector-native,public31,rebrowser-detector,2,native,1,2,True,1.4486914,1.448684,200,thin,warm,native,False,response,True,1,db6660bed37038bf398544d34c1b6736df8877174b684ad4d0e7cd1903b88539,diagnostic-only,False,False
r2-public31-rebrowser-detector-native,public31,rebrowser-detector,2,native,1,3,True,1.4451311,1.4451245,200,thin,warm,native,False,response,True,1,169a17d258aac214cec7b010c807dd7f31ee4008211fc52c7d0fd1b3be689ca7,diagnostic-only,False,False
r2-public31-stackoverflow-auto,public31,stackoverflow,2,auto,0,1,False,7.4695123,7.4695061,200,,browser,emulated,False,wall_or_error,True,1,8113e0ae28abee52f97290800e944b0628e598de944b72903ba75d147ce0afd1,unavailable,False,False
r2-public31-stackoverflow-auto,public31,stackoverflow,2,auto,0,2,False,0.0001131,0.000112,0,,,,False,local_deferral,True,1,3ead0f6a916f089b80d6e7abeecfb912a5ecc93a5c937c82d2037af6f71a1a53,unavailable,False,False
r2-public31-stackoverflow-auto,public31,stackoverflow,2,auto,0,3,False,7.31e-05,7.22e-05,0,,,,False,local_deferral,True,1,3ead0f6a916f089b80d6e7abeecfb912a5ecc93a5c937c82d2037af6f71a1a53,unavailable,False,False
r2-public31-stackoverflow-native,public31,stackoverflow,2,native,1,1,False,0.0018513,0.0018451,0,,,,False,local_deferral,True,1,3ead0f6a916f089b80d6e7abeecfb912a5ecc93a5c937c82d2037af6f71a1a53,unavailable,False,False
r2-public31-stackoverflow-native,public31,stackoverflow,2,native,1,2,False,9.65e-05,9.51e-05,0,,,,False,local_deferral,True,1,3ead0f6a916f089b80d6e7abeecfb912a5ecc93a5c937c82d2037af6f71a1a53,unavailable,False,False
r2-public31-stackoverflow-native,public31,stackoverflow,2,native,1,3,False,6.5e-05,6.39e-05,0,,,,False,local_deferral,True,1,3ead0f6a916f089b80d6e7abeecfb912a5ecc93a5c937c82d2037af6f71a1a53,unavailable,False,False
r2-public31-browserscan-bot-auto,public31,browserscan-bot,2,auto,0,1,True,0.106012,0.1060045,200,full,http,emulated,False,response,True,1,9838a395b0e235222d605fb5036d59bda16b9f0ce119725360f9b29c46a013cf,diagnostic-only,False,False
r2-public31-browserscan-bot-auto,public31,browserscan-bot,2,auto,0,2,True,0.9280162,0.9280095,200,full,http,emulated,False,response,True,1,9838a395b0e235222d605fb5036d59bda16b9f0ce119725360f9b29c46a013cf,diagnostic-only,False,False
r2-public31-browserscan-bot-auto,public31,browserscan-bot,2,auto,0,3,True,1.012961,1.0129555,200,full,http,emulated,False,response,True,1,9838a395b0e235222d605fb5036d59bda16b9f0ce119725360f9b29c46a013cf,diagnostic-only,False,False
r2-public31-browserscan-bot-native,public31,browserscan-bot,2,native,1,1,True,2.3803982,2.3803879,200,thin,warm,native,False,response,True,1,bef8ba910f83c2c04633231569918b52dbe9c10c06198377c2af1d22c1ce8186,diagnostic-only,False,False
r2-public31-browserscan-bot-native,public31,browserscan-bot,2,native,1,2,True,1.8513852,1.8513739,200,thin,warm,native,False,response,True,1,bef8ba910f83c2c04633231569918b52dbe9c10c06198377c2af1d22c1ce8186,diagnostic-only,False,False
r2-public31-browserscan-bot-native,public31,browserscan-bot,2,native,1,3,True,1.8585877,1.8585753,200,thin,warm,native,False,response,True,1,bef8ba910f83c2c04633231569918b52dbe9c10c06198377c2af1d22c1ce8186,diagnostic-only,False,False
r2-hard12-zillow-auto,hard12,zillow,2,auto,0,1,True,9.9827794,9.9827704,200,thin,real,emulated,False,response,True,1,a1944500372ba1dee8443640923139487644f662b826c441553172367582c966,partial,False,False
r2-hard12-zillow-auto,hard12,zillow,2,auto,0,2,True,10.0096661,10.009659,200,thin,browser,emulated,False,response,True,1,a1944500372ba1dee8443640923139487644f662b826c441553172367582c966,partial,False,False
r2-hard12-zillow-auto,hard12,zillow,2,auto,0,3,False,40.6670841,40.66708,200,,real,emulated,False,wall_or_error,True,1,0c09720fcc1ba629e6dd0bd6b676e1242cc36c33f1474f70380b2ccd8bc5b607,wall,False,False
r2-hard12-zillow-native,hard12,zillow,2,native,1,1,False,0.0017887,0.0017802,0,,,,False,local_deferral,True,1,6304af10b65cfb506526ce1c40a35828900c806a4497ed582bc4d3641d26d5d8,unavailable,False,False
r2-hard12-zillow-native,hard12,zillow,2,native,1,2,False,0.0001219,0.00012,0,,,,False,local_deferral,True,1,6304af10b65cfb506526ce1c40a35828900c806a4497ed582bc4d3641d26d5d8,unavailable,False,False
r2-hard12-zillow-native,hard12,zillow,2,native,1,3,False,7.6e-05,7.51e-05,0,,,,False,local_deferral,True,1,6304af10b65cfb506526ce1c40a35828900c806a4497ed582bc4d3641d26d5d8,unavailable,False,False
r2-hard12-hackernews-native,hard12,hackernews,2,native,0,1,True,2.3344659,2.3344437,200,thin,warm,native,False,response,True,1,f0dd57626bbea404500ae013a9641803edd0ef1a31a21f8867ca04ef7ce8c692,useful,True,True
r2-hard12-hackernews-native,hard12,hackernews,2,native,0,2,True,1.4041984,1.4041811,200,thin,warm,native,False,response,True,1,f0dd57626bbea404500ae013a9641803edd0ef1a31a21f8867ca04ef7ce8c692,useful,True,True
r2-hard12-hackernews-native,hard12,hackernews,2,native,0,3,True,1.4045187000000001,1.4045009,200,thin,warm,native,False,response,True,1,f0dd57626bbea404500ae013a9641803edd0ef1a31a21f8867ca04ef7ce8c692,useful,True,True
r2-hard12-hackernews-auto,hard12,hackernews,2,auto,1,1,True,0.3794716,0.3794574,200,thin,http,emulated,False,response,True,1,f0dd57626bbea404500ae013a9641803edd0ef1a31a21f8867ca04ef7ce8c692,useful,True,True
r2-hard12-hackernews-auto,hard12,hackernews,2,auto,1,2,True,0.7256156,0.7256089,200,thin,http,emulated,False,response,True,1,f0dd57626bbea404500ae013a9641803edd0ef1a31a21f8867ca04ef7ce8c692,useful,True,True
r2-hard12-hackernews-auto,hard12,hackernews,2,auto,1,3,True,1.0107257,1.0107182,200,thin,http,emulated,False,response,True,1,f0dd57626bbea404500ae013a9641803edd0ef1a31a21f8867ca04ef7ce8c692,useful,True,True
r2-vendors8-cloudflare-indeed-native,vendors8,cloudflare-indeed,2,native,0,1,False,0.0020684,0.0020602,0,,,,False,local_deferral,True,1,6cb2512d3bc631db0185100591e95da5fabce97c497b291129557096f5bfe6b8,unavailable,False,False
r2-vendors8-cloudflare-indeed-native,vendors8,cloudflare-indeed,2,native,0,2,False,0.0001203,0.0001186,0,,,,False,local_deferral,True,1,6cb2512d3bc631db0185100591e95da5fabce97c497b291129557096f5bfe6b8,unavailable,False,False
r2-vendors8-cloudflare-indeed-native,vendors8,cloudflare-indeed,2,native,0,3,False,7.94e-05,7.82e-05,0,,,,False,local_deferral,True,1,6cb2512d3bc631db0185100591e95da5fabce97c497b291129557096f5bfe6b8,unavailable,False,False
r2-vendors8-cloudflare-indeed-auto,vendors8,cloudflare-indeed,2,auto,1,1,False,0.0020646,0.0020568,0,,,,False,local_deferral,True,1,6cb2512d3bc631db0185100591e95da5fabce97c497b291129557096f5bfe6b8,unavailable,False,False
r2-vendors8-cloudflare-indeed-auto,vendors8,cloudflare-indeed,2,auto,1,2,False,8.91e-05,8.78e-05,0,,,,False,local_deferral,True,1,6cb2512d3bc631db0185100591e95da5fabce97c497b291129557096f5bfe6b8,unavailable,False,False
r2-vendors8-cloudflare-indeed-auto,vendors8,cloudflare-indeed,2,auto,1,3,False,9.71e-05,9.6e-05,0,,,,False,local_deferral,True,1,6cb2512d3bc631db0185100591e95da5fabce97c497b291129557096f5bfe6b8,unavailable,False,False
r2-hard12-example-auto,hard12,example,2,auto,0,1,True,0.2088639,0.2088545,200,thin,http,emulated,False,response,True,1,7a5d955914cbd88734d88d9d6a43bcf1c4cdfe8fd2ebd014f44522ca1e6f35a6,useful,True,True
r2-hard12-example-auto,hard12,example,2,auto,0,2,True,0.8497311,0.8497242,200,thin,http,emulated,False,response,True,1,7a5d955914cbd88734d88d9d6a43bcf1c4cdfe8fd2ebd014f44522ca1e6f35a6,useful,True,True
r2-hard12-example-auto,hard12,example,2,auto,0,3,True,1.0098358,1.0098303,200,thin,http,emulated,False,response,True,1,7a5d955914cbd88734d88d9d6a43bcf1c4cdfe8fd2ebd014f44522ca1e6f35a6,useful,True,True
r2-hard12-example-native,hard12,example,2,native,1,1,True,22.4214945,22.4214871,200,thin,warm,native,False,response,True,1,7a5d955914cbd88734d88d9d6a43bcf1c4cdfe8fd2ebd014f44522ca1e6f35a6,useful,True,True
r2-hard12-example-native,hard12,example,2,native,1,2,True,21.8651749,21.8651691,200,thin,warm,native,False,response,True,1,7a5d955914cbd88734d88d9d6a43bcf1c4cdfe8fd2ebd014f44522ca1e6f35a6,useful,True,True
r2-hard12-example-native,hard12,example,2,native,1,3,True,27.3275884,27.327583,200,thin,warm,native,False,response,True,1,7a5d955914cbd88734d88d9d6a43bcf1c4cdfe8fd2ebd014f44522ca1e6f35a6,useful,True,True
r2-public31-pixelscan-fp-auto,public31,pixelscan-fp,2,auto,0,1,True,1.8123515000000001,1.8123428000000001,200,thin,http,emulated,False,response,True,1,84779cbc165c9b51e9807708ad2f6e35cf13b42eb374447f6696704b4dbefac5,diagnostic-only,False,False
r2-public31-pixelscan-fp-auto,public31,pixelscan-fp,2,auto,0,2,True,0.8313948,0.8313891,200,thin,http,emulated,False,response,True,1,84779cbc165c9b51e9807708ad2f6e35cf13b42eb374447f6696704b4dbefac5,diagnostic-only,False,False
r2-public31-pixelscan-fp-auto,public31,pixelscan-fp,2,auto,0,3,True,1.0077203,1.0077125,200,thin,http,emulated,False,response,True,1,84779cbc165c9b51e9807708ad2f6e35cf13b42eb374447f6696704b4dbefac5,diagnostic-only,False,False
r2-public31-pixelscan-fp-native,public31,pixelscan-fp,2,native,1,1,True,7.5468993,7.5468929,200,thin,warm,native,False,response,True,1,118406aaa5624048e6f860051103b71fee1a72f857f304f98d1be16846b545f0,diagnostic-only,False,False
r2-public31-pixelscan-fp-native,public31,pixelscan-fp,2,native,1,2,True,2.9192375,2.9192292,200,thin,warm,native,False,response,True,1,430c589e38bb3814e7583fce75f30355910075df96b4187bd40a611d9eabd65b,diagnostic-only,False,False
r2-public31-pixelscan-fp-native,public31,pixelscan-fp,2,native,1,3,True,7.0993286,7.0993214,200,thin,warm,native,False,response,True,1,ecf3ef2c36a7b76e774efb65e9b1d9eb75267dc6329d5d14a861d1bdd9403781,diagnostic-only,False,False
r2-hard12-indeed-auto,hard12,indeed,2,auto,0,1,False,0.0020846,0.0020766,0,,,,False,local_deferral,True,1,3d1fdff00a184204e4bd19a2bc3080b99249a53c03dd315817a6628ab9e9271a,unavailable,False,False
r2-hard12-indeed-auto,hard12,indeed,2,auto,0,2,False,0.0001436,0.0001408,0,,,,False,local_deferral,True,1,3d1fdff00a184204e4bd19a2bc3080b99249a53c03dd315817a6628ab9e9271a,unavailable,False,False
r2-hard12-indeed-auto,hard12,indeed,2,auto,0,3,False,8.35e-05,8.22e-05,0,,,,False,local_deferral,True,1,3d1fdff00a184204e4bd19a2bc3080b99249a53c03dd315817a6628ab9e9271a,unavailable,False,False
r2-hard12-indeed-native,hard12,indeed,2,native,1,1,False,0.0021891,0.0021826,0,,,,False,local_deferral,True,1,3d1fdff00a184204e4bd19a2bc3080b99249a53c03dd315817a6628ab9e9271a,unavailable,False,False
r2-hard12-indeed-native,hard12,indeed,2,native,1,2,False,0.0001091,0.0001073,0,,,,False,local_deferral,True,1,3d1fdff00a184204e4bd19a2bc3080b99249a53c03dd315817a6628ab9e9271a,unavailable,False,False
r2-hard12-indeed-native,hard12,indeed,2,native,1,3,False,7.26e-05,7.15e-05,0,,,,False,local_deferral,True,1,3d1fdff00a184204e4bd19a2bc3080b99249a53c03dd315817a6628ab9e9271a,unavailable,False,False
r2-public31-linkedin-jobs-auto,public31,linkedin-jobs,2,auto,0,1,True,0.7799238,0.7798934,200,thin,http,emulated,False,response,True,1,f2f26b500105b41445b2a498d7dbd2129a61f6adb8e5e4ded465c0c56d0a8e7d,useful,True,True
r2-public31-linkedin-jobs-auto,public31,linkedin-jobs,2,auto,0,2,True,0.8095588,0.8095333,200,thin,http,emulated,False,response,True,1,b6b615d6bb59b4b7ed8cb615fa07535c3d0f970a145b9e07e077e2e2d2c89c73,useful,True,True
r2-public31-linkedin-jobs-auto,public31,linkedin-jobs,2,auto,0,3,True,1.0004294,1.0004041,200,thin,http,emulated,False,response,True,1,270b6e1aa3377be0cc50db62045f9866f32d5eecadee0956c5745eddd7784261,useful,True,True
r2-public31-linkedin-jobs-native,public31,linkedin-jobs,2,native,1,1,False,24.9581956,24.9581879,200,,warm,native,False,wall_or_error,True,1,08fad6c7b8f93621960f783303f9439ece2e003cfc1a751c2b7ad2ae6ea68fe3,useful,False,True
r2-public31-linkedin-jobs-native,public31,linkedin-jobs,2,native,1,2,False,22.8152576,22.815252,200,,warm,native,False,wall_or_error,True,1,09535e27a5790b5759b6b7038acd2f828f961812362921048a3176ce290a0671,useful,False,True
r2-public31-linkedin-jobs-native,public31,linkedin-jobs,2,native,1,3,False,22.7759455,22.7759399,200,,warm,native,False,wall_or_error,True,1,1bb2e2f95c69134ab417dd3abec19f8bc1e5814d4ebd6a02505d70e9a091bc68,useful,False,True
r2-public31-stockwatch-auto,public31,stockwatch,2,auto,0,1,True,0.5212329,0.5212219,200,full,http,emulated,False,response,True,1,b46ed1a94479b4ed3e9ea9634837f7d48a520ec22b3037e0a9d2ee29efb95552,useful,True,True
r2-public31-stockwatch-auto,public31,stockwatch,2,auto,0,2,True,0.6665007,0.6664893,200,full,http,emulated,False,response,True,1,b46ed1a94479b4ed3e9ea9634837f7d48a520ec22b3037e0a9d2ee29efb95552,useful,True,True
r2-public31-stockwatch-auto,public31,stockwatch,2,auto,0,3,True,1.0113263,1.0113199,200,full,http,emulated,False,response,True,1,f9899c14cfced5f86e863d3910dacab940dad75a3532a673a6f3f18079d45e11,useful,True,True
r2-public31-stockwatch-native,public31,stockwatch,2,native,1,1,True,24.1793992,24.17939,200,thin,warm,native,False,response,True,1,31bd0787803386522a77b97995014586465a680257da13b3c2f4eb37e21f0cd5,useful,True,True
r2-public31-stockwatch-native,public31,stockwatch,2,native,1,2,True,23.0724723,23.072465,200,thin,warm,native,False,response,True,1,b67fdeff4eac466aa58261f1b23c851544e8cd3ac1519f20ff415248abc718ce,useful,True,True
r2-public31-stockwatch-native,public31,stockwatch,2,native,1,3,True,22.6245899,22.6245837,200,thin,warm,native,False,response,True,1,8a2a9c1b041b82374530dff5d49cb288e88ce73c33b389b26719f749d96ea48d,useful,True,True
r2-hard12-crunchbase-native,hard12,crunchbase,2,native,0,1,False,0.0022231,0.0022111,0,,,,False,local_deferral,True,1,741a693abfa635a5f3ddad57491e3b8aff1b6c8062a905dd09a88b1271fbd91b,unavailable,False,False
r2-hard12-crunchbase-native,hard12,crunchbase,2,native,0,2,False,0.0001026,0.000101,0,,,,False,local_deferral,True,1,741a693abfa635a5f3ddad57491e3b8aff1b6c8062a905dd09a88b1271fbd91b,unavailable,False,False
r2-hard12-crunchbase-native,hard12,crunchbase,2,native,0,3,False,7.09e-05,6.99e-05,0,,,,False,local_deferral,True,1,741a693abfa635a5f3ddad57491e3b8aff1b6c8062a905dd09a88b1271fbd91b,unavailable,False,False
r2-hard12-crunchbase-auto,hard12,crunchbase,2,auto,1,1,False,0.0019103,0.001904,0,,,,False,local_deferral,True,1,741a693abfa635a5f3ddad57491e3b8aff1b6c8062a905dd09a88b1271fbd91b,unavailable,False,False
r2-hard12-crunchbase-auto,hard12,crunchbase,2,auto,1,2,False,9.66e-05,9.5e-05,0,,,,False,local_deferral,True,1,741a693abfa635a5f3ddad57491e3b8aff1b6c8062a905dd09a88b1271fbd91b,unavailable,False,False
r2-hard12-crunchbase-auto,hard12,crunchbase,2,auto,1,3,False,6.72e-05,6.62e-05,0,,,,False,local_deferral,True,1,741a693abfa635a5f3ddad57491e3b8aff1b6c8062a905dd09a88b1271fbd91b,unavailable,False,False
r2-vendors8-akamai-homedepot-native,vendors8,akamai-homedepot,2,native,0,1,True,6.1241712,6.1241634,200,thin,warm,native,False,response,True,1,6c2cc1721b4cd5bf6bb05200dad63b0cb4ce6043bf93c721644913643035e5ae,shell,False,False
r2-vendors8-akamai-homedepot-native,vendors8,akamai-homedepot,2,native,0,2,True,4.9896270000000005,4.9896166,200,thin,warm,native,False,response,True,1,6c2cc1721b4cd5bf6bb05200dad63b0cb4ce6043bf93c721644913643035e5ae,shell,False,False
r2-vendors8-akamai-homedepot-native,vendors8,akamai-homedepot,2,native,0,3,False,0.0002317,0.0002302,0,,,,False,local_deferral,True,1,80c1ae9ad5c93a05d471470f5dd8fc7e4a643c8378c4fa3d28f0abbb32682cdb,unavailable,False,False
r2-vendors8-akamai-homedepot-auto,vendors8,akamai-homedepot,2,auto,1,1,False,0.0019927,0.0019856,0,,,,False,local_deferral,True,1,80c1ae9ad5c93a05d471470f5dd8fc7e4a643c8378c4fa3d28f0abbb32682cdb,unavailable,False,False
r2-vendors8-akamai-homedepot-auto,vendors8,akamai-homedepot,2,auto,1,2,False,0.0001207,0.0001188,0,,,,False,local_deferral,True,1,80c1ae9ad5c93a05d471470f5dd8fc7e4a643c8378c4fa3d28f0abbb32682cdb,unavailable,False,False
r2-vendors8-akamai-homedepot-auto,vendors8,akamai-homedepot,2,auto,1,3,False,6.77e-05,6.66e-05,0,,,,False,local_deferral,True,1,80c1ae9ad5c93a05d471470f5dd8fc7e4a643c8378c4fa3d28f0abbb32682cdb,unavailable,False,False
r2-public31-bot-incolumitas-native,public31,bot-incolumitas,2,native,0,1,True,2.7960948,2.7960689,200,full,warm,native,False,response,True,1,391eb91c5d094105f37c41fbb1db9a1a9ced9a4afc91e21915b694f6ca20206d,diagnostic-only,False,False
r2-public31-bot-incolumitas-native,public31,bot-incolumitas,2,native,0,2,True,2.1740982,2.1740726,200,full,warm,native,False,response,True,1,da327d524d782bb858ae1c47a3e5b6fcb28725254046800ce88b02a669799274,diagnostic-only,False,False
r2-public31-bot-incolumitas-native,public31,bot-incolumitas,2,native,0,3,True,2.2113347,2.2113078,200,full,warm,native,False,response,True,1,96e740a2a02a30b2ef556207daae395a26ea3188d2d04b8eba787943eda2e0c0,diagnostic-only,False,False
r2-public31-bot-incolumitas-auto,public31,bot-incolumitas,2,auto,1,1,True,0.7412432,0.7412333,200,full,http,emulated,False,response,True,1,c8171629aae01e2c3a2c33c5ddbf2a8d7a30c154d665252896b00b479707409a,diagnostic-only,False,False
r2-public31-bot-incolumitas-auto,public31,bot-incolumitas,2,auto,1,2,True,0.4504569,0.4504514,200,full,http,emulated,False,response,True,1,c8171629aae01e2c3a2c33c5ddbf2a8d7a30c154d665252896b00b479707409a,diagnostic-only,False,False
r2-public31-bot-incolumitas-auto,public31,bot-incolumitas,2,auto,1,3,True,0.9972466,0.9972356,200,full,http,emulated,False,response,True,1,c8171629aae01e2c3a2c33c5ddbf2a8d7a30c154d665252896b00b479707409a,diagnostic-only,False,False
r2-vendors8-akamai-newegg-auto,vendors8,akamai-newegg,2,auto,0,1,True,1.4464106,1.4463995,200,thin,http,emulated,False,response,True,1,4a5b18aa19ab20d182de7664e907a940066678242777617a83653b37dde1a159,useful,True,True
r2-vendors8-akamai-newegg-auto,vendors8,akamai-newegg,2,auto,0,2,True,0.1739595,0.1739464,200,thin,http,emulated,False,response,True,1,4a5b18aa19ab20d182de7664e907a940066678242777617a83653b37dde1a159,useful,True,True
r2-vendors8-akamai-newegg-auto,vendors8,akamai-newegg,2,auto,0,3,True,0.9972388,0.997225,200,thin,http,emulated,False,response,True,1,4a5b18aa19ab20d182de7664e907a940066678242777617a83653b37dde1a159,useful,True,True
r2-vendors8-akamai-newegg-native,vendors8,akamai-newegg,2,native,1,1,True,7.2926771,7.2926555,200,thin,warm,native,False,response,True,1,18a7ea035f74cc01ef91d6fbcff96892c4300f28f44f843aae72c9d07499d093,useful,True,True
r2-vendors8-akamai-newegg-native,vendors8,akamai-newegg,2,native,1,2,True,5.5330447,5.5330275,200,thin,warm,native,False,response,True,1,c630710c9162927da17593d5005e19d3c35f8d63e37efe2861dafc8031ba16e2,useful,True,True
r2-vendors8-akamai-newegg-native,vendors8,akamai-newegg,2,native,1,3,True,9.0049861,9.0049679,204,thin,warm,native,False,response,True,1,43d3066e89430d39e6704f13766e750cda881aaee1c1925fd5c254937b8094e6,useful,True,True
r2-public31-devto-native,public31,devto,2,native,0,1,True,2.9405877,2.9405559,200,partial,warm,native,False,response,True,1,75df99bdbe937b8012f02d97e3d5b044f910ba8e75a22f8bde2c8f094f0b94b6,useful,True,True
r2-public31-devto-native,public31,devto,2,native,0,2,True,1.6169386000000001,1.6169061,200,partial,warm,native,False,response,True,1,75df99bdbe937b8012f02d97e3d5b044f910ba8e75a22f8bde2c8f094f0b94b6,useful,True,True
r2-public31-devto-native,public31,devto,2,native,0,3,True,1.6036979,1.6036641,200,partial,warm,native,False,response,True,1,75df99bdbe937b8012f02d97e3d5b044f910ba8e75a22f8bde2c8f094f0b94b6,useful,True,True
r2-public31-devto-auto,public31,devto,2,auto,1,1,True,0.1216251,0.1215922,200,partial,http,emulated,False,response,True,1,97f8d96ff06c913b9fdabe95395e95031970dd7ab12e3c470107c1acd35549df,useful,True,True
r2-public31-devto-auto,public31,devto,2,auto,1,2,True,0.9246357,0.9246055,200,partial,http,emulated,False,response,True,1,97f8d96ff06c913b9fdabe95395e95031970dd7ab12e3c470107c1acd35549df,useful,True,True
r2-public31-devto-auto,public31,devto,2,auto,1,3,True,1.0328752,1.0328454,200,partial,http,emulated,False,response,True,1,97f8d96ff06c913b9fdabe95395e95031970dd7ab12e3c470107c1acd35549df,useful,True,True
r3-public31-indeed-jobs-auto,public31,indeed-jobs,3,auto,0,1,True,7.2654268,7.2654115,200,thin,real,emulated,False,response,True,1,2cf5998124501cb684fe795517059605e70be0821bbdc9d65655b8ac33b7a18f,partial,False,False
r3-public31-indeed-jobs-auto,public31,indeed-jobs,3,auto,0,2,True,7.9877937,7.9877642,200,thin,real,emulated,False,response,True,1,20974196a6a304b1a69e49a8688bde48c0867a94960644fa697c9b3ea034198b,partial,False,False
r3-public31-indeed-jobs-auto,public31,indeed-jobs,3,auto,0,3,True,5.7026448,5.7026343,200,thin,browser,emulated,False,response,True,1,dc176d5a3ed883f0e4e6bf7f0f304d877223aaa150d6d70f5ba06bb6dc3d675e,partial,False,False
r3-public31-indeed-jobs-native,public31,indeed-jobs,3,native,1,1,True,4.9412537,4.9412223,200,thin,warm,native,False,response,True,1,8701400bbf50be10dacb481974914b3d21af8de5df5eeeeb93614826908796b0,partial,False,False
r3-public31-indeed-jobs-native,public31,indeed-jobs,3,native,1,2,True,4.6676912999999995,4.6676763,200,thin,warm,native,False,response,True,1,1ac50237498bc891008c0471ba8c09e8617da65f47b76b8c3c4e5ea28d6d5c84,partial,False,False
r3-public31-indeed-jobs-native,public31,indeed-jobs,3,native,1,3,True,3.0097212,3.0097054,200,thin,warm,native,False,response,True,1,0d61abcffb82c548b579e997f3adab9f594aaeafb3a0fc5deffd30c90e9de106,partial,False,False
r3-hard12-nowsecure-auto,hard12,nowsecure,3,auto,0,1,True,4.181792,4.1817851,200,thin,browser,emulated,False,response,True,1,f48402c8e452204b8ccadc105ec7bb61bd971e066fa27978cc4f843804b78b5a,diagnostic-only,False,False
r3-hard12-nowsecure-auto,hard12,nowsecure,3,auto,0,2,True,1.9111704999999999,1.9111654,200,thin,browser,emulated,False,response,True,1,f48402c8e452204b8ccadc105ec7bb61bd971e066fa27978cc4f843804b78b5a,diagnostic-only,False,False
r3-hard12-nowsecure-auto,hard12,nowsecure,3,auto,0,3,True,2.2671162000000002,2.2671105,200,thin,browser,emulated,False,response,True,1,f48402c8e452204b8ccadc105ec7bb61bd971e066fa27978cc4f843804b78b5a,diagnostic-only,False,False
r3-hard12-nowsecure-native,hard12,nowsecure,3,native,1,1,True,23.180949,23.1809418,200,thin,warm,native,False,response,True,1,f48402c8e452204b8ccadc105ec7bb61bd971e066fa27978cc4f843804b78b5a,diagnostic-only,False,False
r3-hard12-nowsecure-native,hard12,nowsecure,3,native,1,2,True,22.4417027,22.4416971,200,thin,warm,native,False,response,True,1,f48402c8e452204b8ccadc105ec7bb61bd971e066fa27978cc4f843804b78b5a,diagnostic-only,False,False
r3-hard12-nowsecure-native,hard12,nowsecure,3,native,1,3,True,22.5030052,22.5029993,200,thin,warm,native,False,response,True,1,f48402c8e452204b8ccadc105ec7bb61bd971e066fa27978cc4f843804b78b5a,diagnostic-only,False,False
r3-public31-medium-native,public31,medium,3,native,0,1,True,23.7364227,23.7364147,200,thin,warm,native,False,response,True,1,3f17e5ee20b369a758965520e96f95b7af4c7ec58fe7669352cd15f14fe98878,useful,True,True
r3-public31-medium-native,public31,medium,3,native,0,2,True,22.601186,22.6011788,200,thin,warm,native,False,response,True,1,3f17e5ee20b369a758965520e96f95b7af4c7ec58fe7669352cd15f14fe98878,useful,True,True
r3-public31-medium-native,public31,medium,3,native,0,3,True,22.4759519,22.4759439,200,thin,warm,native,False,response,True,1,3f17e5ee20b369a758965520e96f95b7af4c7ec58fe7669352cd15f14fe98878,useful,True,True
r3-public31-medium-auto,public31,medium,3,auto,1,1,True,3.819022,3.8190114,200,thin,browser,emulated,False,response,True,1,3f17e5ee20b369a758965520e96f95b7af4c7ec58fe7669352cd15f14fe98878,useful,True,True
r3-public31-medium-auto,public31,medium,3,auto,1,2,True,0.0464635,0.0464579,200,thin,http,emulated,False,response,True,1,3f17e5ee20b369a758965520e96f95b7af4c7ec58fe7669352cd15f14fe98878,useful,True,True
r3-public31-medium-auto,public31,medium,3,auto,1,3,True,1.0066034,1.0065983,200,thin,http,emulated,False,response,True,1,3f17e5ee20b369a758965520e96f95b7af4c7ec58fe7669352cd15f14fe98878,useful,True,True
r3-public31-canadianinsider-auto,public31,canadianinsider,3,auto,0,1,False,59.9098286,59.9098221,200,,warm,emulated,True,timeout,True,1,0878940b302414d5898a8b55076ac338bd20529d36629d4ed8048e049a264d96,wall,False,False
r3-public31-canadianinsider-auto,public31,canadianinsider,3,auto,0,2,False,59.9049433,59.9049377,200,,stealth,emulated,False,timeout,True,1,eeaecba442985878db0a1a9b4c8d4f8bb6e370e4b0cbb9af8d22e161181af791,wall,False,False
r3-public31-canadianinsider-auto,public31,canadianinsider,3,auto,0,3,True,44.4006015,44.4005903,200,thin,warm,native,True,response,True,1,3360dd6dc4e7d12d83ce23da9a2a175a28606cd07fcda62e47585e24f901d744,useful,True,True
r3-public31-canadianinsider-native,public31,canadianinsider,3,native,1,1,False,9.5028698,9.5028645,404,,warm,native,False,wall_or_error,True,1,d3193554c7f76bafd62c9f445f003f1c25d3ea46c95259802f825b461a4f8691,unavailable,False,False
r3-public31-canadianinsider-native,public31,canadianinsider,3,native,1,2,True,2.8805861,2.8805757,200,thin,warm,native,False,response,True,1,3360dd6dc4e7d12d83ce23da9a2a175a28606cd07fcda62e47585e24f901d744,useful,True,True
r3-public31-canadianinsider-native,public31,canadianinsider,3,native,1,3,True,4.289207,4.2891988,200,thin,warm,native,False,response,True,1,3360dd6dc4e7d12d83ce23da9a2a175a28606cd07fcda62e47585e24f901d744,useful,True,True
r3-vendors8-cloudflare-crunchbase-native,vendors8,cloudflare-crunchbase,3,native,0,1,True,6.767663,6.7676414000000005,200,thin,warm,native,False,response,True,1,0399041825e813c8a8bbf0df14b4c370cb40d7763f621ac5db6af66fcbe14ee9,useful,True,True
r3-vendors8-cloudflare-crunchbase-native,vendors8,cloudflare-crunchbase,3,native,0,2,True,2.0513995,2.0513827,200,thin,warm,native,False,response,True,1,0399041825e813c8a8bbf0df14b4c370cb40d7763f621ac5db6af66fcbe14ee9,useful,True,True
r3-vendors8-cloudflare-crunchbase-native,vendors8,cloudflare-crunchbase,3,native,0,3,True,2.056921,2.0569048,200,thin,warm,native,False,response,True,1,0399041825e813c8a8bbf0df14b4c370cb40d7763f621ac5db6af66fcbe14ee9,useful,True,True
r3-vendors8-cloudflare-crunchbase-auto,vendors8,cloudflare-crunchbase,3,auto,1,1,True,47.5332132,47.533177,200,thin,warm,native,True,response,True,1,0399041825e813c8a8bbf0df14b4c370cb40d7763f621ac5db6af66fcbe14ee9,useful,True,True
r3-vendors8-cloudflare-crunchbase-auto,vendors8,cloudflare-crunchbase,3,auto,1,2,True,37.5217427,37.5217197,200,thin,warm,native,True,response,True,1,0399041825e813c8a8bbf0df14b4c370cb40d7763f621ac5db6af66fcbe14ee9,useful,True,True
r3-vendors8-cloudflare-crunchbase-auto,vendors8,cloudflare-crunchbase,3,auto,1,3,True,48.3742032,48.3741719,200,thin,warm,native,True,response,True,1,0399041825e813c8a8bbf0df14b4c370cb40d7763f621ac5db6af66fcbe14ee9,useful,True,True
r3-public31-linkedin-jobs-native,public31,linkedin-jobs,3,native,0,1,False,23.7801559,23.7801441,200,,warm,native,False,wall_or_error,True,1,c9c846325074832db1726a4f10e9e99a2d29b7887b1e44a8f735ee5df41d050b,useful,False,True
r3-public31-linkedin-jobs-native,public31,linkedin-jobs,3,native,0,2,False,22.9317585,22.9317472,200,,warm,native,False,wall_or_error,True,1,422d83cdd9c94bf0064f62368f5b97b2bc119c1500c9420e5282097a0eb4653a,useful,False,True
r3-public31-linkedin-jobs-native,public31,linkedin-jobs,3,native,0,3,False,22.8630286,22.8630199,200,,warm,native,False,wall_or_error,True,1,5b5d2a704c6dd697fd11a71224aecb65b9b49246790e78de3c6ec0270e40cd91,useful,False,True
r3-public31-linkedin-jobs-auto,public31,linkedin-jobs,3,auto,1,1,True,0.8882412,0.8882095,200,thin,http,emulated,False,response,True,1,deae4c21ae6669f9601337c52f05ea77a3466f6accee170c95c28da1549c1f41,useful,True,True
r3-public31-linkedin-jobs-auto,public31,linkedin-jobs,3,auto,1,2,True,0.7639337,0.763896,200,thin,http,emulated,False,response,True,1,684b3434dc378708c7922be796043a9403cea2d734297c2f84642602bde6aed1,useful,True,True
r3-public31-linkedin-jobs-auto,public31,linkedin-jobs,3,auto,1,3,True,1.043358,1.0433222,200,thin,http,emulated,False,response,True,1,ffd6c7f33b605f3bbd73dede38ebedb09de21c3d81d18875f6a7fd2e60af8c60,useful,True,True
r3-public31-amazon-product-auto,public31,amazon-product,3,auto,0,1,False,12.316775,12.3167665,200,,real,emulated,False,wall_or_error,True,1,70767c6ff39eeb67419950e819b5ad8ede79edd97197f9e9ab6674169b1970b0,unavailable,False,False
r3-public31-amazon-product-auto,public31,amazon-product,3,auto,0,2,False,12.8417955,12.84179,200,,real,emulated,False,wall_or_error,True,1,ae29ab81c17e2c014d5649138fa7ea6c138f0bc339cbca3f75a3bc1b1963070c,unavailable,False,False
r3-public31-amazon-product-auto,public31,amazon-product,3,auto,0,3,False,3.256541,3.2565373,200,,real,emulated,False,wall_or_error,True,1,1c8750eb05f958e18c4166384ce2a1cd6b18106e92d78ed94bd2179179b84250,unavailable,False,False
r3-public31-amazon-product-native,public31,amazon-product,3,native,1,1,False,1.9214538,1.9214440000000002,200,,warm,native,False,wall_or_error,True,1,2ff7319725ac7d5519f4d45dfcb78dc38a95882f65a173bcf51aba0755c99b2e,unavailable,False,False
r3-public31-amazon-product-native,public31,amazon-product,3,native,1,2,False,1.4039239000000001,1.4039207,200,,warm,native,False,wall_or_error,True,1,a4b391f45f58c1411386986e4d396ab4c1ae650034f003ba9b0bc1fed52fcdc4,unavailable,False,False
r3-public31-amazon-product-native,public31,amazon-product,3,native,1,3,False,2.3898724,2.3898689,200,,warm,native,False,wall_or_error,True,1,f82106144eecf8c8899489a1c1edbaea89bf08709c05b0ece6a9624c0f5c0931,unavailable,False,False
r3-public31-pixelscan-bot-auto,public31,pixelscan-bot,3,auto,0,1,True,2.1332051,2.1331976,200,thin,http,emulated,False,response,True,1,6ea77fdfd6ff198998f99fe5195c83b80823f648a622ca043f5b6bb916df12c1,diagnostic-only,False,False
r3-public31-pixelscan-bot-auto,public31,pixelscan-bot,3,auto,0,2,True,0.8780589,0.878051,200,thin,http,emulated,False,response,True,1,6ea77fdfd6ff198998f99fe5195c83b80823f648a622ca043f5b6bb916df12c1,diagnostic-only,False,False
r3-public31-pixelscan-bot-auto,public31,pixelscan-bot,3,auto,0,3,True,0.9358868,0.935881,200,thin,http,emulated,False,response,True,1,6ea77fdfd6ff198998f99fe5195c83b80823f648a622ca043f5b6bb916df12c1,diagnostic-only,False,False
r3-public31-pixelscan-bot-native,public31,pixelscan-bot,3,native,1,1,True,4.767707,4.7677003,200,thin,warm,native,False,response,True,1,15a94dbf945e34c8274f1b0182c7e7cd2eb07c198a68094db715bcdd62dc9f1b,diagnostic-only,False,False
r3-public31-pixelscan-bot-native,public31,pixelscan-bot,3,native,1,2,True,2.49762,2.4976104,200,thin,warm,native,False,response,True,1,15a94dbf945e34c8274f1b0182c7e7cd2eb07c198a68094db715bcdd62dc9f1b,diagnostic-only,False,False
r3-public31-pixelscan-bot-native,public31,pixelscan-bot,3,native,1,3,True,2.5383239,2.5383148,200,thin,warm,native,False,response,True,1,15a94dbf945e34c8274f1b0182c7e7cd2eb07c198a68094db715bcdd62dc9f1b,diagnostic-only,False,False
r3-public31-tiktok-user-native,public31,tiktok-user,3,native,0,1,False,3.5612263,3.5612202,0,,,,False,wall_or_error,True,1,5eba95fa44777804f205f15ce39c540471cbebf29e3e40d123e19ac038d31177,unavailable,False,False
r3-public31-tiktok-user-native,public31,tiktok-user,3,native,0,2,False,22.8588055,22.8588024,200,,warm,native,False,wall_or_error,True,1,2685d70b0bb7b101a18a46959131900684d9ad72cd157cde38cabf2a73af08d3,shell,False,False
r3-public31-tiktok-user-native,public31,tiktok-user,3,native,0,3,False,25.524805399999998,25.5248007,200,,warm,native,False,wall_or_error,True,1,db2417815aa08e39790868a795063e6867875f32c4ca0122e7dee5b925233d89,useful,False,True
r3-public31-tiktok-user-auto,public31,tiktok-user,3,auto,1,1,True,9.3568872,9.3568775,200,thin,stealth,emulated,False,response,True,1,53a6739649bb9da5a77cfdf6cacbfa5d8441689faf89c780f552195c2c986a10,shell,False,False
r3-public31-tiktok-user-auto,public31,tiktok-user,3,auto,1,2,False,57.7582551,57.7582511,200,,warm,native,True,wall_or_error,True,1,2685d70b0bb7b101a18a46959131900684d9ad72cd157cde38cabf2a73af08d3,shell,False,False
r3-public31-tiktok-user-auto,public31,tiktok-user,3,auto,1,3,True,24.007033,24.0070274,200,thin,real,emulated,False,response,True,1,2d23d5c5d41a6789f163dd0777a0ab9adcb4181cf2bc62f8fc346c9c747d9d17,useful,True,True
r3-public31-stackoverflow-native,public31,stackoverflow,3,native,0,1,True,2.7133426,2.7133311,200,partial,warm,native,False,response,True,1,867e9b8b463162f9d712ecd147b5bcd9feb20d821390923e3fd70aff21871237,useful,True,True
r3-public31-stackoverflow-native,public31,stackoverflow,3,native,0,2,True,1.8574996000000001,1.8574796,200,partial,warm,native,False,response,True,1,867e9b8b463162f9d712ecd147b5bcd9feb20d821390923e3fd70aff21871237,useful,True,True
r3-public31-stackoverflow-native,public31,stackoverflow,3,native,0,3,True,1.8356493999999999,1.8356337,200,partial,warm,native,False,response,True,1,867e9b8b463162f9d712ecd147b5bcd9feb20d821390923e3fd70aff21871237,useful,True,True
r3-public31-stackoverflow-auto,public31,stackoverflow,3,auto,1,1,True,7.3864374,7.3864285,200,partial,stealth,emulated,False,response,True,1,867e9b8b463162f9d712ecd147b5bcd9feb20d821390923e3fd70aff21871237,useful,True,True
r3-public31-stackoverflow-auto,public31,stackoverflow,3,auto,1,2,True,2.0018328,2.0018162,200,partial,browser,emulated,False,response,True,1,867e9b8b463162f9d712ecd147b5bcd9feb20d821390923e3fd70aff21871237,useful,True,True
r3-public31-stackoverflow-auto,public31,stackoverflow,3,auto,1,3,True,1.7874634999999999,1.7874553,200,partial,browser,emulated,False,response,True,1,867e9b8b463162f9d712ecd147b5bcd9feb20d821390923e3fd70aff21871237,useful,True,True
r3-public31-browserscan-bot-native,public31,browserscan-bot,3,native,0,1,True,2.9142595,2.9142471,200,thin,warm,native,False,response,True,1,bef8ba910f83c2c04633231569918b52dbe9c10c06198377c2af1d22c1ce8186,diagnostic-only,False,False
r3-public31-browserscan-bot-native,public31,browserscan-bot,3,native,0,2,True,1.8372259,1.837213,200,thin,warm,native,False,response,True,1,bef8ba910f83c2c04633231569918b52dbe9c10c06198377c2af1d22c1ce8186,diagnostic-only,False,False
r3-public31-browserscan-bot-native,public31,browserscan-bot,3,native,0,3,True,1.8432368000000001,1.843225,200,thin,warm,native,False,response,True,1,bef8ba910f83c2c04633231569918b52dbe9c10c06198377c2af1d22c1ce8186,diagnostic-only,False,False
r3-public31-browserscan-bot-auto,public31,browserscan-bot,3,auto,1,1,True,0.0744492,0.0744417,200,full,http,emulated,False,response,True,1,9838a395b0e235222d605fb5036d59bda16b9f0ce119725360f9b29c46a013cf,diagnostic-only,False,False
r3-public31-browserscan-bot-auto,public31,browserscan-bot,3,auto,1,2,True,1.2220199,1.2220131,200,full,http,emulated,False,response,True,1,9838a395b0e235222d605fb5036d59bda16b9f0ce119725360f9b29c46a013cf,diagnostic-only,False,False
r3-public31-browserscan-bot-auto,public31,browserscan-bot,3,auto,1,3,True,0.7470528,0.7470467,200,full,http,emulated,False,response,True,1,9838a395b0e235222d605fb5036d59bda16b9f0ce119725360f9b29c46a013cf,diagnostic-only,False,False
r3-public31-newsfilecorp-auto,public31,newsfilecorp,3,auto,0,1,True,0.6686831,0.6686626,200,full,http,emulated,False,response,True,1,db15c41de4a24aec75447879a2134c579b23a75ae37c3c86a87b9fbfe20bb7df,partial,False,False
r3-public31-newsfilecorp-auto,public31,newsfilecorp,3,auto,0,2,True,0.5398258,0.5398206,200,full,http,emulated,False,response,True,1,7d61190954e6288ab0b94e011ca276dba93bc25a6aff43d8a6900ee8bd17f285,wall,False,False
r3-public31-newsfilecorp-auto,public31,newsfilecorp,3,auto,0,3,True,1.0045433,1.0045384,200,full,http,emulated,False,response,True,1,7d61190954e6288ab0b94e011ca276dba93bc25a6aff43d8a6900ee8bd17f285,wall,False,False
r3-public31-newsfilecorp-native,public31,newsfilecorp,3,native,1,1,True,3.0418476,3.0418409,200,thin,warm,native,False,response,True,1,7d61190954e6288ab0b94e011ca276dba93bc25a6aff43d8a6900ee8bd17f285,wall,False,False
r3-public31-newsfilecorp-native,public31,newsfilecorp,3,native,1,2,True,1.6977441,1.6977383000000001,200,thin,warm,native,False,response,True,1,7d61190954e6288ab0b94e011ca276dba93bc25a6aff43d8a6900ee8bd17f285,wall,False,False
r3-public31-newsfilecorp-native,public31,newsfilecorp,3,native,1,3,False,2.3746721,2.3746689,0,,,,False,wall_or_error,True,1,19be420ea148bff7e39a4aeebe36d0dc04e7a799e925e4383241591a689ef592,unavailable,False,False
r3-public31-github-explore-auto,public31,github-explore,3,auto,0,1,True,1.7317114,1.7317004,200,thin,http,emulated,False,response,True,1,30952e7a60ab3ab990913848048a803d8039e68cbac106024825140cbf14a373,partial,False,False
r3-public31-github-explore-auto,public31,github-explore,3,auto,0,2,True,0.0948553,0.0948436,200,thin,http,emulated,False,response,True,1,30952e7a60ab3ab990913848048a803d8039e68cbac106024825140cbf14a373,partial,False,False
r3-public31-github-explore-auto,public31,github-explore,3,auto,0,3,True,1.00097,1.0009642,200,thin,http,emulated,False,response,True,1,30952e7a60ab3ab990913848048a803d8039e68cbac106024825140cbf14a373,partial,False,False
r3-public31-github-explore-native,public31,github-explore,3,native,1,1,True,3.0061714,3.0061622,200,thin,warm,native,False,response,True,1,30952e7a60ab3ab990913848048a803d8039e68cbac106024825140cbf14a373,partial,False,False
r3-public31-github-explore-native,public31,github-explore,3,native,1,2,True,1.8412934,1.8412817000000001,200,thin,warm,native,False,response,True,1,30952e7a60ab3ab990913848048a803d8039e68cbac106024825140cbf14a373,partial,False,False
r3-public31-github-explore-native,public31,github-explore,3,native,1,3,True,1.7523312,1.75232,200,thin,warm,native,False,response,True,1,30952e7a60ab3ab990913848048a803d8039e68cbac106024825140cbf14a373,partial,False,False
r3-public31-devto-auto,public31,devto,3,auto,0,1,True,0.3772518,0.3772213,200,partial,http,emulated,False,response,True,1,1ddc95d3018260a98b8381e7323b424792adb21bd6711790888bc11f2fa1bd95,useful,True,True
r3-public31-devto-auto,public31,devto,3,auto,0,2,True,0.6644379,0.6643991,200,partial,http,emulated,False,response,True,1,1ddc95d3018260a98b8381e7323b424792adb21bd6711790888bc11f2fa1bd95,useful,True,True
r3-public31-devto-auto,public31,devto,3,auto,0,3,True,1.0071083,1.0070834,200,partial,http,emulated,False,response,True,1,1ddc95d3018260a98b8381e7323b424792adb21bd6711790888bc11f2fa1bd95,useful,True,True
r3-public31-devto-native,public31,devto,3,native,1,1,True,2.9889962,2.9889607,200,partial,warm,native,False,response,True,1,b7a81397b62313aac9341838f3a25adce303876e01df46e17ac7a87c8203107c,useful,True,True
r3-public31-devto-native,public31,devto,3,native,1,2,True,1.7033638,1.7033353,200,partial,warm,native,False,response,True,1,b7a81397b62313aac9341838f3a25adce303876e01df46e17ac7a87c8203107c,useful,True,True
r3-public31-devto-native,public31,devto,3,native,1,3,True,1.6730314,1.6730003,200,partial,warm,native,False,response,True,1,b7a81397b62313aac9341838f3a25adce303876e01df46e17ac7a87c8203107c,useful,True,True
r3-public31-instagram-post-auto,public31,instagram-post,3,auto,0,1,True,3.54561,3.5456008,200,thin,browser,emulated,False,response,True,1,1fca0289753eb2981bff32b44504848c2a8cbcf4eabc802456a77ceebc40f6c6,unavailable,False,False
r3-public31-instagram-post-auto,public31,instagram-post,3,auto,0,2,True,3.0523149,3.0523094,200,thin,browser,emulated,False,response,True,1,1fca0289753eb2981bff32b44504848c2a8cbcf4eabc802456a77ceebc40f6c6,unavailable,False,False
r3-public31-instagram-post-auto,public31,instagram-post,3,auto,0,3,True,1.848298,1.8482933,200,thin,browser,emulated,False,response,True,1,1fca0289753eb2981bff32b44504848c2a8cbcf4eabc802456a77ceebc40f6c6,unavailable,False,False
r3-public31-instagram-post-native,public31,instagram-post,3,native,1,1,True,23.1884858,23.1884791,200,thin,warm,native,False,response,True,1,c9c3513873c0b4dafe628724ebb8b71d3ce807031dbc8a71f05974bcefc0a1b1,unavailable,False,False
r3-public31-instagram-post-native,public31,instagram-post,3,native,1,2,True,22.6474871,22.647481,200,thin,warm,native,False,response,True,1,c9c3513873c0b4dafe628724ebb8b71d3ce807031dbc8a71f05974bcefc0a1b1,unavailable,False,False
r3-public31-instagram-post-native,public31,instagram-post,3,native,1,3,True,21.7133425,21.7133351,200,thin,warm,native,False,response,True,1,c9c3513873c0b4dafe628724ebb8b71d3ce807031dbc8a71f05974bcefc0a1b1,unavailable,False,False
r3-public31-ceo-ca-auto,public31,ceo-ca,3,auto,0,1,True,4.9512643,4.9512496,200,thin,browser,emulated,False,response,True,1,e54398e831cbda80842c0d4c5a7d67d2da09d663d03a6c0172b08292c8b9f085,useful,True,True
r3-public31-ceo-ca-auto,public31,ceo-ca,3,auto,0,2,True,1.9152434,1.9152222,200,thin,browser,emulated,False,response,True,1,e54398e831cbda80842c0d4c5a7d67d2da09d663d03a6c0172b08292c8b9f085,useful,True,True
r3-public31-ceo-ca-auto,public31,ceo-ca,3,auto,0,3,True,1.8446057,1.8445909,200,thin,browser,emulated,False,response,True,1,e54398e831cbda80842c0d4c5a7d67d2da09d663d03a6c0172b08292c8b9f085,useful,True,True
r3-public31-ceo-ca-native,public31,ceo-ca,3,native,1,1,True,3.3983414,3.398327,200,thin,warm,native,False,response,True,1,5d18a149c1cad95322d69629867556d1b31229bbc74451c31e6cf65da43fe7ad,useful,True,True
r3-public31-ceo-ca-native,public31,ceo-ca,3,native,1,2,True,1.8961166,1.8960984,200,thin,warm,native,False,response,True,1,5d18a149c1cad95322d69629867556d1b31229bbc74451c31e6cf65da43fe7ad,useful,True,True
r3-public31-ceo-ca-native,public31,ceo-ca,3,native,1,3,True,1.9075918,1.9075731,200,thin,warm,native,False,response,True,1,5d18a149c1cad95322d69629867556d1b31229bbc74451c31e6cf65da43fe7ad,useful,True,True
r3-hard12-crunchbase-auto,hard12,crunchbase,3,auto,0,1,False,25.3733742,25.3733665,200,,warm,emulated,False,wall_or_error,True,1,8aac9432cf995c4aea60671776db85c581a2ac629a70ba43ccac6a42d20cdbc5,wall,False,False
r3-hard12-crunchbase-auto,hard12,crunchbase,3,auto,0,2,False,0.0001428,0.0001413,0,,,,False,local_deferral,True,1,741a693abfa635a5f3ddad57491e3b8aff1b6c8062a905dd09a88b1271fbd91b,unavailable,False,False
r3-hard12-crunchbase-auto,hard12,crunchbase,3,auto,0,3,False,9.26e-05,9.16e-05,0,,,,False,local_deferral,True,1,741a693abfa635a5f3ddad57491e3b8aff1b6c8062a905dd09a88b1271fbd91b,unavailable,False,False
r3-hard12-crunchbase-native,hard12,crunchbase,3,native,1,1,False,0.0016891,0.0016821,0,,,,False,local_deferral,True,1,741a693abfa635a5f3ddad57491e3b8aff1b6c8062a905dd09a88b1271fbd91b,unavailable,False,False
r3-hard12-crunchbase-native,hard12,crunchbase,3,native,1,2,False,7.36e-05,7.26e-05,0,,,,False,local_deferral,True,1,741a693abfa635a5f3ddad57491e3b8aff1b6c8062a905dd09a88b1271fbd91b,unavailable,False,False
r3-hard12-crunchbase-native,hard12,crunchbase,3,native,1,3,False,6.15e-05,6.05e-05,0,,,,False,local_deferral,True,1,741a693abfa635a5f3ddad57491e3b8aff1b6c8062a905dd09a88b1271fbd91b,unavailable,False,False
r3-public31-glassdoor-auto,public31,glassdoor,3,auto,0,1,True,13.8317367,13.8317189,200,thin,real,emulated,False,response,True,1,0dd04ecc71b1f7e704428b24884490bd07b74b21d64f40ff1bf12a5264b1d269,useful,True,True
r3-public31-glassdoor-auto,public31,glassdoor,3,auto,0,2,True,3.877507,3.877491,200,thin,browser,emulated,False,response,True,1,0dd04ecc71b1f7e704428b24884490bd07b74b21d64f40ff1bf12a5264b1d269,useful,True,True
r3-public31-glassdoor-auto,public31,glassdoor,3,auto,0,3,True,3.428629,3.4286062,200,thin,browser,emulated,False,response,True,1,0dd04ecc71b1f7e704428b24884490bd07b74b21d64f40ff1bf12a5264b1d269,useful,True,True
r3-public31-glassdoor-native,public31,glassdoor,3,native,1,1,True,4.3236485,4.3236241,200,thin,warm,native,False,response,True,1,0dd04ecc71b1f7e704428b24884490bd07b74b21d64f40ff1bf12a5264b1d269,useful,True,True
r3-public31-glassdoor-native,public31,glassdoor,3,native,1,2,True,2.8810893,2.8810697,200,thin,warm,native,False,response,True,1,0dd04ecc71b1f7e704428b24884490bd07b74b21d64f40ff1bf12a5264b1d269,useful,True,True
r3-public31-glassdoor-native,public31,glassdoor,3,native,1,3,True,2.6917358,2.6917183,304,thin,warm,native,False,response,True,1,f5ad46b8ddd2f821d4d5d249e4ba84a561f5a7cd9d5e67739a36ad6373a9ca80,useful,True,True
r3-hard12-zillow-native,hard12,zillow,3,native,0,1,True,9.4892018,9.4891924,200,thin,warm,native,False,response,True,1,a1944500372ba1dee8443640923139487644f662b826c441553172367582c966,partial,False,False
r3-hard12-zillow-native,hard12,zillow,3,native,0,2,False,57.7183026,57.7182973,200,,warm,native,False,wall_or_error,True,1,3c90e890dd012462d79b64c45fc2ec7c6a9859b897b015d483f13b94a6db6d0a,wall,False,False
r3-hard12-zillow-native,hard12,zillow,3,native,0,3,False,55.5250612,55.5250569,200,,warm,native,False,wall_or_error,True,1,daf3ea3b84aeacbca2eb37c10c60b606d977167fa35f21565b848dd43314c871,wall,False,False
r3-hard12-zillow-auto,hard12,zillow,3,auto,1,1,True,7.053089,7.0530801,200,thin,real,emulated,False,response,True,1,a1944500372ba1dee8443640923139487644f662b826c441553172367582c966,partial,False,False
r3-hard12-zillow-auto,hard12,zillow,3,auto,1,2,False,59.9181639,59.9181592,200,,warm,emulated,True,timeout,True,1,4a668ad885bb42f79f7c84ee9d5893067ca68d42cd2385569282d5f4988fd110,wall,False,False
r3-hard12-zillow-auto,hard12,zillow,3,auto,1,3,True,14.2029707,14.2029646,200,thin,browser,emulated,False,response,True,1,a1944500372ba1dee8443640923139487644f662b826c441553172367582c966,partial,False,False
r3-public31-reddit-native,public31,reddit,3,native,0,1,True,2.9121033,2.9120865,200,thin,warm,native,False,response,True,1,cbca2098a471c80bd5a4e38dc8b212b9e7a05dc1fe9e63fbbfe3aa00520e5125,useful,True,True
r3-public31-reddit-native,public31,reddit,3,native,0,2,True,2.3072093000000002,2.3071849,200,thin,warm,native,False,response,True,1,9b3820beb4106feeac4088a8ff618b2fec767b6bf31b81bb8150e3951083121c,useful,True,True
r3-public31-reddit-native,public31,reddit,3,native,0,3,True,2.5176992,2.5176598,200,thin,warm,native,False,response,True,1,2d1bbee7bd4863a79525b2e11df855588a6d33ff0488991b91712488d17a65b9,useful,True,True
r3-public31-reddit-auto,public31,reddit,3,auto,1,1,True,4.098167,4.0981429,200,thin,browser,emulated,False,response,True,1,d47eb993b390d0a9a7c78fabb5cfc6508f5cd70043022d0a8c62c9fedc57bbaa,useful,True,True
r3-public31-reddit-auto,public31,reddit,3,auto,1,2,True,2.2868792,2.2868611,200,thin,browser,emulated,False,response,True,1,8463101d991250508664b87c2f864fdd7528408b129c09a55b271e3999c4f7d2,useful,True,True
r3-public31-reddit-auto,public31,reddit,3,auto,1,3,True,2.4651844,2.4651574,200,thin,browser,emulated,False,response,True,1,d8dad650787361e808cb26a5938c1f6f8ce2f0d9a905108b3abf1d1c9530fcd2,useful,True,True
r3-vendors8-akamai-homedepot-auto,vendors8,akamai-homedepot,3,auto,0,1,True,9.7091179,9.709106,200,thin,warm,emulated,False,response,True,1,9d0bafbc4875627781143b4afdd76733e598520c8cef08db07b3ea2a7eb1450b,shell,False,False
r3-vendors8-akamai-homedepot-auto,vendors8,akamai-homedepot,3,auto,0,2,True,6.9370047,6.9369942,200,thin,real,emulated,False,response,True,1,afa5967c02eef4c893629bdd4eeee86150cc5ae620c0dc83a58e0c1363a00817,shell,False,False
r3-vendors8-akamai-homedepot-auto,vendors8,akamai-homedepot,3,auto,0,3,True,12.8125113,12.8125055,200,thin,real,emulated,False,response,True,1,afa5967c02eef4c893629bdd4eeee86150cc5ae620c0dc83a58e0c1363a00817,shell,False,False
r3-vendors8-akamai-homedepot-native,vendors8,akamai-homedepot,3,native,1,1,True,2.9613402,2.9613319000000002,200,thin,warm,native,False,response,True,1,c329af661eaead6a92e87f40b7f3d0501c068f0d86c4f3c4b119d7f813a52545,shell,False,False
r3-vendors8-akamai-homedepot-native,vendors8,akamai-homedepot,3,native,1,2,True,5.4594239,5.459417,200,thin,warm,native,False,response,True,1,6c2cc1721b4cd5bf6bb05200dad63b0cb4ce6043bf93c721644913643035e5ae,shell,False,False
r3-vendors8-akamai-homedepot-native,vendors8,akamai-homedepot,3,native,1,3,True,3.2786212,3.2786137,200,thin,warm,native,False,response,True,1,6c2cc1721b4cd5bf6bb05200dad63b0cb4ce6043bf93c721644913643035e5ae,shell,False,False
r3-vendors8-cloudflare-indeed-auto,vendors8,cloudflare-indeed,3,auto,0,1,True,5.3093518,5.3093304,200,thin,real,emulated,False,response,True,1,1e5d60b1798ba12e5e0993ca48e0f83e00e70a49fc21e76303e5212faa6749af,partial,False,False
r3-vendors8-cloudflare-indeed-auto,vendors8,cloudflare-indeed,3,auto,0,2,True,7.0255216,7.0255101,200,thin,real,emulated,False,response,True,1,bfb0b02094150234fec747477bec44742f6e1c7d71709b62d140652eaa69e7be,partial,False,False
r3-vendors8-cloudflare-indeed-auto,vendors8,cloudflare-indeed,3,auto,0,3,True,5.3637744,5.3637612,200,thin,browser,emulated,False,response,True,1,3189ad9cfee68bb18330edaa01daf09d9f5e77104dddc1279dcd1410b8b02837,partial,False,False
r3-vendors8-cloudflare-indeed-native,vendors8,cloudflare-indeed,3,native,1,1,True,4.2399018,4.2398858,200,thin,warm,native,False,response,True,1,f0aece0295742c5a35fcdc13696fc03b6b2d5ca74a830a7b9bc904abba90b8a8,partial,False,False
r3-vendors8-cloudflare-indeed-native,vendors8,cloudflare-indeed,3,native,1,2,True,3.9842573,3.98425,200,thin,warm,native,False,response,True,1,48e9798ec1986d22530770ea03865cb48f0aa8837448b80b088876c108c745b4,partial,False,False
r3-vendors8-cloudflare-indeed-native,vendors8,cloudflare-indeed,3,native,1,3,True,3.9520492000000003,3.9520324000000002,200,thin,warm,native,False,response,True,1,e9f818925c9edf3d4d791e89db1f416dbbc8b65ae3d65dc74f1b93e2283d809b,partial,False,False
r3-public31-sannysoft-auto,public31,sannysoft,3,auto,0,1,True,0.3862829,0.3862735,200,thin,http,emulated,False,response,True,1,f2a7718171dd378e35ad7dc3cee8c9228dd267cbccf2d71eadd53cf99542a701,diagnostic-only,False,False
r3-public31-sannysoft-auto,public31,sannysoft,3,auto,0,2,True,0.7189055,0.7188997,200,thin,http,emulated,False,response,True,1,f2a7718171dd378e35ad7dc3cee8c9228dd267cbccf2d71eadd53cf99542a701,diagnostic-only,False,False
r3-public31-sannysoft-auto,public31,sannysoft,3,auto,0,3,True,1.0112048,1.011199,200,thin,http,emulated,False,response,True,1,f2a7718171dd378e35ad7dc3cee8c9228dd267cbccf2d71eadd53cf99542a701,diagnostic-only,False,False
r3-public31-sannysoft-native,public31,sannysoft,3,native,1,1,True,5.4112333,5.411211,200,thin,warm,native,False,response,True,1,547c51f33117516a65d4d4be2a1c3d94e1ac398099536a2cdb879bc0147a2627,diagnostic-only,False,False
r3-public31-sannysoft-native,public31,sannysoft,3,native,1,2,True,1.8685448999999998,1.8685262,200,thin,warm,native,False,response,True,1,c18f33fb47abe2c8bdaf11a6fafab899a0b73adb446a4ff5aa4c98baef89ac53,diagnostic-only,False,False
r3-public31-sannysoft-native,public31,sannysoft,3,native,1,3,True,1.8053772000000001,1.8053702,200,thin,warm,native,False,response,True,1,521b2a7a52f87ba0d05cb2cc323ec5f088163752abb881764e050ef84b3fcf9d,diagnostic-only,False,False
r3-hard12-hackernews-auto,hard12,hackernews,3,auto,0,1,True,0.3865951,0.3865859,200,thin,http,emulated,False,response,True,1,3421fd276071d34c634da8227128413259249a11ed4569b7bbec13d48d99a665,useful,True,True
r3-hard12-hackernews-auto,hard12,hackernews,3,auto,0,2,True,0.7278639,0.7278572,200,thin,http,emulated,False,response,True,1,3421fd276071d34c634da8227128413259249a11ed4569b7bbec13d48d99a665,useful,True,True
r3-hard12-hackernews-auto,hard12,hackernews,3,auto,0,3,True,1.0004584,1.000449,200,thin,http,emulated,False,response,True,1,3421fd276071d34c634da8227128413259249a11ed4569b7bbec13d48d99a665,useful,True,True
r3-hard12-hackernews-native,hard12,hackernews,3,native,1,1,True,2.2589053,2.2588861,200,thin,warm,native,False,response,True,1,3421fd276071d34c634da8227128413259249a11ed4569b7bbec13d48d99a665,useful,True,True
r3-hard12-hackernews-native,hard12,hackernews,3,native,1,2,True,1.3968348,1.3968153,200,thin,warm,native,False,response,True,1,3421fd276071d34c634da8227128413259249a11ed4569b7bbec13d48d99a665,useful,True,True
r3-hard12-hackernews-native,hard12,hackernews,3,native,1,3,True,1.3928302000000001,1.3928109,200,thin,warm,native,False,response,True,1,3421fd276071d34c634da8227128413259249a11ed4569b7bbec13d48d99a665,useful,True,True
r3-public31-nowsecure-cf-auto,public31,nowsecure-cf,3,auto,0,1,True,3.308264,3.308256,200,thin,browser,emulated,False,response,True,1,f48402c8e452204b8ccadc105ec7bb61bd971e066fa27978cc4f843804b78b5a,diagnostic-only,False,False
r3-public31-nowsecure-cf-auto,public31,nowsecure-cf,3,auto,0,2,True,1.5399515,1.5399458,200,thin,browser,emulated,False,response,True,1,f48402c8e452204b8ccadc105ec7bb61bd971e066fa27978cc4f843804b78b5a,diagnostic-only,False,False
r3-public31-nowsecure-cf-auto,public31,nowsecure-cf,3,auto,0,3,True,2.2584412,2.2584353,200,thin,browser,emulated,False,response,True,1,f48402c8e452204b8ccadc105ec7bb61bd971e066fa27978cc4f843804b78b5a,diagnostic-only,False,False
r3-public31-nowsecure-cf-native,public31,nowsecure-cf,3,native,1,1,True,23.2039372,23.203929,200,thin,warm,native,False,response,True,1,f48402c8e452204b8ccadc105ec7bb61bd971e066fa27978cc4f843804b78b5a,diagnostic-only,False,False
r3-public31-nowsecure-cf-native,public31,nowsecure-cf,3,native,1,2,True,22.3472201,22.3472135,200,thin,warm,native,False,response,True,1,f48402c8e452204b8ccadc105ec7bb61bd971e066fa27978cc4f843804b78b5a,diagnostic-only,False,False
r3-public31-nowsecure-cf-native,public31,nowsecure-cf,3,native,1,3,True,22.3557615,22.355755,200,thin,warm,native,False,response,True,1,f48402c8e452204b8ccadc105ec7bb61bd971e066fa27978cc4f843804b78b5a,diagnostic-only,False,False
r3-vendors8-kasada-hyatt-native,vendors8,kasada-hyatt,3,native,0,1,False,55.6844447,55.6844391,200,,warm,native,False,wall_or_error,True,1,582e789eea74ff60ae137b77e961b00fb3d6eed4b091770ca719fb8b48c2af62,unavailable,False,False
r3-vendors8-kasada-hyatt-native,vendors8,kasada-hyatt,3,native,0,2,False,52.5721761,52.5721716,200,,warm,native,False,wall_or_error,True,1,582e789eea74ff60ae137b77e961b00fb3d6eed4b091770ca719fb8b48c2af62,unavailable,False,False
r3-vendors8-kasada-hyatt-native,vendors8,kasada-hyatt,3,native,0,3,False,53.4261557,53.4261504,200,,warm,native,False,wall_or_error,True,1,582e789eea74ff60ae137b77e961b00fb3d6eed4b091770ca719fb8b48c2af62,unavailable,False,False
r3-vendors8-kasada-hyatt-auto,vendors8,kasada-hyatt,3,auto,1,1,False,0.1727434,0.1727368,429,,http,emulated,False,wall_or_error,True,1,d9bb9a6d0d03402b2541c4c4e570192cd093e2574705f963dd1df740588e18ce,unavailable,False,False
r3-vendors8-kasada-hyatt-auto,vendors8,kasada-hyatt,3,auto,1,2,False,0.0002019,0.0002007,0,,,,False,local_deferral,True,1,dabbaad9d533765176977299dde83391a78dcf5f1a09dfc7d6a775b522e5d832,unavailable,False,False
r3-vendors8-kasada-hyatt-auto,vendors8,kasada-hyatt,3,auto,1,3,False,0.0001474,0.0001463,0,,,,False,local_deferral,True,1,dabbaad9d533765176977299dde83391a78dcf5f1a09dfc7d6a775b522e5d832,unavailable,False,False
r3-public31-tls-peet-auto,public31,tls-peet,3,auto,0,1,True,0.4688429,0.4688325,200,thin,http,emulated,False,response,True,1,49b6466b9388ad61ee4770ad8cca858e8b4d0c1cbb0f6909391f97c702694152,diagnostic-only,False,False
r3-public31-tls-peet-auto,public31,tls-peet,3,auto,0,2,True,0.8131749,0.8131686,200,thin,http,emulated,False,response,True,1,2b6c0870038a54774ae76709d2ff78d416ec22e623f888900145f297d19674bf,diagnostic-only,False,False
r3-public31-tls-peet-auto,public31,tls-peet,3,auto,0,3,True,0.9879299,0.9879229,200,thin,http,emulated,False,response,True,1,dcf9dc5ea1677da85b36f6746a7e000877d83896c8b2c8d409fb069aeed7dddf,diagnostic-only,False,False
r3-public31-tls-peet-native,public31,tls-peet,3,native,1,1,True,2.0812346,2.0812251,200,thin,warm,native,False,response,True,1,901c7b129e32f0ae3a79d9c76a8f20fb3e547e73fa82ecff295e6558c5953282,diagnostic-only,False,False
r3-public31-tls-peet-native,public31,tls-peet,3,native,1,2,True,1.4779278,1.4779183,200,thin,warm,native,False,response,True,1,87ecb80a54273d2318059e6288eb6720c084ef88ac03b560055c27b1cba2b56e,diagnostic-only,False,False
r3-public31-tls-peet-native,public31,tls-peet,3,native,1,3,True,1.4658305999999999,1.4658197,200,thin,warm,native,False,response,True,1,3a440a647230df284eee4f0ec78bd79e04b133544b093bd4cfdbeb56a2cc83d5,diagnostic-only,False,False
r3-public31-sedarplus-native,public31,sedarplus,3,native,0,1,True,23.6192035,23.6191963,200,thin,warm,native,False,response,True,1,673f139a149f7d900ede6dcd15c5d5ca55b3dbe1cd2eabce9cdc9637980f7b24,wall,False,False
r3-public31-sedarplus-native,public31,sedarplus,3,native,0,2,True,22.6813824,22.681375,200,thin,warm,native,False,response,True,1,771cfd7ef8fa0106e7e0b018b9ff12b93d5098f269b05e2d251fd4835387e114,wall,False,False
r3-public31-sedarplus-native,public31,sedarplus,3,native,0,3,True,22.2836568,22.2836478,200,thin,warm,native,False,response,True,1,96b3ce163e618edf12935bf28f20c6bbcbeae3985a2032e291c1bee1f77d3a55,wall,False,False
r3-public31-sedarplus-auto,public31,sedarplus,3,auto,1,1,True,0.6372871,0.6372755,200,full,http,emulated,False,response,True,1,86cc88c59d74bf3997c08c33bab3f891d96d55deb9da54ec5d83690a5576519d,useful,True,True
r3-public31-sedarplus-auto,public31,sedarplus,3,auto,1,2,True,0.852583,0.8525772,200,full,http,emulated,False,response,True,1,86cc88c59d74bf3997c08c33bab3f891d96d55deb9da54ec5d83690a5576519d,useful,True,True
r3-public31-sedarplus-auto,public31,sedarplus,3,auto,1,3,True,1.0172744,1.0172675,200,full,http,emulated,False,response,True,1,86cc88c59d74bf3997c08c33bab3f891d96d55deb9da54ec5d83690a5576519d,useful,True,True
r3-public31-browserleaks-tls-native,public31,browserleaks-tls,3,native,0,1,True,2.1094986000000002,2.1094879,200,thin,warm,native,False,response,True,1,80e19363a9f8aae173d3c17bfdbcc2c23aa60fea2fb06abd092561acc5217e44,diagnostic-only,False,False
r3-public31-browserleaks-tls-native,public31,browserleaks-tls,3,native,0,2,True,1.5184568999999999,1.5184511,200,thin,warm,native,False,response,True,1,80e19363a9f8aae173d3c17bfdbcc2c23aa60fea2fb06abd092561acc5217e44,diagnostic-only,False,False
r3-public31-browserleaks-tls-native,public31,browserleaks-tls,3,native,0,3,True,1.5130081,1.5130025,200,thin,warm,native,False,response,True,1,80e19363a9f8aae173d3c17bfdbcc2c23aa60fea2fb06abd092561acc5217e44,diagnostic-only,False,False
r3-public31-browserleaks-tls-auto,public31,browserleaks-tls,3,auto,1,1,True,0.4530116,0.4530013,200,thin,http,emulated,False,response,True,1,49e6b285f0b4eff7adbaf4cb04cf9108285ca0cc9afd15c8713a117f2c635339,diagnostic-only,False,False
r3-public31-browserleaks-tls-auto,public31,browserleaks-tls,3,auto,1,2,True,0.7739636,0.7739577,200,thin,http,emulated,False,response,True,1,0c829a0fd3425d92e1ddc40f28487800edfa815ac7cf32d471ead9d758496e90,diagnostic-only,False,False
r3-public31-browserleaks-tls-auto,public31,browserleaks-tls,3,auto,1,3,True,0.9960723,0.996066,200,thin,http,emulated,False,response,True,1,181bc8ba1de480eefa80609d527a51180cde9ed4a447dce4e98caa8fe1741163,diagnostic-only,False,False
r3-hard12-idealista-auto,hard12,idealista,3,auto,0,1,True,33.9541658,33.9541402,200,thin,warm,native,True,response,True,1,bd2ae5adaac1d143d449eea0f435bf1c0730a5bc38414f717e2bc08da4f0752e,useful,True,True
r3-hard12-idealista-auto,hard12,idealista,3,auto,0,2,True,46.3477533,46.347728,200,thin,warm,native,True,response,True,1,bd2ae5adaac1d143d449eea0f435bf1c0730a5bc38414f717e2bc08da4f0752e,useful,True,True
r3-hard12-idealista-auto,hard12,idealista,3,auto,0,3,True,37.191616,37.1915858,200,thin,warm,native,True,response,True,1,76b81607763f17d65cd7ac79de48b031f42dd84d1da13ded242fed36be687f1f,useful,True,True
r3-hard12-idealista-native,hard12,idealista,3,native,1,1,True,7.3161621,7.3161383,200,thin,warm,native,False,response,True,1,76b81607763f17d65cd7ac79de48b031f42dd84d1da13ded242fed36be687f1f,useful,True,True
r3-hard12-idealista-native,hard12,idealista,3,native,1,2,True,4.5528119,4.552784,200,thin,warm,native,False,response,True,1,76b81607763f17d65cd7ac79de48b031f42dd84d1da13ded242fed36be687f1f,useful,True,True
r3-hard12-idealista-native,hard12,idealista,3,native,1,3,True,8.2756312,8.2756022,200,thin,warm,native,False,response,True,1,76b81607763f17d65cd7ac79de48b031f42dd84d1da13ded242fed36be687f1f,useful,True,True
r3-public31-bot-incolumitas-auto,public31,bot-incolumitas,3,auto,0,1,True,0.7890425,0.7890338,200,full,http,emulated,False,response,True,1,c8171629aae01e2c3a2c33c5ddbf2a8d7a30c154d665252896b00b479707409a,diagnostic-only,False,False
r3-public31-bot-incolumitas-auto,public31,bot-incolumitas,3,auto,0,2,True,0.3822876,0.3822785,200,full,http,emulated,False,response,True,1,c8171629aae01e2c3a2c33c5ddbf2a8d7a30c154d665252896b00b479707409a,diagnostic-only,False,False
r3-public31-bot-incolumitas-auto,public31,bot-incolumitas,3,auto,0,3,True,1.0155658,1.0155575,200,full,http,emulated,False,response,True,1,c8171629aae01e2c3a2c33c5ddbf2a8d7a30c154d665252896b00b479707409a,diagnostic-only,False,False
r3-public31-bot-incolumitas-native,public31,bot-incolumitas,3,native,1,1,True,2.7331543,2.7331282999999997,200,full,warm,native,False,response,True,1,b8e4dffecb2448ec1bf88cce7f65b2313b58128f415114c15503c53f8b8c21e6,diagnostic-only,False,False
r3-public31-bot-incolumitas-native,public31,bot-incolumitas,3,native,1,2,True,2.1807857,2.18076,200,full,warm,native,False,response,True,1,319160a32e218cf74d2d439dcaeeb70eb47a8a59dc08895e0bbb5bfad644e69b,diagnostic-only,False,False
r3-public31-bot-incolumitas-native,public31,bot-incolumitas,3,native,1,3,True,2.2435513,2.2435265,200,full,warm,native,False,response,True,1,104058c824d07f493c2375d7c76fe9fdcac4f390a80098b68dfcf8cea6df6597,diagnostic-only,False,False
r3-public31-x-explore-native,public31,x-explore,3,native,0,1,False,25.4581848,25.4581785,200,,warm,native,False,wall_or_error,True,1,5c66dcd5389e5bb95cc52f5dce4bfa7fdbb04bd20cf513fa8c05d685d79be04b,wall,False,False
r3-public31-x-explore-native,public31,x-explore,3,native,0,2,False,22.6811517,22.6811467,200,,warm,native,False,wall_or_error,True,1,5c66dcd5389e5bb95cc52f5dce4bfa7fdbb04bd20cf513fa8c05d685d79be04b,wall,False,False
r3-public31-x-explore-native,public31,x-explore,3,native,0,3,False,22.8984148,22.8984092,200,,warm,native,False,wall_or_error,True,1,5c66dcd5389e5bb95cc52f5dce4bfa7fdbb04bd20cf513fa8c05d685d79be04b,wall,False,False
r3-public31-x-explore-auto,public31,x-explore,3,auto,1,1,False,59.9143394,59.914333,200,,warm,emulated,True,timeout,True,1,5c66dcd5389e5bb95cc52f5dce4bfa7fdbb04bd20cf513fa8c05d685d79be04b,wall,False,False
r3-public31-x-explore-auto,public31,x-explore,3,auto,1,2,False,59.9111795,59.911174,200,,real,emulated,False,timeout,True,1,5c66dcd5389e5bb95cc52f5dce4bfa7fdbb04bd20cf513fa8c05d685d79be04b,wall,False,False
r3-public31-x-explore-auto,public31,x-explore,3,auto,1,3,False,56.0635808,56.0635737,200,,warm,emulated,False,wall_or_error,True,1,5c66dcd5389e5bb95cc52f5dce4bfa7fdbb04bd20cf513fa8c05d685d79be04b,wall,False,False
r3-hard12-example-native,hard12,example,3,native,0,1,True,23.0878729,23.0878628,200,thin,warm,native,False,response,True,1,7a5d955914cbd88734d88d9d6a43bcf1c4cdfe8fd2ebd014f44522ca1e6f35a6,useful,True,True
r3-hard12-example-native,hard12,example,3,native,0,2,True,22.1148558,22.1148494,200,thin,warm,native,False,response,True,1,7a5d955914cbd88734d88d9d6a43bcf1c4cdfe8fd2ebd014f44522ca1e6f35a6,useful,True,True
r3-hard12-example-native,hard12,example,3,native,0,3,True,22.1642621,22.1642554,200,thin,warm,native,False,response,True,1,7a5d955914cbd88734d88d9d6a43bcf1c4cdfe8fd2ebd014f44522ca1e6f35a6,useful,True,True
r3-hard12-example-auto,hard12,example,3,auto,1,1,True,0.1983812,0.1983725,200,thin,http,emulated,False,response,True,1,7a5d955914cbd88734d88d9d6a43bcf1c4cdfe8fd2ebd014f44522ca1e6f35a6,useful,True,True
r3-hard12-example-auto,hard12,example,3,auto,1,2,True,0.8591758,0.8591703,200,thin,http,emulated,False,response,True,1,7a5d955914cbd88734d88d9d6a43bcf1c4cdfe8fd2ebd014f44522ca1e6f35a6,useful,True,True
r3-hard12-example-auto,hard12,example,3,auto,1,3,True,1.0121062,1.0121017,200,thin,http,emulated,False,response,True,1,7a5d955914cbd88734d88d9d6a43bcf1c4cdfe8fd2ebd014f44522ca1e6f35a6,useful,True,True
r3-hard12-indeed-native,hard12,indeed,3,native,0,1,True,4.9387957,4.9387751,200,thin,warm,native,False,response,True,1,36cf97c8e0215306115c42f0ae474a7da3080ac698db41ef44d3c61a8d9f119f,partial,False,False
r3-hard12-indeed-native,hard12,indeed,3,native,0,2,True,4.2640804,4.2640585,200,thin,warm,native,False,response,True,1,acf04cf8608436cbacf14799cb08aacd966e533febd355a453a8be884b19d81c,partial,False,False
r3-hard12-indeed-native,hard12,indeed,3,native,0,3,True,4.6788161,4.6787988,200,thin,warm,native,False,response,True,1,fd9c8844753bdb2198cbdedf38da6c9f103f9958112732c960af1f1f52320107,partial,False,False
r3-hard12-indeed-auto,hard12,indeed,3,auto,1,1,True,6.2665243,6.266499,200,thin,real,emulated,False,response,True,1,34f9ae506511b9f9c864444a1e126fb90d0f9ee0204a709b86286e7a7dadbfbf,partial,False,False
r3-hard12-indeed-auto,hard12,indeed,3,auto,1,2,True,11.6880238,11.687995,200,thin,real,emulated,False,response,True,1,3a8fdbe2f01eb37999ee2cd88ebd947af419387a6a490b593f6c01dfdae87a93,partial,False,False
r3-hard12-indeed-auto,hard12,indeed,3,auto,1,3,True,7.1014268,7.1014109,200,thin,browser,emulated,False,response,True,1,323cb358795e31be0e056d62a8b1dc887b68f6d6f45ee6e77c0d5a18a0d92e5b,partial,False,False
r3-vendors8-datadome-g2-native,vendors8,datadome-g2,3,native,0,1,False,3.2691509,3.2691442,0,,,,False,wall_or_error,True,1,f5f0fe638ed1ed8aacff7f083479fe69bd0ae6f123b97a4fc8990155107f06ed,unavailable,False,False
r3-vendors8-datadome-g2-native,vendors8,datadome-g2,3,native,0,2,True,3.8909768,3.8909561,200,thin,warm,native,False,response,True,1,52d88fd8475e5caec4b016dbd4bffbe6566532d9c55113e5c0eb6bf66577ad38,useful,True,True
r3-vendors8-datadome-g2-native,vendors8,datadome-g2,3,native,0,3,True,3.5420717,3.5420513,200,thin,warm,native,False,response,True,1,115100e66d3cc698d6e990fd080bfdcad141e5a0894b135f0a10dd922a87b0b0,useful,True,True
r3-vendors8-datadome-g2-auto,vendors8,datadome-g2,3,auto,1,1,False,30.2594959,30.2594891,200,,warm,emulated,True,wall_or_error,True,1,2cedcc2cda28bce12e8d875f5613c706645b1da7b104e7677b489a1b224fe174,unavailable,False,False
r3-vendors8-datadome-g2-auto,vendors8,datadome-g2,3,auto,1,2,False,0.0001018,0.0001008,0,,,,False,local_deferral,True,1,f5f0fe638ed1ed8aacff7f083479fe69bd0ae6f123b97a4fc8990155107f06ed,unavailable,False,False
r3-vendors8-datadome-g2-auto,vendors8,datadome-g2,3,auto,1,3,False,1.99e-05,1.91e-05,0,,,,False,local_deferral,True,1,f5f0fe638ed1ed8aacff7f083479fe69bd0ae6f123b97a4fc8990155107f06ed,unavailable,False,False
r3-public31-browserleaks-auto,public31,browserleaks,3,auto,0,1,True,0.3020926,0.3020802,200,thin,http,emulated,False,response,True,1,53cbe71a9c3115b89cce434f1d6f736a059e4b81e9671a789f6990967006406f,diagnostic-only,False,False
r3-public31-browserleaks-auto,public31,browserleaks,3,auto,0,2,True,0.7796601,0.7796505,200,thin,http,emulated,False,response,True,1,53cbe71a9c3115b89cce434f1d6f736a059e4b81e9671a789f6990967006406f,diagnostic-only,False,False
r3-public31-browserleaks-auto,public31,browserleaks,3,auto,0,3,True,1.005244,1.0052362,200,thin,http,emulated,False,response,True,1,53cbe71a9c3115b89cce434f1d6f736a059e4b81e9671a789f6990967006406f,diagnostic-only,False,False
r3-public31-browserleaks-native,public31,browserleaks,3,native,1,1,True,2.2388917,2.2388733,200,thin,warm,native,False,response,True,1,f087a75fa79b7f4819faafe04020ba03d4d4e3963f063d1e542bcd060bedadeb,diagnostic-only,False,False
r3-public31-browserleaks-native,public31,browserleaks,3,native,1,2,True,1.4726672,1.4726477,200,thin,warm,native,False,response,True,1,0cc26ced2246793410db90a8cd99257f3a272d9243ba8a2fe04e69610dd2e10d,diagnostic-only,False,False
r3-public31-browserleaks-native,public31,browserleaks,3,native,1,3,True,1.4955893,1.4955737,200,thin,warm,native,False,response,True,1,e9728df8043e4ba4b7f5556d3aa8627ee955da63f52196781d9e8c193108ef48,diagnostic-only,False,False
r3-public31-creepjs-native,public31,creepjs,3,native,0,1,True,2.4507458,2.4507391,200,full,warm,native,False,response,True,1,ed61b53b0992ba42ea21adf916248068e97d405c2de360d63106abd9ff4fc018,diagnostic-only,False,False
r3-public31-creepjs-native,public31,creepjs,3,native,0,2,True,1.4965095,1.4965036999999999,200,full,warm,native,False,response,True,1,ed61b53b0992ba42ea21adf916248068e97d405c2de360d63106abd9ff4fc018,diagnostic-only,False,False
r3-public31-creepjs-native,public31,creepjs,3,native,0,3,True,1.4804933,1.4804865,200,full,warm,native,False,response,True,1,ed61b53b0992ba42ea21adf916248068e97d405c2de360d63106abd9ff4fc018,diagnostic-only,False,False
r3-public31-creepjs-auto,public31,creepjs,3,auto,1,1,True,0.0795578,0.0795497,200,full,http,emulated,False,response,True,1,ed61b53b0992ba42ea21adf916248068e97d405c2de360d63106abd9ff4fc018,diagnostic-only,False,False
r3-public31-creepjs-auto,public31,creepjs,3,auto,1,2,True,0.9502088,0.950203,200,full,http,emulated,False,response,True,1,ed61b53b0992ba42ea21adf916248068e97d405c2de360d63106abd9ff4fc018,diagnostic-only,False,False
r3-public31-creepjs-auto,public31,creepjs,3,auto,1,3,True,1.0135049,1.0134993,200,full,http,emulated,False,response,True,1,ed61b53b0992ba42ea21adf916248068e97d405c2de360d63106abd9ff4fc018,diagnostic-only,False,False
r3-public31-pixelscan-fp-native,public31,pixelscan-fp,3,native,0,1,True,8.0438321,8.0438222,200,thin,warm,native,False,response,True,1,d683c8f9199d4b11169585d96b99fbd5811a13a2fcb88d9480f9973361e13387,diagnostic-only,False,False
r3-public31-pixelscan-fp-native,public31,pixelscan-fp,3,native,0,2,True,2.9363072,2.936299,200,thin,warm,native,False,response,True,1,3bdfc711872634b6e55cdfc433bf3a132fb351d72dae789d20cfa13fd2428e79,diagnostic-only,False,False
r3-public31-pixelscan-fp-native,public31,pixelscan-fp,3,native,0,3,True,3.4099739,3.4099551,200,thin,warm,native,False,response,True,1,9565c9c69a5ae2b7f135e01aa3865fd8ad162b4dfc4bd5b4cfd0e239de8487bd,diagnostic-only,False,False
r3-public31-pixelscan-fp-auto,public31,pixelscan-fp,3,auto,1,1,True,1.9112865,1.9112768,200,thin,http,emulated,False,response,True,1,84779cbc165c9b51e9807708ad2f6e35cf13b42eb374447f6696704b4dbefac5,diagnostic-only,False,False
r3-public31-pixelscan-fp-auto,public31,pixelscan-fp,3,auto,1,2,True,0.8294062,0.8294002,200,thin,http,emulated,False,response,True,1,84779cbc165c9b51e9807708ad2f6e35cf13b42eb374447f6696704b4dbefac5,diagnostic-only,False,False
r3-public31-pixelscan-fp-auto,public31,pixelscan-fp,3,auto,1,3,True,1.0766965,1.076688,200,thin,http,emulated,False,response,True,1,84779cbc165c9b51e9807708ad2f6e35cf13b42eb374447f6696704b4dbefac5,diagnostic-only,False,False
r3-vendors8-datadome-idealista-auto,vendors8,datadome-idealista,3,auto,0,1,False,32.1921426,32.1921295,200,,warm,emulated,False,wall_or_error,True,1,de102d0afd9df486f41cf16d563a4a099c55e6f36100a7667da6d50202c6781a,unavailable,False,False
r3-vendors8-datadome-idealista-auto,vendors8,datadome-idealista,3,auto,0,2,False,8.8e-05,8.65e-05,0,,,,False,local_deferral,True,1,aa20214658ca523f6fd19adeba1f8335d9b977485b614b47f7929e32e1fe358d,unavailable,False,False
r3-vendors8-datadome-idealista-auto,vendors8,datadome-idealista,3,auto,0,3,False,2.44e-05,2.33e-05,0,,,,False,local_deferral,True,1,aa20214658ca523f6fd19adeba1f8335d9b977485b614b47f7929e32e1fe358d,unavailable,False,False
r3-vendors8-datadome-idealista-native,vendors8,datadome-idealista,3,native,1,1,False,0.0016176,0.0016116,0,,,,False,local_deferral,True,1,aa20214658ca523f6fd19adeba1f8335d9b977485b614b47f7929e32e1fe358d,unavailable,False,False
r3-vendors8-datadome-idealista-native,vendors8,datadome-idealista,3,native,1,2,False,9.53e-05,9.39e-05,0,,,,False,local_deferral,True,1,aa20214658ca523f6fd19adeba1f8335d9b977485b614b47f7929e32e1fe358d,unavailable,False,False
r3-vendors8-datadome-idealista-native,vendors8,datadome-idealista,3,native,1,3,False,7.43e-05,7.33e-05,0,,,,False,local_deferral,True,1,aa20214658ca523f6fd19adeba1f8335d9b977485b614b47f7929e32e1fe358d,unavailable,False,False
r3-vendors8-akamai-newegg-native,vendors8,akamai-newegg,3,native,0,1,True,7.4742032,7.4741723,204,thin,warm,native,False,response,True,1,0938fda8b87e4ac7d35a7cb0ff3acf0ec2b90be3a7fb12e2d408c7788024f3ed,useful,True,True
r3-vendors8-akamai-newegg-native,vendors8,akamai-newegg,3,native,0,2,True,6.9889089,6.9888859,204,thin,warm,native,False,response,True,1,22f535d929a8c35ed08376f0167bdf8db6fb726dc4c3ef8482153838abec0161,useful,True,True
r3-vendors8-akamai-newegg-native,vendors8,akamai-newegg,3,native,0,3,True,6.998895,6.998867,200,thin,warm,native,False,response,True,1,59fe6f5907391d296b8fe301c88a9ec5ed3d8c15fbba99266344d994398ddb5b,useful,True,True
r3-vendors8-akamai-newegg-auto,vendors8,akamai-newegg,3,auto,1,1,True,0.3219842,0.3219718,200,thin,http,emulated,False,response,True,1,5efbddaa01e1a402da706b43d6338eb720e994967bb656bfbcc3f49db87bc907,useful,True,True
r3-vendors8-akamai-newegg-auto,vendors8,akamai-newegg,3,auto,1,2,True,0.8445009,0.8444826,200,thin,http,emulated,False,response,True,1,5efbddaa01e1a402da706b43d6338eb720e994967bb656bfbcc3f49db87bc907,useful,True,True
r3-vendors8-akamai-newegg-auto,vendors8,akamai-newegg,3,auto,1,3,True,1.0167222,1.0167106,200,thin,http,emulated,False,response,True,1,5efbddaa01e1a402da706b43d6338eb720e994967bb656bfbcc3f49db87bc907,useful,True,True
r3-public31-booking-search-auto,public31,booking-search,3,auto,0,1,True,8.9625099,8.9624936,200,thin,stealth,emulated,False,response,True,1,c468f369e48d7b94cd11f1cf79f8fb4543a6f5ea9907a140161c4a3a6cb7eb9e,useful,True,True
r3-public31-booking-search-auto,public31,booking-search,3,auto,0,2,True,4.9775249,4.9775164,200,thin,browser,emulated,False,response,True,1,c468f369e48d7b94cd11f1cf79f8fb4543a6f5ea9907a140161c4a3a6cb7eb9e,useful,True,True
r3-public31-booking-search-auto,public31,booking-search,3,auto,0,3,True,3.3372693,3.3372532,200,thin,browser,emulated,False,response,True,1,c468f369e48d7b94cd11f1cf79f8fb4543a6f5ea9907a140161c4a3a6cb7eb9e,useful,True,True
r3-public31-booking-search-native,public31,booking-search,3,native,1,1,True,4.3824555,4.3824391,200,thin,warm,native,False,response,True,1,82740b3f5249e6450be5bc10c7f00375d77bd6927945627cf8dbeff842096651,useful,True,True
r3-public31-booking-search-native,public31,booking-search,3,native,1,2,True,2.7943835999999997,2.7943641,200,thin,warm,native,False,response,True,1,9dda030a93c28736d1a4f5e7b89f5a9d3a747f62d821c86bc4bf0ca8b2ffe7a2,useful,True,True
r3-public31-booking-search-native,public31,booking-search,3,native,1,3,True,2.7861991,2.7861890000000002,200,thin,warm,native,False,response,True,1,9dda030a93c28736d1a4f5e7b89f5a9d3a747f62d821c86bc4bf0ca8b2ffe7a2,useful,True,True
r3-hard12-stackoverflow-auto,hard12,stackoverflow,3,auto,0,1,True,6.641393,6.6413804,200,thin,stealth,emulated,False,response,True,1,062b83f61c89397d2e4c61587cb78e784ec884fbd27ea5c734efa9057bc87f19,useful,True,True
r3-hard12-stackoverflow-auto,hard12,stackoverflow,3,auto,0,2,True,2.0288046,2.0287841,200,thin,browser,emulated,False,response,True,1,062b83f61c89397d2e4c61587cb78e784ec884fbd27ea5c734efa9057bc87f19,useful,True,True
r3-hard12-stackoverflow-auto,hard12,stackoverflow,3,auto,0,3,True,1.9125399,1.9125269,200,thin,browser,emulated,False,response,True,1,062b83f61c89397d2e4c61587cb78e784ec884fbd27ea5c734efa9057bc87f19,useful,True,True
r3-hard12-stackoverflow-native,hard12,stackoverflow,3,native,1,1,True,2.5986704,2.5986615,200,thin,warm,native,False,response,True,1,062b83f61c89397d2e4c61587cb78e784ec884fbd27ea5c734efa9057bc87f19,useful,True,True
r3-hard12-stackoverflow-native,hard12,stackoverflow,3,native,1,2,True,1.8695454,1.8695283,200,thin,warm,native,False,response,True,1,062b83f61c89397d2e4c61587cb78e784ec884fbd27ea5c734efa9057bc87f19,useful,True,True
r3-hard12-stackoverflow-native,hard12,stackoverflow,3,native,1,3,True,1.9126686,1.9126518,200,thin,warm,native,False,response,True,1,062b83f61c89397d2e4c61587cb78e784ec884fbd27ea5c734efa9057bc87f19,useful,True,True
r3-public31-rebrowser-detector-native,public31,rebrowser-detector,3,native,0,1,True,2.4404629,2.4404554,200,thin,warm,native,False,response,True,1,77808371b624757c0500e6a10749894be143b98e2882030b7065aca43200e628,diagnostic-only,False,False
r3-public31-rebrowser-detector-native,public31,rebrowser-detector,3,native,0,2,True,1.4252077,1.4251985999999999,200,thin,warm,native,False,response,True,1,a9622f20aa318888b35a30c9f3affd06c625e8331f485165984183de9d6eed60,diagnostic-only,False,False
r3-public31-rebrowser-detector-native,public31,rebrowser-detector,3,native,0,3,True,1.4333794,1.4333725,200,thin,warm,native,False,response,True,1,32fafd393a1eb2ed17df713f4ebf58f4d31a8e42380ccad532fcdeacf5424687,diagnostic-only,False,False
r3-public31-rebrowser-detector-auto,public31,rebrowser-detector,3,auto,1,1,True,0.2701663,0.2701588,200,full,http,emulated,False,response,True,1,dd129aeb7dfd7cfdcfebdc8499384e5333bcbb8c812e2dafb9cd3d39a43de145,diagnostic-only,False,False
r3-public31-rebrowser-detector-auto,public31,rebrowser-detector,3,auto,1,2,True,0.8265432,0.8265364,200,full,http,emulated,False,response,True,1,dd129aeb7dfd7cfdcfebdc8499384e5333bcbb8c812e2dafb9cd3d39a43de145,diagnostic-only,False,False
r3-public31-rebrowser-detector-auto,public31,rebrowser-detector,3,auto,1,3,True,1.021845,1.0218389,200,full,http,emulated,False,response,True,1,dd129aeb7dfd7cfdcfebdc8499384e5333bcbb8c812e2dafb9cd3d39a43de145,diagnostic-only,False,False
r3-public31-crunchbase-cf-native,public31,crunchbase-cf,3,native,0,1,False,0.0017817,0.0017735,0,,,,False,local_deferral,True,1,b3bf3d5dca098e39a76c797f11f09d4b2800feac8f7e2349dca1aa3b8c85fde7,unavailable,False,False
r3-public31-crunchbase-cf-native,public31,crunchbase-cf,3,native,0,2,False,8.68e-05,8.52e-05,0,,,,False,local_deferral,True,1,b3bf3d5dca098e39a76c797f11f09d4b2800feac8f7e2349dca1aa3b8c85fde7,unavailable,False,False
r3-public31-crunchbase-cf-native,public31,crunchbase-cf,3,native,0,3,False,6.81e-05,6.69e-05,0,,,,False,local_deferral,True,1,b3bf3d5dca098e39a76c797f11f09d4b2800feac8f7e2349dca1aa3b8c85fde7,unavailable,False,False
r3-public31-crunchbase-cf-auto,public31,crunchbase-cf,3,auto,1,1,False,0.0019529,0.0019465,0,,,,False,local_deferral,True,1,b3bf3d5dca098e39a76c797f11f09d4b2800feac8f7e2349dca1aa3b8c85fde7,unavailable,False,False
r3-public31-crunchbase-cf-auto,public31,crunchbase-cf,3,auto,1,2,False,0.0001093,0.0001079,0,,,,False,local_deferral,True,1,b3bf3d5dca098e39a76c797f11f09d4b2800feac8f7e2349dca1aa3b8c85fde7,unavailable,False,False
r3-public31-crunchbase-cf-auto,public31,crunchbase-cf,3,auto,1,3,False,7.5e-05,7.37e-05,0,,,,False,local_deferral,True,1,b3bf3d5dca098e39a76c797f11f09d4b2800feac8f7e2349dca1aa3b8c85fde7,unavailable,False,False
r3-public31-stockwatch-native,public31,stockwatch,3,native,0,1,True,24.0657748,24.0657653,200,thin,warm,native,False,response,True,1,3dcc74e836ad6a6acd7401b0d125950055243ce39af68a3a1a29588032a37e28,useful,True,True
r3-public31-stockwatch-native,public31,stockwatch,3,native,0,2,True,22.9001488,22.9001365,200,thin,warm,native,False,response,True,1,fbbb2576f9f6b14d644569d8a0b20d8391c696e1bc2681d57fc8ae578c469d4c,useful,True,True
r3-public31-stockwatch-native,public31,stockwatch,3,native,0,3,True,22.8132078,22.8131973,200,thin,warm,native,False,response,True,1,26d3476b9a97fa9c82a113332dd9a12ed025392086a36a6903536f5664898771,useful,True,True
r3-public31-stockwatch-auto,public31,stockwatch,3,auto,1,1,True,0.5053323,0.5053211,200,full,http,emulated,False,response,True,1,890d1d7738961f2a9721fea8d5ab2895dba85bbb7e0f098068689793dce4ed13,useful,True,True
r3-public31-stockwatch-auto,public31,stockwatch,3,auto,1,2,True,0.7653613,0.7653463,200,full,http,emulated,False,response,True,1,a74a436314a1a7d7187a33bf3dfed6285aeca40b8978d7ae66fcaa834a5856d2,useful,True,True
r3-public31-stockwatch-auto,public31,stockwatch,3,auto,1,3,True,0.9250785,0.9250635,200,full,http,emulated,False,response,True,1,398bbcd092ab695e0311ec6385e9fde8e4bfaafa47538f8bd829c7ed9ce230a3,useful,True,True
r3-vendors8-kasada-twitch-auto,vendors8,kasada-twitch,3,auto,0,1,True,4.2009997,4.2009808,200,thin,browser,emulated,False,response,True,1,87f7847754e2db189d70fe1e30c05e0eedb8dc627e1689f6d10f43663c034de8,useful,True,True
r3-vendors8-kasada-twitch-auto,vendors8,kasada-twitch,3,auto,0,2,True,5.7157537000000005,5.7157314,200,thin,browser,emulated,False,response,True,1,87f7847754e2db189d70fe1e30c05e0eedb8dc627e1689f6d10f43663c034de8,useful,True,True
r3-vendors8-kasada-twitch-auto,vendors8,kasada-twitch,3,auto,0,3,True,1.7408136,1.7407944,200,thin,browser,emulated,False,response,True,1,c5432db85cf2d361cd19eeb72b07b79e4625e4ef3687844bc8c0394289e76760,useful,True,True
r3-vendors8-kasada-twitch-native,vendors8,kasada-twitch,3,native,1,1,True,2.4651309,2.4651234,200,thin,warm,native,False,response,True,1,480c2a38189e6221d56c7d8d173396c78f6e1220a749f57824b589f70c48a8d4,useful,True,True
r3-vendors8-kasada-twitch-native,vendors8,kasada-twitch,3,native,1,2,True,1.7808243,1.7808101,200,thin,warm,native,False,response,True,1,a1b0898a7177e09bf7e01c6c50dc7a27fcfe394b2f1db681c434da7875b1fb79,useful,True,True
r3-vendors8-kasada-twitch-native,vendors8,kasada-twitch,3,native,1,3,True,1.6680157,1.6679971,200,thin,warm,native,False,response,True,1,c67020ceef28ec68db673606e9e457ec328ddff1bea997c2ccbf5dd33fb1c04c,useful,True,True
r3-hard12-wikipedia-native,hard12,wikipedia,3,native,0,1,True,2.2203308,2.2200003,200,full,warm,native,False,response,False,1,748c74e535c1e07e70524cc0be0109378bec591ded8fc23cd2ff3f28fe5deb7a,useful,True,True
r3-hard12-wikipedia-native,hard12,wikipedia,3,native,0,2,True,1.6236503,1.6232265,200,full,warm,native,False,response,False,1,748c74e535c1e07e70524cc0be0109378bec591ded8fc23cd2ff3f28fe5deb7a,useful,True,True
r3-hard12-wikipedia-native,hard12,wikipedia,3,native,0,3,True,1.6240086,1.6236782,200,full,warm,native,False,response,False,1,748c74e535c1e07e70524cc0be0109378bec591ded8fc23cd2ff3f28fe5deb7a,useful,True,True
r3-hard12-wikipedia-auto,hard12,wikipedia,3,auto,1,1,True,0.3213085,0.320941,200,full,http,emulated,False,response,False,1,ec30726ca04dfa0339338e9d2f280634e16ea41708adecc016ff0215af3dcc42,useful,True,True
r3-hard12-wikipedia-auto,hard12,wikipedia,3,auto,1,2,True,0.823682,0.8233425,200,full,http,emulated,False,response,False,1,ec30726ca04dfa0339338e9d2f280634e16ea41708adecc016ff0215af3dcc42,useful,True,True
r3-hard12-wikipedia-auto,hard12,wikipedia,3,auto,1,3,True,0.9706744,0.9703289,200,full,http,emulated,False,response,False,1,ec30726ca04dfa0339338e9d2f280634e16ea41708adecc016ff0215af3dcc42,useful,True,True
r3-public31-google-search-native,public31,google-search,3,native,0,1,True,3.3124024,3.3123925,200,thin,warm,native,False,response,True,1,4ae2716af7f10e20ec0f948448fde6e4182a5db29627c2af069508996bf35ae2,partial,False,False
r3-public31-google-search-native,public31,google-search,3,native,0,2,True,2.5507502,2.5507322,200,thin,warm,native,False,response,True,1,a3c7ab6a42c9b6373532ee8e4b4b762db8fc0f2ed2f93dcad5a63f549e63aa8a,partial,False,False
r3-public31-google-search-native,public31,google-search,3,native,0,3,True,2.6350033,2.6349941,200,thin,warm,native,False,response,True,1,c2e602fac59c61367242e51933339d563a417c69da4f1cbe7381dcadb250138b,partial,False,False
r3-public31-google-search-auto,public31,google-search,3,auto,1,1,True,6.1467431,6.1467268,200,thin,browser,emulated,False,response,True,1,6e42fa0794f6ef4be286eec937bee48ad3ac2da9c308d91a7642cc9b3e220c1c,partial,False,False
r3-public31-google-search-auto,public31,google-search,3,auto,1,2,True,5.3235897,5.3235757,200,thin,browser,emulated,False,response,True,1,e2ee10883e3483df13e1e0cbd14e4deb65bc3a10c20ec5712663ee2132e0fe29,partial,False,False
r3-public31-google-search-auto,public31,google-search,3,auto,1,3,True,2.5313471,2.5313407,200,thin,browser,emulated,False,response,True,1,af216e5461ab0262190bd6c1e165dbe62099c133791d517211357c2f07dc8908,partial,False,False
r3-hard12-newegg-auto,hard12,newegg,3,auto,0,1,True,0.5992367,0.5992103,200,thin,http,emulated,False,response,True,1,a3ac8b4ece0d53a6546af57cecb4e317c02b5f6f02a23e24b0945535477d4986,useful,True,True
r3-hard12-newegg-auto,hard12,newegg,3,auto,0,2,True,0.810514,0.8104911,200,thin,http,emulated,False,response,True,1,a3ac8b4ece0d53a6546af57cecb4e317c02b5f6f02a23e24b0945535477d4986,useful,True,True
r3-hard12-newegg-auto,hard12,newegg,3,auto,0,3,True,0.970795,0.9707729,200,thin,http,emulated,False,response,True,1,a3ac8b4ece0d53a6546af57cecb4e317c02b5f6f02a23e24b0945535477d4986,useful,True,True
r3-hard12-newegg-native,hard12,newegg,3,native,1,1,True,6.986106,6.9860787,200,thin,warm,native,False,response,True,1,c903504e1866f37a23cff2ebd9797b5d7806e5ce80952a7e1d7d984f73fffff2,useful,True,True
r3-hard12-newegg-native,hard12,newegg,3,native,1,2,True,6.4378241,6.4377971,204,thin,warm,native,False,response,True,1,406afccb65430ba08a51fb5d48cc1316d654c7d294a33cdf963d79c0273db805,useful,True,True
r3-hard12-newegg-native,hard12,newegg,3,native,1,3,True,6.6392607,6.6392312,204,thin,warm,native,False,response,True,1,751c9c19de81226363d643dc29484d826feec236bab15d204774b37d8c81d881,useful,True,True
r3-hard12-g2-native,hard12,g2,3,native,0,1,False,0.001461,0.0014548,0,,,,False,local_deferral,True,1,f5f0fe638ed1ed8aacff7f083479fe69bd0ae6f123b97a4fc8990155107f06ed,unavailable,False,False
r3-hard12-g2-native,hard12,g2,3,native,0,2,False,8.03e-05,7.9e-05,0,,,,False,local_deferral,True,1,f5f0fe638ed1ed8aacff7f083479fe69bd0ae6f123b97a4fc8990155107f06ed,unavailable,False,False
r3-hard12-g2-native,hard12,g2,3,native,0,3,False,6.23e-05,6.12e-05,0,,,,False,local_deferral,True,1,f5f0fe638ed1ed8aacff7f083479fe69bd0ae6f123b97a4fc8990155107f06ed,unavailable,False,False
r3-hard12-g2-auto,hard12,g2,3,auto,1,1,False,0.0017439,0.0017373,0,,,,False,local_deferral,True,1,f5f0fe638ed1ed8aacff7f083479fe69bd0ae6f123b97a4fc8990155107f06ed,unavailable,False,False
r3-hard12-g2-auto,hard12,g2,3,auto,1,2,False,8.52e-05,8.41e-05,0,,,,False,local_deferral,True,1,f5f0fe638ed1ed8aacff7f083479fe69bd0ae6f123b97a4fc8990155107f06ed,unavailable,False,False
r3-hard12-g2-auto,hard12,g2,3,auto,1,3,False,6.34e-05,6.25e-05,0,,,,False,local_deferral,True,1,f5f0fe638ed1ed8aacff7f083479fe69bd0ae6f123b97a4fc8990155107f06ed,unavailable,False,False
r3-hard12-amazon-native,hard12,amazon,3,native,0,1,True,3.4312027,3.4311019,200,thin,warm,native,False,response,True,1,fc5291cbfb729440540929cc0f91172b57cf67789bc5f4a0e3a2c54d0d375ce8,useful,True,True
r3-hard12-amazon-native,hard12,amazon,3,native,0,2,True,2.7835288,2.7834491999999997,200,thin,warm,native,False,response,True,1,73590976901855aee555ad3d1387d77b40c35abc69389fdec5e5eeaea594103c,useful,True,True
r3-hard12-amazon-native,hard12,amazon,3,native,0,3,True,3.4221616,3.4220899,200,thin,warm,native,False,response,True,1,f0a30ce04fa6f080122be15b4d93e182f1e38c38bfd54d14f177e14b9031ab3e,useful,True,True
r3-hard12-amazon-auto,hard12,amazon,3,auto,1,1,False,0.1948498,0.1948418,503,,http,emulated,False,wall_or_error,True,1,69009ccc60a2e03da6e3efaa6a5eec88926ba0369e89d17987e0f1133f216ba9,unavailable,False,False
r3-hard12-amazon-auto,hard12,amazon,3,auto,1,2,False,0.0002102,0.0002088,0,,,,False,local_deferral,True,1,942988624b387ded52da63d60894ad643a250ae021a3615a4c9903e9a0899433,unavailable,False,False
r3-hard12-amazon-auto,hard12,amazon,3,auto,1,3,False,0.0001448,0.0001438,0,,,,False,local_deferral,True,1,942988624b387ded52da63d60894ad643a250ae021a3615a4c9903e9a0899433,unavailable,False,False
