label,set,target,round,arm,order,position,delivered,seconds,first_response_seconds,status,quality,tier,identity,native_fallback,stop_type,content_complete,chunks,audit_id,audit_verdict,audited_useful,useful_content_available
r1-hard12-g2-native,hard12,g2,1,native,0,1,True,11.4267803,11.4267606,200,thin,warm,native,False,response,True,1,123ac7cbf41274d054880dce085ef904911b2fca7520f8c0368948171ff43fe3,useful,True,True
r1-hard12-g2-native,hard12,g2,1,native,0,2,True,3.7655031,3.765481,200,thin,warm,native,False,response,True,1,39b0418765c01912e44466ec727dec30e4c9b2c95f653e63ca2861caacfc42e6,useful,True,True
r1-hard12-g2-native,hard12,g2,1,native,0,3,True,3.2611932,3.2611618,200,thin,warm,native,False,response,True,1,123ac7cbf41274d054880dce085ef904911b2fca7520f8c0368948171ff43fe3,useful,True,True
r1-hard12-g2-auto,hard12,g2,1,auto,1,1,True,46.8272475,46.8272146,200,thin,warm,native,True,response,True,1,123ac7cbf41274d054880dce085ef904911b2fca7520f8c0368948171ff43fe3,useful,True,True
r1-hard12-g2-auto,hard12,g2,1,auto,1,2,False,59.9075514,59.9075475,200,,stealth,emulated,False,timeout,True,1,2cedcc2cda28bce12e8d875f5613c706645b1da7b104e7677b489a1b224fe174,unavailable,False,False
r1-hard12-g2-auto,hard12,g2,1,auto,1,3,False,59.4859837,59.4859786,200,,real,emulated,False,wall_or_error,True,1,2cedcc2cda28bce12e8d875f5613c706645b1da7b104e7677b489a1b224fe174,unavailable,False,False
r1-hard12-zillow-native,hard12,zillow,1,native,0,1,False,59.9095141,59.9095078,200,,warm,native,False,timeout,True,1,145cb641af4c1183b633b6cc791e042a9a5747b5c95bb9bc06d9c183d4c924e9,wall,False,False
r1-hard12-zillow-native,hard12,zillow,1,native,0,2,False,55.7819255,55.7819217,200,,warm,native,False,wall_or_error,True,1,25986d3ebf6f65d5c4e79a0afc58e593d31a5975c51b3358988b4acf5bc2708d,wall,False,False
r1-hard12-zillow-native,hard12,zillow,1,native,0,3,False,59.9166608,59.9166566,200,,warm,native,False,timeout,True,1,145cb641af4c1183b633b6cc791e042a9a5747b5c95bb9bc06d9c183d4c924e9,wall,False,False
r1-hard12-zillow-auto,hard12,zillow,1,auto,1,1,True,8.8595352,8.8595266,200,thin,browser,emulated,False,response,True,1,a1944500372ba1dee8443640923139487644f662b826c441553172367582c966,partial,False,False
r1-hard12-zillow-auto,hard12,zillow,1,auto,1,2,False,34.9365404,34.9365375,200,,stealth,emulated,False,wall_or_error,True,1,49cfd2cc84873061aa40ca1b0aa3b0d6e802e3eea2df600b5352c85030827b78,wall,False,False
r1-hard12-zillow-auto,hard12,zillow,1,auto,1,3,False,0.0001162,0.0001151,0,,,,False,local_deferral,True,1,6304af10b65cfb506526ce1c40a35828900c806a4497ed582bc4d3641d26d5d8,unavailable,False,False
r1-public31-crunchbase-cf-native,public31,crunchbase-cf,1,native,0,1,True,1.9980335999999999,1.9980218,200,thin,warm,native,False,response,True,1,cd1e39467411a8168d443a8b898185b1ad725042d054317d0cba513b80b594a0,useful,True,True
r1-public31-crunchbase-cf-native,public31,crunchbase-cf,1,native,0,2,True,1.4270648000000001,1.4270565,200,thin,warm,native,False,response,True,1,cd1e39467411a8168d443a8b898185b1ad725042d054317d0cba513b80b594a0,useful,True,True
r1-public31-crunchbase-cf-native,public31,crunchbase-cf,1,native,0,3,True,1.4526621,1.4526531999999999,200,thin,warm,native,False,response,True,1,cd1e39467411a8168d443a8b898185b1ad725042d054317d0cba513b80b594a0,useful,True,True
r1-public31-crunchbase-cf-auto,public31,crunchbase-cf,1,auto,1,1,True,0.0884095,0.0883983,200,full,http,emulated,False,response,True,1,cd1e39467411a8168d443a8b898185b1ad725042d054317d0cba513b80b594a0,useful,True,True
r1-public31-crunchbase-cf-auto,public31,crunchbase-cf,1,auto,1,2,True,0.9588083,0.9587971,200,full,http,emulated,False,response,True,1,cd1e39467411a8168d443a8b898185b1ad725042d054317d0cba513b80b594a0,useful,True,True
r1-public31-crunchbase-cf-auto,public31,crunchbase-cf,1,auto,1,3,True,1.0060311,1.0060213,200,full,http,emulated,False,response,True,1,cd1e39467411a8168d443a8b898185b1ad725042d054317d0cba513b80b594a0,useful,True,True
r1-public31-amazon-product-auto,public31,amazon-product,1,auto,0,1,False,3.0391358,3.0391294,200,,browser,emulated,False,wall_or_error,True,1,ed0eb92d8fb83fccd6aa67c6f7f7e75873f06a4f8946068f9b35f0fa4dd7e3f6,unavailable,False,False
r1-public31-amazon-product-auto,public31,amazon-product,1,auto,0,2,False,2.6007782,2.600775,200,,browser,emulated,False,wall_or_error,True,1,e9e7bd6cec42393049ca3646ed08311ebe80d7802bbdb8bd7730738fbcbf4463,unavailable,False,False
r1-public31-amazon-product-auto,public31,amazon-product,1,auto,0,3,False,1.6892469,1.6892437999999999,200,,browser,emulated,False,wall_or_error,True,1,04363b193ec80aedfb9f1045fb9dd995e3f0a4aca0b5108698c1e17de14278f1,unavailable,False,False
r1-public31-amazon-product-native,public31,amazon-product,1,native,1,1,False,8.014583,8.0145773,200,,warm,native,False,wall_or_error,True,1,d0313817d8949482f882d63a509bf6968958e4792023204ecc05ffc4367bbac7,unavailable,False,False
r1-public31-amazon-product-native,public31,amazon-product,1,native,1,2,False,1.6300154,1.6300122,200,,warm,native,False,wall_or_error,True,1,b8cd6db45aec9b349cefccec895d243585f065935c9583a348df59d5e939e188,unavailable,False,False
r1-public31-amazon-product-native,public31,amazon-product,1,native,1,3,False,4.4046761,4.4046717,200,,warm,native,False,wall_or_error,True,1,51e5cb4eb88b25f17befa8f15f0907ed238937e6b98d887a70fb647357db26ad,unavailable,False,False
r1-public31-glassdoor-auto,public31,glassdoor,1,auto,0,1,True,20.8771716,20.8771467,200,thin,real,emulated,False,response,True,1,0dd04ecc71b1f7e704428b24884490bd07b74b21d64f40ff1bf12a5264b1d269,useful,True,True
r1-public31-glassdoor-auto,public31,glassdoor,1,auto,0,2,True,13.4601403,13.4601163,200,thin,browser,emulated,False,response,True,1,0dd04ecc71b1f7e704428b24884490bd07b74b21d64f40ff1bf12a5264b1d269,useful,True,True
r1-public31-glassdoor-auto,public31,glassdoor,1,auto,0,3,True,3.8194939999999997,3.8194745,200,thin,browser,emulated,False,response,True,1,0dd04ecc71b1f7e704428b24884490bd07b74b21d64f40ff1bf12a5264b1d269,useful,True,True
r1-public31-glassdoor-native,public31,glassdoor,1,native,1,1,True,11.5770974,11.577074,200,thin,warm,native,False,response,True,1,0dd04ecc71b1f7e704428b24884490bd07b74b21d64f40ff1bf12a5264b1d269,useful,True,True
r1-public31-glassdoor-native,public31,glassdoor,1,native,1,2,True,3.0416923,3.0416697,200,thin,warm,native,False,response,True,1,0dd04ecc71b1f7e704428b24884490bd07b74b21d64f40ff1bf12a5264b1d269,useful,True,True
r1-public31-glassdoor-native,public31,glassdoor,1,native,1,3,True,3.2008801,3.2008637,304,thin,warm,native,False,response,True,1,f5ad46b8ddd2f821d4d5d249e4ba84a561f5a7cd9d5e67739a36ad6373a9ca80,useful,True,True
r1-public31-medium-native,public31,medium,1,native,0,1,True,24.4564358,24.4564279,200,thin,warm,native,False,response,True,1,3f17e5ee20b369a758965520e96f95b7af4c7ec58fe7669352cd15f14fe98878,useful,True,True
r1-public31-medium-native,public31,medium,1,native,0,2,True,22.6738679,22.6738612,200,thin,warm,native,False,response,True,1,3f17e5ee20b369a758965520e96f95b7af4c7ec58fe7669352cd15f14fe98878,useful,True,True
r1-public31-medium-native,public31,medium,1,native,0,3,True,22.3501353,22.3501282,200,thin,warm,native,False,response,True,1,3f17e5ee20b369a758965520e96f95b7af4c7ec58fe7669352cd15f14fe98878,useful,True,True
r1-public31-medium-auto,public31,medium,1,auto,1,1,True,0.4260201,0.4260099,200,thin,http,emulated,False,response,True,1,3f17e5ee20b369a758965520e96f95b7af4c7ec58fe7669352cd15f14fe98878,useful,True,True
r1-public31-medium-auto,public31,medium,1,auto,1,2,True,0.6143066,0.614301,200,thin,http,emulated,False,response,True,1,3f17e5ee20b369a758965520e96f95b7af4c7ec58fe7669352cd15f14fe98878,useful,True,True
r1-public31-medium-auto,public31,medium,1,auto,1,3,True,1.0058558,1.0058503,200,thin,http,emulated,False,response,True,1,3f17e5ee20b369a758965520e96f95b7af4c7ec58fe7669352cd15f14fe98878,useful,True,True
r1-public31-browserscan-bot-native,public31,browserscan-bot,1,native,0,1,True,11.7598094,11.75979,200,thin,warm,native,False,response,True,1,bef8ba910f83c2c04633231569918b52dbe9c10c06198377c2af1d22c1ce8186,diagnostic-only,False,False
r1-public31-browserscan-bot-native,public31,browserscan-bot,1,native,0,2,True,1.8463934,1.8463831000000002,200,thin,warm,native,False,response,True,1,bef8ba910f83c2c04633231569918b52dbe9c10c06198377c2af1d22c1ce8186,diagnostic-only,False,False
r1-public31-browserscan-bot-native,public31,browserscan-bot,1,native,0,3,True,2.9894382,2.989426,200,thin,warm,native,False,response,True,1,bef8ba910f83c2c04633231569918b52dbe9c10c06198377c2af1d22c1ce8186,diagnostic-only,False,False
r1-public31-browserscan-bot-auto,public31,browserscan-bot,1,auto,1,1,True,0.1514039,0.1513958,200,full,http,emulated,False,response,True,1,9838a395b0e235222d605fb5036d59bda16b9f0ce119725360f9b29c46a013cf,diagnostic-only,False,False
r1-public31-browserscan-bot-auto,public31,browserscan-bot,1,auto,1,2,True,0.910279,0.9102746,200,full,http,emulated,False,response,True,1,9838a395b0e235222d605fb5036d59bda16b9f0ce119725360f9b29c46a013cf,diagnostic-only,False,False
r1-public31-browserscan-bot-auto,public31,browserscan-bot,1,auto,1,3,True,1.0024282,1.0024228,200,full,http,emulated,False,response,True,1,9838a395b0e235222d605fb5036d59bda16b9f0ce119725360f9b29c46a013cf,diagnostic-only,False,False
r1-vendors8-cloudflare-indeed-auto,vendors8,cloudflare-indeed,1,auto,0,1,True,6.1745738,6.1745583,200,thin,browser,emulated,False,response,True,1,8eb84fcb0c4ee52b5f791e30c915793bceadb0b8f3fc53d9cde4422bbdabdfb1,partial,False,False
r1-vendors8-cloudflare-indeed-auto,vendors8,cloudflare-indeed,1,auto,0,2,True,7.2804742000000005,7.28046,200,thin,browser,emulated,False,response,True,1,bb7e6bc9042b9c6c5656d42d9fb5be717324df07f261a550753bb7ee828180ae,partial,False,False
r1-vendors8-cloudflare-indeed-auto,vendors8,cloudflare-indeed,1,auto,0,3,True,3.7920145,3.7920021,200,thin,browser,emulated,False,response,True,1,f79349bacd2b54d4ff6376d71ec6e672e9e362f9f7c4d7f975736843c3094901,partial,False,False
r1-vendors8-cloudflare-indeed-native,vendors8,cloudflare-indeed,1,native,1,1,True,12.0046416,12.0046274,200,thin,warm,native,False,response,True,1,41837133a0ab6f8bcd1865834e3d41624a4c45f9bab5a09ca58025552dd9c934,partial,False,False
r1-vendors8-cloudflare-indeed-native,vendors8,cloudflare-indeed,1,native,1,2,True,3.7840442,3.7840361,200,thin,warm,native,False,response,True,1,39e02bd05e859d74107b30606e2ef8ec66eee1f1774462a233978f46d7f7695a,partial,False,False
r1-vendors8-cloudflare-indeed-native,vendors8,cloudflare-indeed,1,native,1,3,True,3.8199461,3.8199389999999998,200,thin,warm,native,False,response,True,1,62b51bcbab1e8086ff530195f9cffa4b51c5cb6695e11748f5b4df5c6f5960f6,partial,False,False
r1-public31-ceo-ca-auto,public31,ceo-ca,1,auto,0,1,True,4.7539142,4.7539005,200,thin,browser,emulated,False,response,True,1,bea65bf911677912d01729a196203af8b1a6a2dbe1570a4f3eea03bcee88bfdf,useful,True,True
r1-public31-ceo-ca-auto,public31,ceo-ca,1,auto,0,2,True,3.7540547,3.7540421999999998,200,thin,browser,emulated,False,response,True,1,bea65bf911677912d01729a196203af8b1a6a2dbe1570a4f3eea03bcee88bfdf,useful,True,True
r1-public31-ceo-ca-auto,public31,ceo-ca,1,auto,0,3,True,1.813855,1.8138415,200,thin,browser,emulated,False,response,True,1,bea65bf911677912d01729a196203af8b1a6a2dbe1570a4f3eea03bcee88bfdf,useful,True,True
r1-public31-ceo-ca-native,public31,ceo-ca,1,native,1,1,True,9.9510191,9.9510018,200,thin,warm,native,False,response,True,1,969c88ce65b7958399b5e4587df827df22139c189b1677738d100eaffda03793,useful,True,True
r1-public31-ceo-ca-native,public31,ceo-ca,1,native,1,2,True,1.8103649000000002,1.8103500000000001,200,thin,warm,native,False,response,True,1,969c88ce65b7958399b5e4587df827df22139c189b1677738d100eaffda03793,useful,True,True
r1-public31-ceo-ca-native,public31,ceo-ca,1,native,1,3,True,2.7076059,2.7075899,200,thin,warm,native,False,response,True,1,969c88ce65b7958399b5e4587df827df22139c189b1677738d100eaffda03793,useful,True,True
r1-public31-rebrowser-detector-native,public31,rebrowser-detector,1,native,0,1,True,2.4712791,2.4712717,200,thin,warm,native,False,response,True,1,886ad0577e28b6c057783caaa3c13c385f9b15d70ce2b881a9218e12c377fabc,diagnostic-only,False,False
r1-public31-rebrowser-detector-native,public31,rebrowser-detector,1,native,0,2,True,1.4445518,1.4445461,200,thin,warm,native,False,response,True,1,6cdc9f625eb81bcf89c4b8a612439bf7e90add3fc051df58848de2603cfdc453,diagnostic-only,False,False
r1-public31-rebrowser-detector-native,public31,rebrowser-detector,1,native,0,3,True,1.4192014,1.4191935,200,thin,warm,native,False,response,True,1,92b38dee2075e862c88c487cb3f6992640be75ed2e056035df3c45575c476a8b,diagnostic-only,False,False
r1-public31-rebrowser-detector-auto,public31,rebrowser-detector,1,auto,1,1,True,0.5781789,0.5781706,200,full,http,emulated,False,response,True,1,dd129aeb7dfd7cfdcfebdc8499384e5333bcbb8c812e2dafb9cd3d39a43de145,diagnostic-only,False,False
r1-public31-rebrowser-detector-auto,public31,rebrowser-detector,1,auto,1,2,True,0.5016329,0.5016278,200,full,http,emulated,False,response,True,1,dd129aeb7dfd7cfdcfebdc8499384e5333bcbb8c812e2dafb9cd3d39a43de145,diagnostic-only,False,False
r1-public31-rebrowser-detector-auto,public31,rebrowser-detector,1,auto,1,3,True,0.9972658,0.9972609,200,full,http,emulated,False,response,True,1,dd129aeb7dfd7cfdcfebdc8499384e5333bcbb8c812e2dafb9cd3d39a43de145,diagnostic-only,False,False
r1-public31-reddit-native,public31,reddit,1,native,0,1,True,3.4852852,3.4852528,200,thin,warm,native,False,response,True,1,4813d7bf3984518579247b6998709d35b0dbf8a580871b78a2c7c54ac8d56e6d,useful,True,True
r1-public31-reddit-native,public31,reddit,1,native,0,2,True,2.4698601,2.4698194,200,thin,warm,native,False,response,True,1,447ba9091b57c49128258bb8f9f2804794eb585a93c88a046604f8da5a2d7561,useful,True,True
r1-public31-reddit-native,public31,reddit,1,native,0,3,True,2.1596535,2.1596178,200,thin,warm,native,False,response,True,1,bb21856726d8b7c6fbaf5d500f711c75ad1cf6a98ced07bfc5c4994a2f396675,useful,True,True
r1-public31-reddit-auto,public31,reddit,1,auto,1,1,True,4.1957494,4.1957261,200,thin,browser,emulated,False,response,True,1,1cd6d1e632b07a2aa34296236d0712c77d83b76c4fbf0c9e424371f1468c54d6,useful,True,True
r1-public31-reddit-auto,public31,reddit,1,auto,1,2,True,3.9889188,3.988884,206,thin,browser,emulated,False,response,True,1,2182ceee40af55465b7c8792329427accd57b69c4a3d407a5387b3d649b7e960,useful,True,True
r1-public31-reddit-auto,public31,reddit,1,auto,1,3,True,2.3964415,2.3964116,200,thin,browser,emulated,False,response,True,1,31c120dd5826b377f74f999fa626c67a1cb8cddc6a798baba93c68b46bd8e77b,useful,True,True
r1-public31-devto-auto,public31,devto,1,auto,0,1,True,0.4216443,0.4216093,200,partial,http,emulated,False,response,True,1,132fd7b112c5b92dae07e8cf013a6b8d05656ace26d134acde0034f0dee2f8ed,useful,True,True
r1-public31-devto-auto,public31,devto,1,auto,0,2,True,0.6121842,0.6121552,200,partial,http,emulated,False,response,True,1,132fd7b112c5b92dae07e8cf013a6b8d05656ace26d134acde0034f0dee2f8ed,useful,True,True
r1-public31-devto-auto,public31,devto,1,auto,0,3,True,0.9979618,0.997932,200,partial,http,emulated,False,response,True,1,132fd7b112c5b92dae07e8cf013a6b8d05656ace26d134acde0034f0dee2f8ed,useful,True,True
r1-public31-devto-native,public31,devto,1,native,1,1,True,2.8421212000000002,2.842085,200,partial,warm,native,False,response,True,1,bbd7a11b2643fd14523eb27ee5746715a86a83c7dccb0956352c69b2986eaf16,useful,True,True
r1-public31-devto-native,public31,devto,1,native,1,2,True,1.7347583,1.7347331000000001,200,partial,warm,native,False,response,True,1,bbd7a11b2643fd14523eb27ee5746715a86a83c7dccb0956352c69b2986eaf16,useful,True,True
r1-public31-devto-native,public31,devto,1,native,1,3,True,1.6623244000000001,1.6623033,200,partial,warm,native,False,response,True,1,bbd7a11b2643fd14523eb27ee5746715a86a83c7dccb0956352c69b2986eaf16,useful,True,True
r1-hard12-newegg-auto,hard12,newegg,1,auto,0,1,True,0.688684,0.6886606,200,thin,http,emulated,False,response,True,1,b5d270fd4393563bccec5c9893f58729d3163c807f95aa733fc94e88c1db7329,useful,True,True
r1-hard12-newegg-auto,hard12,newegg,1,auto,0,2,True,0.6938131,0.6937845,200,thin,http,emulated,False,response,True,1,b5d270fd4393563bccec5c9893f58729d3163c807f95aa733fc94e88c1db7329,useful,True,True
r1-hard12-newegg-auto,hard12,newegg,1,auto,0,3,True,1.0672101,1.0671859,200,thin,http,emulated,False,response,True,1,b5d270fd4393563bccec5c9893f58729d3163c807f95aa733fc94e88c1db7329,useful,True,True
r1-hard12-newegg-native,hard12,newegg,1,native,1,1,True,16.0170642,16.017038,200,thin,warm,native,False,response,True,1,6355b60d7eb4838a16ea9987e603329a3c35ff1a57a46b2f37cef73114475a98,useful,True,True
r1-hard12-newegg-native,hard12,newegg,1,native,1,2,True,5.1093012,5.1092756,204,thin,warm,native,False,response,True,1,a9bfb3e9bd159dffa79ba87f8c2a1f1e3b6684eaa9dd0eaf3c67906397184f0d,useful,True,True
r1-hard12-newegg-native,hard12,newegg,1,native,1,3,True,5.4077098,5.4076814,204,thin,warm,native,False,response,True,1,a9bfb3e9bd159dffa79ba87f8c2a1f1e3b6684eaa9dd0eaf3c67906397184f0d,useful,True,True
r1-hard12-indeed-native,hard12,indeed,1,native,0,1,True,4.7065319,4.7065104,200,thin,warm,native,False,response,True,1,316fd8e47c2b04410d6a65892ec5c356a3dd4d7c3447bff8a997ce26e1f01777,partial,False,False
r1-hard12-indeed-native,hard12,indeed,1,native,0,2,True,4.1994493,4.1994302,200,thin,warm,native,False,response,True,1,922a2f6fc37e66c5e4e53cf86049b395d0e97e0bace69ba261e14ece2da954e4,partial,False,False
r1-hard12-indeed-native,hard12,indeed,1,native,0,3,True,3.9695076,3.9694876,200,thin,warm,native,False,response,True,1,24baa6a949a186ed9cb953d80809c7fe57206e978905606cef5103941b67e954,partial,False,False
r1-hard12-indeed-auto,hard12,indeed,1,auto,1,1,True,6.0162339,6.0162129,200,thin,browser,emulated,False,response,True,1,1152a9d0666ba753b36684e867eeb62ca037ad13c6390ef1375f1bae210dafc6,partial,False,False
r1-hard12-indeed-auto,hard12,indeed,1,auto,1,2,True,8.2383687,8.238353,200,thin,browser,emulated,False,response,True,1,4c77b6358d4a0360a0be79c0c430cf92d4c51711f63193f2961822f900ee3003,partial,False,False
r1-hard12-indeed-auto,hard12,indeed,1,auto,1,3,True,3.9253249,3.9253125,200,thin,browser,emulated,False,response,True,1,0e0527d46a502b186e8e879669b58b2b0358272c42dfe1b55f82e34aa439ec8e,partial,False,False
r1-hard12-idealista-auto,hard12,idealista,1,auto,0,1,True,50.9648162,50.9647655,200,thin,warm,native,True,response,True,1,282c5e3219a7b4d4ef58abf4a8832a88fc6eb10a72929697ee45e757b8d6b6d7,useful,True,True
r1-hard12-idealista-auto,hard12,idealista,1,auto,0,2,False,59.9115172,59.9115134,200,,real,emulated,False,timeout,True,1,de102d0afd9df486f41cf16d563a4a099c55e6f36100a7667da6d50202c6781a,unavailable,False,False
r1-hard12-idealista-auto,hard12,idealista,1,auto,0,3,False,6.38e-05,6.29e-05,0,,,,False,local_deferral,True,1,aa20214658ca523f6fd19adeba1f8335d9b977485b614b47f7929e32e1fe358d,unavailable,False,False
r1-hard12-idealista-native,hard12,idealista,1,native,1,1,False,0.0017694,0.0017625,0,,,,False,local_deferral,True,1,aa20214658ca523f6fd19adeba1f8335d9b977485b614b47f7929e32e1fe358d,unavailable,False,False
r1-hard12-idealista-native,hard12,idealista,1,native,1,2,False,8.5e-05,8.36e-05,0,,,,False,local_deferral,True,1,aa20214658ca523f6fd19adeba1f8335d9b977485b614b47f7929e32e1fe358d,unavailable,False,False
r1-hard12-idealista-native,hard12,idealista,1,native,1,3,False,6.46e-05,6.36e-05,0,,,,False,local_deferral,True,1,aa20214658ca523f6fd19adeba1f8335d9b977485b614b47f7929e32e1fe358d,unavailable,False,False
r1-public31-stockwatch-native,public31,stockwatch,1,native,0,1,True,30.4305989,30.4305896,200,thin,warm,native,False,response,True,1,b33afc17c9bc6f3b3cf4fd886004cfb27e51e806eb4f768d630d61df5e91f466,uncertain,False,False
r1-public31-stockwatch-native,public31,stockwatch,1,native,0,2,True,22.6223173,22.6223103,200,thin,warm,native,False,response,True,1,8256b2b16a277c2d90ca3edb63780a74bf78438d446b624c1f2e210bc4ad74f2,uncertain,False,False
r1-public31-stockwatch-native,public31,stockwatch,1,native,0,3,True,22.5918185,22.5918129,200,thin,warm,native,False,response,True,1,d5c93837fb131643e68fdf92d1f2bc8dde8b6ebd28da6a6a413f077e022e0f17,uncertain,False,False
r1-public31-stockwatch-auto,public31,stockwatch,1,auto,1,1,True,0.5109258,0.510917,200,full,http,emulated,False,response,True,1,f13b7be831774888558065ed8973657e93febc37c0bd9a2ccf4ef5c1e0f900b3,uncertain,False,False
r1-public31-stockwatch-auto,public31,stockwatch,1,auto,1,2,True,0.6885028,0.6884909,200,full,http,emulated,False,response,True,1,a27349d3e433cb0ae8e7c723bc83e32f8abc93bd635beac293b8b53c04a489f8,uncertain,False,False
r1-public31-stockwatch-auto,public31,stockwatch,1,auto,1,3,True,1.0020828,1.0020729,200,full,http,emulated,False,response,True,1,c8c921ce39b4508f6ca72fc28736629d08f343b7f0f6714a67fc780293d32378,uncertain,False,False
r1-public31-tiktok-user-native,public31,tiktok-user,1,native,0,1,False,6.2446375,6.244631,0,,,,False,wall_or_error,True,1,5eba95fa44777804f205f15ce39c540471cbebf29e3e40d123e19ac038d31177,unavailable,False,False
r1-public31-tiktok-user-native,public31,tiktok-user,1,native,0,2,False,0.3354446,0.3354413,0,,,,False,wall_or_error,True,1,5eba95fa44777804f205f15ce39c540471cbebf29e3e40d123e19ac038d31177,unavailable,False,False
r1-public31-tiktok-user-native,public31,tiktok-user,1,native,0,3,False,0.9967125,0.9967093,0,,,,False,wall_or_error,True,1,5eba95fa44777804f205f15ce39c540471cbebf29e3e40d123e19ac038d31177,unavailable,False,False
r1-public31-tiktok-user-auto,public31,tiktok-user,1,auto,1,1,False,26.0870646,26.0870565,200,,stealth,emulated,True,wall_or_error,True,1,de65120a8ccef7de571a796aea885b8c55c74562122aaa94908276d4c6d72787,useful,False,True
r1-public31-tiktok-user-auto,public31,tiktok-user,1,auto,1,2,False,15.4918443,15.4918385,200,,stealth,emulated,False,wall_or_error,True,1,b62d6dcb14437cc0b692be42b6922ca07d7b64f2b3315bdc1f14ae31461b92b7,useful,False,True
r1-public31-tiktok-user-auto,public31,tiktok-user,1,auto,1,3,False,0.0002931,0.0002917,0,,,,False,local_deferral,True,1,5eba95fa44777804f205f15ce39c540471cbebf29e3e40d123e19ac038d31177,unavailable,False,False
r1-vendors8-datadome-g2-native,vendors8,datadome-g2,1,native,0,1,True,4.291393,4.291366,200,thin,warm,native,False,response,True,1,e9f707531c1de91c5e9563fd20a353dc74631c26a3751ef4e1c6590022734129,useful,True,True
r1-vendors8-datadome-g2-native,vendors8,datadome-g2,1,native,0,2,False,0.0001495,0.0001485,0,,,,False,local_deferral,True,1,f5f0fe638ed1ed8aacff7f083479fe69bd0ae6f123b97a4fc8990155107f06ed,unavailable,False,False
r1-vendors8-datadome-g2-native,vendors8,datadome-g2,1,native,0,3,False,6.74e-05,6.61e-05,0,,,,False,local_deferral,True,1,f5f0fe638ed1ed8aacff7f083479fe69bd0ae6f123b97a4fc8990155107f06ed,unavailable,False,False
r1-vendors8-datadome-g2-auto,vendors8,datadome-g2,1,auto,1,1,False,0.0017801,0.0017743,0,,,,False,local_deferral,True,1,f5f0fe638ed1ed8aacff7f083479fe69bd0ae6f123b97a4fc8990155107f06ed,unavailable,False,False
r1-vendors8-datadome-g2-auto,vendors8,datadome-g2,1,auto,1,2,False,7.89e-05,7.78e-05,0,,,,False,local_deferral,True,1,f5f0fe638ed1ed8aacff7f083479fe69bd0ae6f123b97a4fc8990155107f06ed,unavailable,False,False
r1-vendors8-datadome-g2-auto,vendors8,datadome-g2,1,auto,1,3,False,6.23e-05,6.13e-05,0,,,,False,local_deferral,True,1,f5f0fe638ed1ed8aacff7f083479fe69bd0ae6f123b97a4fc8990155107f06ed,unavailable,False,False
r1-public31-browserleaks-auto,public31,browserleaks,1,auto,0,1,True,0.3091185,0.3091081,200,thin,http,emulated,False,response,True,1,53cbe71a9c3115b89cce434f1d6f736a059e4b81e9671a789f6990967006406f,diagnostic-only,False,False
r1-public31-browserleaks-auto,public31,browserleaks,1,auto,0,2,True,0.7728789,0.7728704,200,thin,http,emulated,False,response,True,1,53cbe71a9c3115b89cce434f1d6f736a059e4b81e9671a789f6990967006406f,diagnostic-only,False,False
r1-public31-browserleaks-auto,public31,browserleaks,1,auto,0,3,True,1.0013831,1.0013768,200,thin,http,emulated,False,response,True,1,53cbe71a9c3115b89cce434f1d6f736a059e4b81e9671a789f6990967006406f,diagnostic-only,False,False
r1-public31-browserleaks-native,public31,browserleaks,1,native,1,1,True,8.0216764,8.0216448,200,thin,warm,native,False,response,True,1,59aec72e22e475bf980dd6fe58ef67fe15a3efc953c243c7c157fa765fb10f9e,diagnostic-only,False,False
r1-public31-browserleaks-native,public31,browserleaks,1,native,1,2,True,1.4448142,1.4447996,200,thin,warm,native,False,response,True,1,7b01be7aee4d7c46de3d5edb7ede34683ae7012e38e390c46f496c675cfeab4c,diagnostic-only,False,False
r1-public31-browserleaks-native,public31,browserleaks,1,native,1,3,True,2.1758907,2.1758699,200,thin,warm,native,False,response,True,1,a9a197be8e249c553c4c5073016baa314a4af4e6b6535e7df7609122caf9a3bf,diagnostic-only,False,False
r1-public31-canadianinsider-auto,public31,canadianinsider,1,auto,0,1,False,47.0011052,47.0010971,404,,warm,native,True,wall_or_error,True,1,d3193554c7f76bafd62c9f445f003f1c25d3ea46c95259802f825b461a4f8691,unavailable,False,False
r1-public31-canadianinsider-auto,public31,canadianinsider,1,auto,0,2,False,59.9122874,59.9122843,200,,real,emulated,False,timeout,True,1,c45dd7b2b6dffa5d8f4444e0444a6f13a1aad494afbb9acb5f7d2f673dbae9a2,wall,False,False
r1-public31-canadianinsider-auto,public31,canadianinsider,1,auto,0,3,True,39.7550539,39.7550451,200,thin,warm,native,True,response,True,1,3f7dabc16adcc9a5ffb45af08015d90ba22d43f761c5117939dbd463626b1d97,useful,True,True
r1-public31-canadianinsider-native,public31,canadianinsider,1,native,1,1,False,9.1889811,9.1889758,404,,warm,native,False,wall_or_error,True,1,d3193554c7f76bafd62c9f445f003f1c25d3ea46c95259802f825b461a4f8691,unavailable,False,False
r1-public31-canadianinsider-native,public31,canadianinsider,1,native,1,2,False,0.0001613,0.0001603,0,,,,False,local_deferral,True,1,4690065ddc9e1491b004905606e85e792ca22fe47edde83be556c0a740aa6801,unavailable,False,False
r1-public31-canadianinsider-native,public31,canadianinsider,1,native,1,3,False,7.86e-05,7.74e-05,0,,,,False,local_deferral,True,1,4690065ddc9e1491b004905606e85e792ca22fe47edde83be556c0a740aa6801,unavailable,False,False
r1-public31-pixelscan-fp-native,public31,pixelscan-fp,1,native,0,1,True,14.9822769,14.9822675,200,thin,warm,native,False,response,True,1,d1c4a389ef34becbacecf882ea8e4f243da76ec7002428ae9ec142257257200a,diagnostic-only,False,False
r1-public31-pixelscan-fp-native,public31,pixelscan-fp,1,native,0,2,True,3.1000051,3.0999973,200,thin,warm,native,False,response,True,1,269041e716d68e5faf9a7fce7534d0d0bcdad0277ddd45e1b63c92244c8314af,diagnostic-only,False,False
r1-public31-pixelscan-fp-native,public31,pixelscan-fp,1,native,0,3,True,3.9709367,3.9709296,200,thin,warm,native,False,response,True,1,9bc69f5d9b5bf113d7ca980f85cc5236ac26372ac315c9e85ac29b0e2b144171,diagnostic-only,False,False
r1-public31-pixelscan-fp-auto,public31,pixelscan-fp,1,auto,1,1,True,1.8809566,1.8809487,200,thin,http,emulated,False,response,True,1,84779cbc165c9b51e9807708ad2f6e35cf13b42eb374447f6696704b4dbefac5,diagnostic-only,False,False
r1-public31-pixelscan-fp-auto,public31,pixelscan-fp,1,auto,1,2,True,0.8884298,0.8884248,200,thin,http,emulated,False,response,True,1,84779cbc165c9b51e9807708ad2f6e35cf13b42eb374447f6696704b4dbefac5,diagnostic-only,False,False
r1-public31-pixelscan-fp-auto,public31,pixelscan-fp,1,auto,1,3,True,0.9521411,0.9521361,200,thin,http,emulated,False,response,True,1,84779cbc165c9b51e9807708ad2f6e35cf13b42eb374447f6696704b4dbefac5,diagnostic-only,False,False
r1-public31-sannysoft-auto,public31,sannysoft,1,auto,0,1,True,0.4280538,0.4280457,200,thin,http,emulated,False,response,True,1,f2a7718171dd378e35ad7dc3cee8c9228dd267cbccf2d71eadd53cf99542a701,diagnostic-only,False,False
r1-public31-sannysoft-auto,public31,sannysoft,1,auto,0,2,True,0.6825742,0.6825692,200,thin,http,emulated,False,response,True,1,f2a7718171dd378e35ad7dc3cee8c9228dd267cbccf2d71eadd53cf99542a701,diagnostic-only,False,False
r1-public31-sannysoft-auto,public31,sannysoft,1,auto,0,3,True,0.9944282,0.9944226,200,thin,http,emulated,False,response,True,1,f2a7718171dd378e35ad7dc3cee8c9228dd267cbccf2d71eadd53cf99542a701,diagnostic-only,False,False
r1-public31-sannysoft-native,public31,sannysoft,1,native,1,1,True,5.3477772,5.3477583,200,thin,warm,native,False,response,True,1,42f7ba40e27126378e2943723aa0dc80caaf1252ddd30590cc513ec3b0c66f65,diagnostic-only,False,False
r1-public31-sannysoft-native,public31,sannysoft,1,native,1,2,True,1.8292269,1.829208,200,thin,warm,native,False,response,True,1,c535baf0ae029eeba5aa6aa6881422b7d92dcec9efe279e5d114259b94793488,diagnostic-only,False,False
r1-public31-sannysoft-native,public31,sannysoft,1,native,1,3,True,1.7697186999999999,1.7697002,200,thin,warm,native,False,response,True,1,6b8deb9b5d9e6757c9a6eef0b66f25799096b428d604f230d9951631b4d5e907,diagnostic-only,False,False
r1-public31-indeed-jobs-auto,public31,indeed-jobs,1,auto,0,1,True,6.048196,6.0481819,200,thin,browser,emulated,False,response,True,1,9150691671df4c0d7e66770c35094d673f7d1b326e339241dc4bf441875235b1,partial,False,False
r1-public31-indeed-jobs-auto,public31,indeed-jobs,1,auto,0,2,True,7.8756484,7.8756369,200,thin,browser,emulated,False,response,True,1,369a82d576a3f62ed48aea6566c45ef304a6b327752cf100b9cd5ce31103d2f9,partial,False,False
r1-public31-indeed-jobs-auto,public31,indeed-jobs,1,auto,0,3,True,4.0669401,4.0669311,200,thin,browser,emulated,False,response,True,1,38d6a24086cf8e35b397963ec9498453d29fddc12b14fcd13718d5960c02e238,partial,False,False
r1-public31-indeed-jobs-native,public31,indeed-jobs,1,native,1,1,True,4.7584921,4.758474,200,thin,warm,native,False,response,True,1,c4d3356257aba45df5cc9a10528e821551965dc4a9acbe33f5068d7cafb6a5a3,partial,False,False
r1-public31-indeed-jobs-native,public31,indeed-jobs,1,native,1,2,True,3.9977988,3.9977796,200,thin,warm,native,False,response,True,1,1076fe4d39295e71c105dbfdab327f99c20983f845f7ecc7adc0f9db0575e603,partial,False,False
r1-public31-indeed-jobs-native,public31,indeed-jobs,1,native,1,3,True,7.0164084,7.016391,200,thin,warm,native,False,response,True,1,5627428d0a303ddd282190d7dceba6b30f1c22372ed0d9125ed072b057e2faa4,partial,False,False
r1-vendors8-datadome-idealista-auto,vendors8,datadome-idealista,1,auto,0,1,False,0.0014346,0.0014285,0,,,,False,local_deferral,True,1,aa20214658ca523f6fd19adeba1f8335d9b977485b614b47f7929e32e1fe358d,unavailable,False,False
r1-vendors8-datadome-idealista-auto,vendors8,datadome-idealista,1,auto,0,2,False,7.38e-05,7.28e-05,0,,,,False,local_deferral,True,1,aa20214658ca523f6fd19adeba1f8335d9b977485b614b47f7929e32e1fe358d,unavailable,False,False
r1-vendors8-datadome-idealista-auto,vendors8,datadome-idealista,1,auto,0,3,False,6.08e-05,5.97e-05,0,,,,False,local_deferral,True,1,aa20214658ca523f6fd19adeba1f8335d9b977485b614b47f7929e32e1fe358d,unavailable,False,False
r1-vendors8-datadome-idealista-native,vendors8,datadome-idealista,1,native,1,1,False,0.0015082,0.0014999,0,,,,False,local_deferral,True,1,aa20214658ca523f6fd19adeba1f8335d9b977485b614b47f7929e32e1fe358d,unavailable,False,False
r1-vendors8-datadome-idealista-native,vendors8,datadome-idealista,1,native,1,2,False,7.73e-05,7.63e-05,0,,,,False,local_deferral,True,1,aa20214658ca523f6fd19adeba1f8335d9b977485b614b47f7929e32e1fe358d,unavailable,False,False
r1-vendors8-datadome-idealista-native,vendors8,datadome-idealista,1,native,1,3,False,6.31e-05,6.21e-05,0,,,,False,local_deferral,True,1,aa20214658ca523f6fd19adeba1f8335d9b977485b614b47f7929e32e1fe358d,unavailable,False,False
r1-vendors8-akamai-newegg-native,vendors8,akamai-newegg,1,native,0,1,True,7.3736537,7.3736377,200,thin,warm,native,False,response,True,1,3d3de8351edac97854797c7fc60357dbc5b05a99eb8d76eb18c7d9feb04f87ff,useful,True,True
r1-vendors8-akamai-newegg-native,vendors8,akamai-newegg,1,native,0,2,True,4.054689,4.0546593,204,thin,warm,native,False,response,True,1,0018fbc85832f24355cc1025f5ba28380aa7bb8c5e45efeeb55401269bb8c160,useful,True,True
r1-vendors8-akamai-newegg-native,vendors8,akamai-newegg,1,native,0,3,True,5.2240707,5.2240563,200,thin,warm,native,False,response,True,1,d52c6ce154217a2acea788e8f13b194c22562ccc9191a574f6746af9b14bb7f9,useful,True,True
r1-vendors8-akamai-newegg-auto,vendors8,akamai-newegg,1,auto,1,1,True,0.3143099,0.3142943,200,thin,http,emulated,False,response,True,1,abd424e78e35624d7692899d05856105d9b41e6d7d074c22f780c41083a93438,useful,True,True
r1-vendors8-akamai-newegg-auto,vendors8,akamai-newegg,1,auto,1,2,True,0.8380152,0.8380011,200,thin,http,emulated,False,response,True,1,abd424e78e35624d7692899d05856105d9b41e6d7d074c22f780c41083a93438,useful,True,True
r1-vendors8-akamai-newegg-auto,vendors8,akamai-newegg,1,auto,1,3,True,1.0012239,1.0012109,200,thin,http,emulated,False,response,True,1,abd424e78e35624d7692899d05856105d9b41e6d7d074c22f780c41083a93438,useful,True,True
r1-vendors8-akamai-homedepot-auto,vendors8,akamai-homedepot,1,auto,0,1,True,55.0620712,55.0620619,200,thin,warm,native,True,response,True,1,afa5967c02eef4c893629bdd4eeee86150cc5ae620c0dc83a58e0c1363a00817,shell,False,False
r1-vendors8-akamai-homedepot-auto,vendors8,akamai-homedepot,1,auto,0,2,False,59.9071271,59.907123,200,,warm,emulated,True,timeout,True,1,b34bc3d39bb2a63c21231c94ad37e015e3f192d05826627cc2f92550e829972d,shell,False,False
r1-vendors8-akamai-homedepot-auto,vendors8,akamai-homedepot,1,auto,0,3,True,38.7224841,38.7224776,200,thin,warm,native,True,response,True,1,afa5967c02eef4c893629bdd4eeee86150cc5ae620c0dc83a58e0c1363a00817,shell,False,False
r1-vendors8-akamai-homedepot-native,vendors8,akamai-homedepot,1,native,1,1,True,18.4328696,18.4328618,200,thin,warm,native,False,response,True,1,9d0bafbc4875627781143b4afdd76733e598520c8cef08db07b3ea2a7eb1450b,shell,False,False
r1-vendors8-akamai-homedepot-native,vendors8,akamai-homedepot,1,native,1,2,True,4.7266535,4.7266472,200,thin,warm,native,False,response,True,1,9d0bafbc4875627781143b4afdd76733e598520c8cef08db07b3ea2a7eb1450b,shell,False,False
r1-vendors8-akamai-homedepot-native,vendors8,akamai-homedepot,1,native,1,3,True,17.8429583,17.8429537,200,thin,warm,native,False,response,True,1,9d0bafbc4875627781143b4afdd76733e598520c8cef08db07b3ea2a7eb1450b,shell,False,False
r1-hard12-wikipedia-native,hard12,wikipedia,1,native,0,1,True,7.3412098,7.340865,200,full,warm,native,False,response,False,1,67ab3543336d6146f57830e7d37df2e15b76d7e43afbc63fd038d8df675f625e,useful,True,True
r1-hard12-wikipedia-native,hard12,wikipedia,1,native,0,2,True,1.5917251000000001,1.5914028999999998,200,full,warm,native,False,response,False,1,67ab3543336d6146f57830e7d37df2e15b76d7e43afbc63fd038d8df675f625e,useful,True,True
r1-hard12-wikipedia-native,hard12,wikipedia,1,native,0,3,True,2.1064327,2.1061019,200,full,warm,native,False,response,False,1,67ab3543336d6146f57830e7d37df2e15b76d7e43afbc63fd038d8df675f625e,useful,True,True
r1-hard12-wikipedia-auto,hard12,wikipedia,1,auto,1,1,True,0.3027917,0.3024514,200,full,http,emulated,False,response,False,1,c460e9223f2d51f292ad2fc4bd0bca228bae548a9fe9b18810788b8a96f4b316,useful,True,True
r1-hard12-wikipedia-auto,hard12,wikipedia,1,auto,1,2,True,0.8143534,0.8140089,200,full,http,emulated,False,response,False,1,c460e9223f2d51f292ad2fc4bd0bca228bae548a9fe9b18810788b8a96f4b316,useful,True,True
r1-hard12-wikipedia-auto,hard12,wikipedia,1,auto,1,3,True,1.0001707,0.9998595,200,full,http,emulated,False,response,False,1,c460e9223f2d51f292ad2fc4bd0bca228bae548a9fe9b18810788b8a96f4b316,useful,True,True
r1-public31-newsfilecorp-auto,public31,newsfilecorp,1,auto,0,1,True,0.9544554,0.9544315,200,full,http,emulated,False,response,True,1,e1f33b10cbdbee3ffe6bd0c8ab01298a3fa4e19f96f417a61f5b0ab4b6da0698,partial,False,False
r1-public31-newsfilecorp-auto,public31,newsfilecorp,1,auto,0,2,True,0.3854828,0.3854624,200,full,http,emulated,False,response,True,1,e1f33b10cbdbee3ffe6bd0c8ab01298a3fa4e19f96f417a61f5b0ab4b6da0698,partial,False,False
r1-public31-newsfilecorp-auto,public31,newsfilecorp,1,auto,0,3,True,0.9355905,0.9355647,200,full,http,emulated,False,response,True,1,e1f33b10cbdbee3ffe6bd0c8ab01298a3fa4e19f96f417a61f5b0ab4b6da0698,partial,False,False
r1-public31-newsfilecorp-native,public31,newsfilecorp,1,native,1,1,True,9.2242057,9.2241842,200,thin,warm,native,False,response,True,1,e1f33b10cbdbee3ffe6bd0c8ab01298a3fa4e19f96f417a61f5b0ab4b6da0698,partial,False,False
r1-public31-newsfilecorp-native,public31,newsfilecorp,1,native,1,2,True,6.7689644,6.7689444,200,thin,warm,native,False,response,True,1,e1f33b10cbdbee3ffe6bd0c8ab01298a3fa4e19f96f417a61f5b0ab4b6da0698,partial,False,False
r1-public31-newsfilecorp-native,public31,newsfilecorp,1,native,1,3,True,1.6446568,1.6446517,200,thin,warm,native,False,response,True,1,7d61190954e6288ab0b94e011ca276dba93bc25a6aff43d8a6900ee8bd17f285,wall,False,False
r1-public31-pixelscan-bot-auto,public31,pixelscan-bot,1,auto,0,1,True,2.1205446,2.1205357,200,thin,http,emulated,False,response,True,1,6ea77fdfd6ff198998f99fe5195c83b80823f648a622ca043f5b6bb916df12c1,diagnostic-only,False,False
r1-public31-pixelscan-bot-auto,public31,pixelscan-bot,1,auto,0,2,True,0.8445059,0.8445007,200,thin,http,emulated,False,response,True,1,6ea77fdfd6ff198998f99fe5195c83b80823f648a622ca043f5b6bb916df12c1,diagnostic-only,False,False
r1-public31-pixelscan-bot-auto,public31,pixelscan-bot,1,auto,0,3,True,0.9714506,0.9714457,200,thin,http,emulated,False,response,True,1,6ea77fdfd6ff198998f99fe5195c83b80823f648a622ca043f5b6bb916df12c1,diagnostic-only,False,False
r1-public31-pixelscan-bot-native,public31,pixelscan-bot,1,native,1,1,True,4.0872488,4.087242,200,thin,warm,native,False,response,True,1,15a94dbf945e34c8274f1b0182c7e7cd2eb07c198a68094db715bcdd62dc9f1b,diagnostic-only,False,False
r1-public31-pixelscan-bot-native,public31,pixelscan-bot,1,native,1,2,True,2.5636098,2.5636041,200,thin,warm,native,False,response,True,1,15a94dbf945e34c8274f1b0182c7e7cd2eb07c198a68094db715bcdd62dc9f1b,diagnostic-only,False,False
r1-public31-pixelscan-bot-native,public31,pixelscan-bot,1,native,1,3,True,2.7059713,2.7059642,200,thin,warm,native,False,response,True,1,15a94dbf945e34c8274f1b0182c7e7cd2eb07c198a68094db715bcdd62dc9f1b,diagnostic-only,False,False
r1-public31-linkedin-jobs-native,public31,linkedin-jobs,1,native,0,1,False,31.1061981,31.1061909,200,,warm,native,False,wall_or_error,True,1,d1db94d7a5f2c43ed3f741443fe05f63dbaa04c387dbe655da1d3e35ba1d818a,useful,False,True
r1-public31-linkedin-jobs-native,public31,linkedin-jobs,1,native,0,2,False,23.5774451,23.5774408,200,,warm,native,False,wall_or_error,True,1,1de37eaa02c79049b63d52aeafb0ba5a8e43d31cf49d8a6dc1890621261f0f63,useful,False,True
r1-public31-linkedin-jobs-native,public31,linkedin-jobs,1,native,0,3,False,22.7569054,22.7569006,200,,warm,native,False,wall_or_error,True,1,eb40bea7ebc875da64015b1a62c912ac7a5a980b7d6746a0911cb2b36301e7d3,useful,False,True
r1-public31-linkedin-jobs-auto,public31,linkedin-jobs,1,auto,1,1,True,0.8647685,0.8647393,200,thin,http,emulated,False,response,True,1,23834761b253716541ee6f81368475920290150aae3ee8401044133d9fd91553,useful,True,True
r1-public31-linkedin-jobs-auto,public31,linkedin-jobs,1,auto,1,2,True,0.7178453,0.7178216,200,thin,http,emulated,False,response,True,1,7f7932ad94acb83c688445f4d6dca56ef00ad967a9b2d2a50d7f57e2e828dd57,useful,True,True
r1-public31-linkedin-jobs-auto,public31,linkedin-jobs,1,auto,1,3,True,0.9877354,0.9877108,200,thin,http,emulated,False,response,True,1,695f7f17484754e3c20480b06cbf05546852626f939b42049b52a417615f9070,useful,True,True
r1-vendors8-kasada-twitch-auto,vendors8,kasada-twitch,1,auto,0,1,True,3.8817282,3.8817133,200,thin,browser,emulated,False,response,True,1,0bf5ee3abd9808eb24d4930ace12535669df95a1327448e5a213f2fc6e9cc476,useful,True,True
r1-vendors8-kasada-twitch-auto,vendors8,kasada-twitch,1,auto,0,2,True,6.7811173,6.7811002,200,thin,browser,emulated,False,response,True,1,152aea18606e04217ac5fd5c7f398ca08f4c8158f9fc74ca8c16b3aec72c6c4c,useful,True,True
r1-vendors8-kasada-twitch-auto,vendors8,kasada-twitch,1,auto,0,3,True,1.6762871000000001,1.676276,200,thin,browser,emulated,False,response,True,1,152aea18606e04217ac5fd5c7f398ca08f4c8158f9fc74ca8c16b3aec72c6c4c,useful,True,True
r1-vendors8-kasada-twitch-native,vendors8,kasada-twitch,1,native,1,1,True,8.7316053,8.7315883,200,thin,warm,native,False,response,True,1,29c6d4afc5a5e0297df1a1220565e9c876aaedc0357799ba37d13c51e8eb2856,useful,True,True
r1-vendors8-kasada-twitch-native,vendors8,kasada-twitch,1,native,1,2,True,1.8548672000000002,1.8548524,200,thin,warm,native,False,response,True,1,29c6d4afc5a5e0297df1a1220565e9c876aaedc0357799ba37d13c51e8eb2856,useful,True,True
r1-vendors8-kasada-twitch-native,vendors8,kasada-twitch,1,native,1,3,True,2.2996391,2.2996254,200,thin,warm,native,False,response,True,1,afc6a8e1a5dae19151c971688761cef36674ec2954f21a835e4547eec5d470bb,useful,True,True
r1-public31-sedarplus-native,public31,sedarplus,1,native,0,1,True,27.6543723,27.654365,200,thin,warm,native,False,response,True,1,b5d0546553fbf9a41c1dc2fd9f4a709a62eded6687e1a584762303758f2745ee,wall,False,False
r1-public31-sedarplus-native,public31,sedarplus,1,native,0,2,True,22.4494456,22.4494398,200,thin,warm,native,False,response,True,1,11491868424ed2f0e7a0234f47081740241388c8bc5598d2603932e15a00dcf2,wall,False,False
r1-public31-sedarplus-native,public31,sedarplus,1,native,0,3,True,21.5724904,21.5724843,200,thin,warm,native,False,response,True,1,ab87451527d30a978099837b4bd12dc08ec456b92cfe359c3149c408f1186368,wall,False,False
r1-public31-sedarplus-auto,public31,sedarplus,1,auto,1,1,True,0.6850887,0.6850806,200,full,http,emulated,False,response,True,1,86cc88c59d74bf3997c08c33bab3f891d96d55deb9da54ec5d83690a5576519d,useful,True,True
r1-public31-sedarplus-auto,public31,sedarplus,1,auto,1,2,True,0.7970344,0.7970295,200,full,http,emulated,False,response,True,1,86cc88c59d74bf3997c08c33bab3f891d96d55deb9da54ec5d83690a5576519d,useful,True,True
r1-public31-sedarplus-auto,public31,sedarplus,1,auto,1,3,True,1.0334541,1.0334496,200,full,http,emulated,False,response,True,1,86cc88c59d74bf3997c08c33bab3f891d96d55deb9da54ec5d83690a5576519d,useful,True,True
r1-hard12-nowsecure-auto,hard12,nowsecure,1,auto,0,1,True,4.6086202,4.6086131,200,thin,browser,emulated,False,response,True,1,f48402c8e452204b8ccadc105ec7bb61bd971e066fa27978cc4f843804b78b5a,diagnostic-only,False,False
r1-hard12-nowsecure-auto,hard12,nowsecure,1,auto,0,2,True,3.4726004,3.4725951999999998,200,thin,browser,emulated,False,response,True,1,f48402c8e452204b8ccadc105ec7bb61bd971e066fa27978cc4f843804b78b5a,diagnostic-only,False,False
r1-hard12-nowsecure-auto,hard12,nowsecure,1,auto,0,3,True,2.2413547,2.2413494,200,thin,browser,emulated,False,response,True,1,f48402c8e452204b8ccadc105ec7bb61bd971e066fa27978cc4f843804b78b5a,diagnostic-only,False,False
r1-hard12-nowsecure-native,hard12,nowsecure,1,native,1,1,True,23.8686134,23.8686068,200,thin,warm,native,False,response,True,1,f48402c8e452204b8ccadc105ec7bb61bd971e066fa27978cc4f843804b78b5a,diagnostic-only,False,False
r1-hard12-nowsecure-native,hard12,nowsecure,1,native,1,2,True,22.361625,22.3616184,200,thin,warm,native,False,response,True,1,f48402c8e452204b8ccadc105ec7bb61bd971e066fa27978cc4f843804b78b5a,diagnostic-only,False,False
r1-hard12-nowsecure-native,hard12,nowsecure,1,native,1,3,True,22.3588044,22.3587988,200,thin,warm,native,False,response,True,1,f48402c8e452204b8ccadc105ec7bb61bd971e066fa27978cc4f843804b78b5a,diagnostic-only,False,False
r1-public31-bot-incolumitas-auto,public31,bot-incolumitas,1,auto,0,1,True,0.7766396,0.7766299,200,full,http,emulated,False,response,True,1,c8171629aae01e2c3a2c33c5ddbf2a8d7a30c154d665252896b00b479707409a,diagnostic-only,False,False
r1-public31-bot-incolumitas-auto,public31,bot-incolumitas,1,auto,0,2,True,0.4103932,0.4103856,200,full,http,emulated,False,response,True,1,c8171629aae01e2c3a2c33c5ddbf2a8d7a30c154d665252896b00b479707409a,diagnostic-only,False,False
r1-public31-bot-incolumitas-auto,public31,bot-incolumitas,1,auto,0,3,True,1.000981,1.0009756,200,full,http,emulated,False,response,True,1,c8171629aae01e2c3a2c33c5ddbf2a8d7a30c154d665252896b00b479707409a,diagnostic-only,False,False
r1-public31-bot-incolumitas-native,public31,bot-incolumitas,1,native,1,1,True,4.2772019,4.2771737,200,full,warm,native,False,response,True,1,12a5b487c9a7884c135f2a6cdb79b87f8e2836a7846338389e8094550d3e8713,diagnostic-only,False,False
r1-public31-bot-incolumitas-native,public31,bot-incolumitas,1,native,1,2,True,2.1592556,2.159229,200,full,warm,native,False,response,True,1,fa070bd13692a51f1630208820374f9fe1cae5ffadfab9fbf8ae63cfe82bdf0a,diagnostic-only,False,False
r1-public31-bot-incolumitas-native,public31,bot-incolumitas,1,native,1,3,True,2.302915,2.3028862,200,full,warm,native,False,response,True,1,90b67426213f5b4ab81d7185681bac7a2bd4ec1c7569737e80754e3cd48dd735,diagnostic-only,False,False
r1-hard12-amazon-native,hard12,amazon,1,native,0,1,True,3.4916271,3.4915705,200,thin,warm,native,False,response,True,1,14270709b275c2d6fe1e311681e247ab6118d169edbccf38b963ac8f5b253281,useful,True,True
r1-hard12-amazon-native,hard12,amazon,1,native,0,2,True,2.4022454,2.4021942,200,thin,warm,native,False,response,True,1,a5f07c9deafc164504a7fe2b92cddda17d56d1c97ddf87e419501b0036034e0b,useful,True,True
r1-hard12-amazon-native,hard12,amazon,1,native,0,3,True,2.3948772,2.39482,200,thin,warm,native,False,response,True,1,860be5e5b81060bf3150b44840abf7252903858a0a4c7bd3e405fef31aaad5a9,useful,True,True
r1-hard12-amazon-auto,hard12,amazon,1,auto,1,1,False,0.2291549,0.2291481,503,,http,emulated,False,wall_or_error,True,1,69009ccc60a2e03da6e3efaa6a5eec88926ba0369e89d17987e0f1133f216ba9,unavailable,False,False
r1-hard12-amazon-auto,hard12,amazon,1,auto,1,2,False,0.0001879,0.0001869,0,,,,False,local_deferral,True,1,942988624b387ded52da63d60894ad643a250ae021a3615a4c9903e9a0899433,unavailable,False,False
r1-hard12-amazon-auto,hard12,amazon,1,auto,1,3,False,0.0001455,0.0001441,0,,,,False,local_deferral,True,1,942988624b387ded52da63d60894ad643a250ae021a3615a4c9903e9a0899433,unavailable,False,False
r1-public31-tls-peet-auto,public31,tls-peet,1,auto,0,1,True,0.5265187,0.5265072,200,thin,http,emulated,False,response,True,1,1443abf700026cda37457efe49a54f391ccb96be1593e94f1d75f61ed1ec6457,diagnostic-only,False,False
r1-public31-tls-peet-auto,public31,tls-peet,1,auto,0,2,True,0.752665,0.75266,200,thin,http,emulated,False,response,True,1,b1ba399b5a715a6dd0621b7ea4db8d78365a984537a324b59e1d565a378a582d,diagnostic-only,False,False
r1-public31-tls-peet-auto,public31,tls-peet,1,auto,0,3,True,0.9905077,0.9904987,200,thin,http,emulated,False,response,True,1,3277e9c30d364d17a9387bd0dbed6b206d5f22aac42fcf6043f6fbabfaac48c7,diagnostic-only,False,False
r1-public31-tls-peet-native,public31,tls-peet,1,native,1,1,True,7.9350218,7.9350145,200,thin,warm,native,False,response,True,1,ce03dd3ebb662f02bf658ae01fb63998b2293f4d96c8b6eaaed26e597d7a30fb,diagnostic-only,False,False
r1-public31-tls-peet-native,public31,tls-peet,1,native,1,2,True,1.4554488,1.4554429,200,thin,warm,native,False,response,True,1,f8145188c4f88f01c742329086e88dd6e2d5de823743a4c1b858962e750f2c75,diagnostic-only,False,False
r1-public31-tls-peet-native,public31,tls-peet,1,native,1,3,True,2.1633799,2.1633747,200,thin,warm,native,False,response,True,1,58282fc1fff19a2d1c289b501adca9ad8b45122dde1f5ce807a2566ebbe912b4,diagnostic-only,False,False
r1-public31-github-explore-auto,public31,github-explore,1,auto,0,1,True,2.8130264,2.8130117,200,thin,http,emulated,False,response,True,1,dbb9c4676d2055789a99f55656a70a527714846febf28b4938f4e62790ccc97d,partial,False,False
r1-public31-github-explore-auto,public31,github-explore,1,auto,0,2,True,0.0878913,0.0878834,200,thin,http,emulated,False,response,True,1,dbb9c4676d2055789a99f55656a70a527714846febf28b4938f4e62790ccc97d,partial,False,False
r1-public31-github-explore-auto,public31,github-explore,1,auto,0,3,True,1.0083424,1.0083323,200,thin,http,emulated,False,response,True,1,dbb9c4676d2055789a99f55656a70a527714846febf28b4938f4e62790ccc97d,partial,False,False
r1-public31-github-explore-native,public31,github-explore,1,native,1,1,True,9.7949103,9.7948996,200,thin,warm,native,False,response,True,1,dbb9c4676d2055789a99f55656a70a527714846febf28b4938f4e62790ccc97d,partial,False,False
r1-public31-github-explore-native,public31,github-explore,1,native,1,2,True,1.9814623999999998,1.9814503,200,thin,warm,native,False,response,True,1,dbde29e9de37d416061d55e792654707f9d7025713289131881976f3b99d0368,partial,False,False
r1-public31-github-explore-native,public31,github-explore,1,native,1,3,True,2.4860105,2.4860047,200,thin,warm,native,False,response,True,1,dbde29e9de37d416061d55e792654707f9d7025713289131881976f3b99d0368,partial,False,False
r1-hard12-stackoverflow-auto,hard12,stackoverflow,1,auto,0,1,True,7.6088988,7.6088878,200,thin,stealth,emulated,False,response,True,1,82978a94f66b3a0cce82bfca3eaf9bd166acd83af17202483a908e66086919fe,useful,True,True
r1-hard12-stackoverflow-auto,hard12,stackoverflow,1,auto,0,2,True,5.2730279,5.2730195,200,thin,browser,emulated,False,response,True,1,82978a94f66b3a0cce82bfca3eaf9bd166acd83af17202483a908e66086919fe,useful,True,True
r1-hard12-stackoverflow-auto,hard12,stackoverflow,1,auto,0,3,True,1.831939,1.8319326,200,thin,browser,emulated,False,response,True,1,82978a94f66b3a0cce82bfca3eaf9bd166acd83af17202483a908e66086919fe,useful,True,True
r1-hard12-stackoverflow-native,hard12,stackoverflow,1,native,1,1,True,10.5736391,10.5736295,200,thin,warm,native,False,response,True,1,82978a94f66b3a0cce82bfca3eaf9bd166acd83af17202483a908e66086919fe,useful,True,True
r1-hard12-stackoverflow-native,hard12,stackoverflow,1,native,1,2,True,1.7724142999999999,1.7724061,200,thin,warm,native,False,response,True,1,82978a94f66b3a0cce82bfca3eaf9bd166acd83af17202483a908e66086919fe,useful,True,True
r1-hard12-stackoverflow-native,hard12,stackoverflow,1,native,1,3,True,2.8377483999999997,2.8377411,200,thin,warm,native,False,response,True,1,82978a94f66b3a0cce82bfca3eaf9bd166acd83af17202483a908e66086919fe,useful,True,True
r1-public31-instagram-post-auto,public31,instagram-post,1,auto,0,1,True,3.9409295,3.9409217,200,thin,browser,emulated,False,response,True,1,1fca0289753eb2981bff32b44504848c2a8cbcf4eabc802456a77ceebc40f6c6,unavailable,False,False
r1-public31-instagram-post-auto,public31,instagram-post,1,auto,0,2,True,3.0762298,3.0762258,200,thin,browser,emulated,False,response,True,1,1fca0289753eb2981bff32b44504848c2a8cbcf4eabc802456a77ceebc40f6c6,unavailable,False,False
r1-public31-instagram-post-auto,public31,instagram-post,1,auto,0,3,True,1.9624641,1.9624587,200,thin,browser,emulated,False,response,True,1,1fca0289753eb2981bff32b44504848c2a8cbcf4eabc802456a77ceebc40f6c6,unavailable,False,False
r1-public31-instagram-post-native,public31,instagram-post,1,native,1,1,True,30.3194767,30.3194706,200,thin,warm,native,False,response,True,1,c9c3513873c0b4dafe628724ebb8b71d3ce807031dbc8a71f05974bcefc0a1b1,unavailable,False,False
r1-public31-instagram-post-native,public31,instagram-post,1,native,1,2,True,22.6053618,22.6053551,200,thin,warm,native,False,response,True,1,c9c3513873c0b4dafe628724ebb8b71d3ce807031dbc8a71f05974bcefc0a1b1,unavailable,False,False
r1-public31-instagram-post-native,public31,instagram-post,1,native,1,3,True,23.053187,23.0531771,200,thin,warm,native,False,response,True,1,c9c3513873c0b4dafe628724ebb8b71d3ce807031dbc8a71f05974bcefc0a1b1,unavailable,False,False
r1-public31-booking-search-auto,public31,booking-search,1,auto,0,1,True,10.2873389,10.2873309,200,thin,stealth,emulated,False,response,True,1,f9bc25e63cfef231cc21a597c3ec2b20bad07111088a83f9e49cdaf072d968e2,useful,True,True
r1-public31-booking-search-auto,public31,booking-search,1,auto,0,2,True,5.2961511,5.2961423,200,thin,browser,emulated,False,response,True,1,31d8c7a436cf7da4744608c9d115cd04a6a638263576bf12960ff4c37341554e,useful,True,True
r1-public31-booking-search-auto,public31,booking-search,1,auto,0,3,True,3.1631751,3.1631659,200,thin,browser,emulated,False,response,True,1,46409c1a37411f8171b3e26ee9e258a44d43948f22ea551ba0fdfe19fdf94e62,useful,True,True
r1-public31-booking-search-native,public31,booking-search,1,native,1,1,True,11.2975894,11.297582,200,thin,warm,native,False,response,True,1,2f177e7ed23561fe26aa18782c057e98006d12c57bd2f8b2fc946e38bddba5aa,useful,True,True
r1-public31-booking-search-native,public31,booking-search,1,native,1,2,True,2.8257209,2.8257157,200,thin,warm,native,False,response,True,1,2f3adb2c5cdbf4fd9c5b8e0766665b1f2f5059c763a5d0513682212cabda2a13,useful,True,True
r1-public31-booking-search-native,public31,booking-search,1,native,1,3,True,4.5360085,4.5360004,200,thin,warm,native,False,response,True,1,2f177e7ed23561fe26aa18782c057e98006d12c57bd2f8b2fc946e38bddba5aa,useful,True,True
r1-public31-nowsecure-cf-auto,public31,nowsecure-cf,1,auto,0,1,True,3.4048632,3.4048553,200,thin,browser,emulated,False,response,True,1,f48402c8e452204b8ccadc105ec7bb61bd971e066fa27978cc4f843804b78b5a,diagnostic-only,False,False
r1-public31-nowsecure-cf-auto,public31,nowsecure-cf,1,auto,0,2,True,1.5265852,1.5265800999999999,200,thin,browser,emulated,False,response,True,1,f48402c8e452204b8ccadc105ec7bb61bd971e066fa27978cc4f843804b78b5a,diagnostic-only,False,False
r1-public31-nowsecure-cf-auto,public31,nowsecure-cf,1,auto,0,3,True,4.3704502,4.370445,200,thin,browser,emulated,False,response,True,1,f48402c8e452204b8ccadc105ec7bb61bd971e066fa27978cc4f843804b78b5a,diagnostic-only,False,False
r1-public31-nowsecure-cf-native,public31,nowsecure-cf,1,native,1,1,True,22.8618727,22.8618661,200,thin,warm,native,False,response,True,1,f48402c8e452204b8ccadc105ec7bb61bd971e066fa27978cc4f843804b78b5a,diagnostic-only,False,False
r1-public31-nowsecure-cf-native,public31,nowsecure-cf,1,native,1,2,True,38.8965076,38.8965019,200,thin,warm,native,False,response,True,1,f48402c8e452204b8ccadc105ec7bb61bd971e066fa27978cc4f843804b78b5a,diagnostic-only,False,False
r1-public31-nowsecure-cf-native,public31,nowsecure-cf,1,native,1,3,False,0.0001098,0.0001089,0,,,,False,local_deferral,True,1,c45390d7e139beb7fb13eee4aae6bb6f457168a8fff9db485f56e1756f60df8d,unavailable,False,False
r1-public31-google-search-native,public31,google-search,1,native,0,1,True,28.4822058,28.4821997,200,thin,warm,native,False,response,True,1,8f6e2f889220c55196d2eed45e2d233f6d0d46e01c08d01a98aa3090c9af9079,wall,False,False
r1-public31-google-search-native,public31,google-search,1,native,0,2,True,21.990216,21.9902115,200,thin,warm,native,False,response,True,1,6f798b821d82ec70c45b8a069b6866eb5d1979b0088fdf423566b2670945c7c9,wall,False,False
r1-public31-google-search-native,public31,google-search,1,native,0,3,True,22.03656,22.0365545,200,thin,warm,native,False,response,True,1,1db4263194ee39950bf156b9dfd84379fbb946bf406c55b04629c881fdcde0b7,wall,False,False
r1-public31-google-search-auto,public31,google-search,1,auto,1,1,False,0.7435152,0.7435079,429,,http,emulated,False,wall_or_error,True,1,9970a81e0429099117765e3406ce56c503ce6e755ab32f2a6ed2662c22e591f5,wall,False,False
r1-public31-google-search-auto,public31,google-search,1,auto,1,2,False,0.0002509,0.0002499,0,,,,False,local_deferral,True,1,e16fd60e17919bd2f9782f743885c4b2250951f816bb579c1a2d779121f2b917,unavailable,False,False
r1-public31-google-search-auto,public31,google-search,1,auto,1,3,False,0.0001643,0.0001628,0,,,,False,local_deferral,True,1,e16fd60e17919bd2f9782f743885c4b2250951f816bb579c1a2d779121f2b917,unavailable,False,False
r1-hard12-hackernews-auto,hard12,hackernews,1,auto,0,1,True,0.3740141,0.3740048,200,thin,http,emulated,False,response,True,1,ee62f581b3061e93c82dde342939e89918074c8c8f1d9df405648f3791eafaa2,useful,True,True
r1-hard12-hackernews-auto,hard12,hackernews,1,auto,0,2,True,0.7343373,0.7343266,200,thin,http,emulated,False,response,True,1,ee62f581b3061e93c82dde342939e89918074c8c8f1d9df405648f3791eafaa2,useful,True,True
r1-hard12-hackernews-auto,hard12,hackernews,1,auto,0,3,True,0.9920115,0.9920057,200,thin,http,emulated,False,response,True,1,ee62f581b3061e93c82dde342939e89918074c8c8f1d9df405648f3791eafaa2,useful,True,True
r1-hard12-hackernews-native,hard12,hackernews,1,native,1,1,True,2.3306262,2.3306054,200,thin,warm,native,False,response,True,1,ee62f581b3061e93c82dde342939e89918074c8c8f1d9df405648f3791eafaa2,useful,True,True
r1-hard12-hackernews-native,hard12,hackernews,1,native,1,2,True,1.4308827,1.4308640000000001,200,thin,warm,native,False,response,True,1,ee62f581b3061e93c82dde342939e89918074c8c8f1d9df405648f3791eafaa2,useful,True,True
r1-hard12-hackernews-native,hard12,hackernews,1,native,1,3,True,1.4311768,1.4311498,200,thin,warm,native,False,response,True,1,ee62f581b3061e93c82dde342939e89918074c8c8f1d9df405648f3791eafaa2,useful,True,True
r1-public31-browserleaks-tls-native,public31,browserleaks-tls,1,native,0,1,True,7.4021714,7.4021657,200,thin,warm,native,False,response,True,1,80e19363a9f8aae173d3c17bfdbcc2c23aa60fea2fb06abd092561acc5217e44,diagnostic-only,False,False
r1-public31-browserleaks-tls-native,public31,browserleaks-tls,1,native,0,2,True,1.4712189,1.4712137,200,thin,warm,native,False,response,True,1,80e19363a9f8aae173d3c17bfdbcc2c23aa60fea2fb06abd092561acc5217e44,diagnostic-only,False,False
r1-public31-browserleaks-tls-native,public31,browserleaks-tls,1,native,0,3,True,2.053162,2.0531573,200,thin,warm,native,False,response,True,1,80e19363a9f8aae173d3c17bfdbcc2c23aa60fea2fb06abd092561acc5217e44,diagnostic-only,False,False
r1-public31-browserleaks-tls-auto,public31,browserleaks-tls,1,auto,1,1,True,0.429964,0.429955,200,thin,http,emulated,False,response,True,1,ea793c4bede05b2f9c445e49fe9ed6274cbe2d13026fb71ebc39d5a9226ace67,diagnostic-only,False,False
r1-public31-browserleaks-tls-auto,public31,browserleaks-tls,1,auto,1,2,True,0.7970187,0.7970136,200,thin,http,emulated,False,response,True,1,8bed0df7d280b69be46c717f8e9d055d6cf791bcb935b38c616f2bf4b499b673,diagnostic-only,False,False
r1-public31-browserleaks-tls-auto,public31,browserleaks-tls,1,auto,1,3,True,0.9904789,0.9904743,200,thin,http,emulated,False,response,True,1,7c9611f7a04f680c0a6e1ce34311e377b490aa03a3f90cf5502baece7a00bc3e,diagnostic-only,False,False
r1-public31-x-explore-native,public31,x-explore,1,native,0,1,False,31.3962684,31.3962614,200,,warm,native,False,wall_or_error,True,1,5c66dcd5389e5bb95cc52f5dce4bfa7fdbb04bd20cf513fa8c05d685d79be04b,wall,False,False
r1-public31-x-explore-native,public31,x-explore,1,native,0,2,False,23.2943046,23.2942996,200,,warm,native,False,wall_or_error,True,1,5c66dcd5389e5bb95cc52f5dce4bfa7fdbb04bd20cf513fa8c05d685d79be04b,wall,False,False
r1-public31-x-explore-native,public31,x-explore,1,native,0,3,False,22.830793,22.8307882,200,,warm,native,False,wall_or_error,True,1,5c66dcd5389e5bb95cc52f5dce4bfa7fdbb04bd20cf513fa8c05d685d79be04b,wall,False,False
r1-public31-x-explore-auto,public31,x-explore,1,auto,1,1,False,59.9191986,59.9191924,200,,warm,emulated,False,timeout,True,1,5c66dcd5389e5bb95cc52f5dce4bfa7fdbb04bd20cf513fa8c05d685d79be04b,wall,False,False
r1-public31-x-explore-auto,public31,x-explore,1,auto,1,2,False,59.6504651,59.650461,200,,browser,emulated,False,wall_or_error,True,1,5c66dcd5389e5bb95cc52f5dce4bfa7fdbb04bd20cf513fa8c05d685d79be04b,wall,False,False
r1-public31-x-explore-auto,public31,x-explore,1,auto,1,3,False,0.0001201,0.0001191,0,,,,False,local_deferral,True,1,f60c72d66c18a139838d490bb561bd82c4f7d966869407d24e08cd557ece2b8e,unavailable,False,False
r1-vendors8-cloudflare-crunchbase-native,vendors8,cloudflare-crunchbase,1,native,0,1,True,7.3197925,7.3197838,200,thin,warm,native,False,response,True,1,bbe8e2dbd2c5d803d433496fceda1c6d936fdbbe9115039948d9e702695dc5b6,useful,True,True
r1-vendors8-cloudflare-crunchbase-native,vendors8,cloudflare-crunchbase,1,native,0,2,True,1.9836580000000001,1.9836411,200,thin,warm,native,False,response,True,1,bbe8e2dbd2c5d803d433496fceda1c6d936fdbbe9115039948d9e702695dc5b6,useful,True,True
r1-vendors8-cloudflare-crunchbase-native,vendors8,cloudflare-crunchbase,1,native,0,3,True,2.2640173,2.2639988,200,thin,warm,native,False,response,True,1,bbe8e2dbd2c5d803d433496fceda1c6d936fdbbe9115039948d9e702695dc5b6,useful,True,True
r1-vendors8-cloudflare-crunchbase-auto,vendors8,cloudflare-crunchbase,1,auto,1,1,False,59.912936,59.91293,200,,warm,emulated,False,timeout,True,1,e82cbac77c62fa6c2888f6b5aef4c0972d51cca28f5cf90ed10bb713c0e6ffe7,wall,False,False
r1-vendors8-cloudflare-crunchbase-auto,vendors8,cloudflare-crunchbase,1,auto,1,2,False,59.9164472,59.9164429,403,,http,emulated,False,timeout,True,1,5be09cf3f6686db0ecd90dcd337d518305ac6ea4ad815dd2c7069eba166161b0,wall,False,False
r1-vendors8-cloudflare-crunchbase-auto,vendors8,cloudflare-crunchbase,1,auto,1,3,False,59.9142224,59.9142188,0,,,,False,timeout,True,1,1244029dff925f904d364bb3a8306944c2da4a587916d9579decde8d707063cf,unavailable,False,False
r1-public31-stackoverflow-native,public31,stackoverflow,1,native,0,1,True,2.3354122999999998,2.3354053,200,thin,warm,native,False,response,True,1,d8e0688141e71bba4bfb0590f5e33fe6a9b381169a6c7ae3d238a444892c0f08,useful,True,True
r1-public31-stackoverflow-native,public31,stackoverflow,1,native,0,2,True,2.1780743,2.1780673,200,thin,warm,native,False,response,True,1,d8e0688141e71bba4bfb0590f5e33fe6a9b381169a6c7ae3d238a444892c0f08,useful,True,True
r1-public31-stackoverflow-native,public31,stackoverflow,1,native,0,3,True,1.9083856,1.9083801,200,thin,warm,native,False,response,True,1,d8e0688141e71bba4bfb0590f5e33fe6a9b381169a6c7ae3d238a444892c0f08,useful,True,True
r1-public31-stackoverflow-auto,public31,stackoverflow,1,auto,1,1,True,6.0952651,6.0952511,200,thin,stealth,emulated,False,response,True,1,d8e0688141e71bba4bfb0590f5e33fe6a9b381169a6c7ae3d238a444892c0f08,useful,True,True
r1-public31-stackoverflow-auto,public31,stackoverflow,1,auto,1,2,True,1.9314561000000001,1.931445,200,thin,browser,emulated,False,response,True,1,d8e0688141e71bba4bfb0590f5e33fe6a9b381169a6c7ae3d238a444892c0f08,useful,True,True
r1-public31-stackoverflow-auto,public31,stackoverflow,1,auto,1,3,True,1.7377544,1.7377449999999999,200,thin,browser,emulated,False,response,True,1,d8e0688141e71bba4bfb0590f5e33fe6a9b381169a6c7ae3d238a444892c0f08,useful,True,True
r1-vendors8-kasada-hyatt-native,vendors8,kasada-hyatt,1,native,0,1,False,55.9054958,55.9054898,200,,warm,native,False,wall_or_error,True,1,582e789eea74ff60ae137b77e961b00fb3d6eed4b091770ca719fb8b48c2af62,unavailable,False,False
r1-vendors8-kasada-hyatt-native,vendors8,kasada-hyatt,1,native,0,2,False,52.1769804,52.176977,200,,warm,native,False,wall_or_error,True,1,582e789eea74ff60ae137b77e961b00fb3d6eed4b091770ca719fb8b48c2af62,unavailable,False,False
r1-vendors8-kasada-hyatt-native,vendors8,kasada-hyatt,1,native,0,3,False,52.4810362,52.4810315,200,,warm,native,False,wall_or_error,True,1,582e789eea74ff60ae137b77e961b00fb3d6eed4b091770ca719fb8b48c2af62,unavailable,False,False
r1-vendors8-kasada-hyatt-auto,vendors8,kasada-hyatt,1,auto,1,1,False,0.1844587,0.1844513,429,,http,emulated,False,wall_or_error,True,1,d9bb9a6d0d03402b2541c4c4e570192cd093e2574705f963dd1df740588e18ce,unavailable,False,False
r1-vendors8-kasada-hyatt-auto,vendors8,kasada-hyatt,1,auto,1,2,False,0.0001949,0.0001939,0,,,,False,local_deferral,True,1,dabbaad9d533765176977299dde83391a78dcf5f1a09dfc7d6a775b522e5d832,unavailable,False,False
r1-vendors8-kasada-hyatt-auto,vendors8,kasada-hyatt,1,auto,1,3,False,0.0001456,0.0001446,0,,,,False,local_deferral,True,1,dabbaad9d533765176977299dde83391a78dcf5f1a09dfc7d6a775b522e5d832,unavailable,False,False
r1-public31-creepjs-native,public31,creepjs,1,native,0,1,True,7.3718139,7.3718075,200,full,warm,native,False,response,True,1,ed61b53b0992ba42ea21adf916248068e97d405c2de360d63106abd9ff4fc018,diagnostic-only,False,False
r1-public31-creepjs-native,public31,creepjs,1,native,0,2,True,1.4529173,1.4529115,200,full,warm,native,False,response,True,1,ed61b53b0992ba42ea21adf916248068e97d405c2de360d63106abd9ff4fc018,diagnostic-only,False,False
r1-public31-creepjs-native,public31,creepjs,1,native,0,3,True,2.0972517,2.097245,200,full,warm,native,False,response,True,1,ed61b53b0992ba42ea21adf916248068e97d405c2de360d63106abd9ff4fc018,diagnostic-only,False,False
r1-public31-creepjs-auto,public31,creepjs,1,auto,1,1,True,0.0850418,0.0850332,200,full,http,emulated,False,response,True,1,ed61b53b0992ba42ea21adf916248068e97d405c2de360d63106abd9ff4fc018,diagnostic-only,False,False
r1-public31-creepjs-auto,public31,creepjs,1,auto,1,2,True,0.9485275,0.9485208,200,full,http,emulated,False,response,True,1,ed61b53b0992ba42ea21adf916248068e97d405c2de360d63106abd9ff4fc018,diagnostic-only,False,False
r1-public31-creepjs-auto,public31,creepjs,1,auto,1,3,True,1.0040649,1.0040566,200,full,http,emulated,False,response,True,1,ed61b53b0992ba42ea21adf916248068e97d405c2de360d63106abd9ff4fc018,diagnostic-only,False,False
r1-hard12-crunchbase-auto,hard12,crunchbase,1,auto,0,1,False,4.2379146,4.2379072,200,,browser,emulated,False,wall_or_error,True,1,2bb2a9db77e52049b22115dcd9eaf1e7563c51b20518deab35c55e4ca39e3595,wall,False,False
r1-hard12-crunchbase-auto,hard12,crunchbase,1,auto,0,2,False,0.0001175,0.0001163,0,,,,False,local_deferral,True,1,741a693abfa635a5f3ddad57491e3b8aff1b6c8062a905dd09a88b1271fbd91b,unavailable,False,False
r1-hard12-crunchbase-auto,hard12,crunchbase,1,auto,0,3,False,6.67e-05,6.56e-05,0,,,,False,local_deferral,True,1,741a693abfa635a5f3ddad57491e3b8aff1b6c8062a905dd09a88b1271fbd91b,unavailable,False,False
r1-hard12-crunchbase-native,hard12,crunchbase,1,native,1,1,False,0.0013696,0.001364,0,,,,False,local_deferral,True,1,741a693abfa635a5f3ddad57491e3b8aff1b6c8062a905dd09a88b1271fbd91b,unavailable,False,False
r1-hard12-crunchbase-native,hard12,crunchbase,1,native,1,2,False,7.68e-05,7.59e-05,0,,,,False,local_deferral,True,1,741a693abfa635a5f3ddad57491e3b8aff1b6c8062a905dd09a88b1271fbd91b,unavailable,False,False
r1-hard12-crunchbase-native,hard12,crunchbase,1,native,1,3,False,6.18e-05,6.08e-05,0,,,,False,local_deferral,True,1,741a693abfa635a5f3ddad57491e3b8aff1b6c8062a905dd09a88b1271fbd91b,unavailable,False,False
r1-hard12-example-native,hard12,example,1,native,0,1,True,23.0905014,23.0904943,200,thin,warm,native,False,response,True,1,7a5d955914cbd88734d88d9d6a43bcf1c4cdfe8fd2ebd014f44522ca1e6f35a6,useful,True,True
r1-hard12-example-native,hard12,example,1,native,0,2,True,21.5942924,21.594287,200,thin,warm,native,False,response,True,1,7a5d955914cbd88734d88d9d6a43bcf1c4cdfe8fd2ebd014f44522ca1e6f35a6,useful,True,True
r1-hard12-example-native,hard12,example,1,native,0,3,True,21.6739272,21.6739209,200,thin,warm,native,False,response,True,1,7a5d955914cbd88734d88d9d6a43bcf1c4cdfe8fd2ebd014f44522ca1e6f35a6,useful,True,True
r1-hard12-example-auto,hard12,example,1,auto,1,1,True,0.1980228,0.1980151,200,thin,http,emulated,False,response,True,1,7a5d955914cbd88734d88d9d6a43bcf1c4cdfe8fd2ebd014f44522ca1e6f35a6,useful,True,True
r1-hard12-example-auto,hard12,example,1,auto,1,2,True,0.8734872,0.8734834,200,thin,http,emulated,False,response,True,1,7a5d955914cbd88734d88d9d6a43bcf1c4cdfe8fd2ebd014f44522ca1e6f35a6,useful,True,True
r1-hard12-example-auto,hard12,example,1,auto,1,3,True,0.996078,0.9960733,200,thin,http,emulated,False,response,True,1,7a5d955914cbd88734d88d9d6a43bcf1c4cdfe8fd2ebd014f44522ca1e6f35a6,useful,True,True
r2-vendors8-kasada-hyatt-auto,vendors8,kasada-hyatt,2,auto,0,1,False,0.0017154,0.0017098,0,,,,False,local_deferral,True,1,dabbaad9d533765176977299dde83391a78dcf5f1a09dfc7d6a775b522e5d832,unavailable,False,False
r2-vendors8-kasada-hyatt-auto,vendors8,kasada-hyatt,2,auto,0,2,False,0.0001572,0.0001559,0,,,,False,local_deferral,True,1,dabbaad9d533765176977299dde83391a78dcf5f1a09dfc7d6a775b522e5d832,unavailable,False,False
r2-vendors8-kasada-hyatt-auto,vendors8,kasada-hyatt,2,auto,0,3,False,0.0001426,0.0001416,0,,,,False,local_deferral,True,1,dabbaad9d533765176977299dde83391a78dcf5f1a09dfc7d6a775b522e5d832,unavailable,False,False
r2-vendors8-kasada-hyatt-native,vendors8,kasada-hyatt,2,native,1,1,False,0.0015474,0.0015421,0,,,,False,local_deferral,True,1,dabbaad9d533765176977299dde83391a78dcf5f1a09dfc7d6a775b522e5d832,unavailable,False,False
r2-vendors8-kasada-hyatt-native,vendors8,kasada-hyatt,2,native,1,2,False,0.0001561,0.0001551,0,,,,False,local_deferral,True,1,dabbaad9d533765176977299dde83391a78dcf5f1a09dfc7d6a775b522e5d832,unavailable,False,False
r2-vendors8-kasada-hyatt-native,vendors8,kasada-hyatt,2,native,1,3,False,0.0001516,0.0001506,0,,,,False,local_deferral,True,1,dabbaad9d533765176977299dde83391a78dcf5f1a09dfc7d6a775b522e5d832,unavailable,False,False
r2-public31-sannysoft-native,public31,sannysoft,2,native,0,1,True,4.2180259,4.2180055,200,thin,warm,native,False,response,True,1,27c02f69b20111e89025966219bbe54a3732ac8a86afee12c7344e3729aa3571,diagnostic-only,False,False
r2-public31-sannysoft-native,public31,sannysoft,2,native,0,2,True,1.7539725000000002,1.7539552,200,thin,warm,native,False,response,True,1,328c37ff978a6df48530da4bce7bc97739935b5d9e7e0cb1e858151ef6ab1864,diagnostic-only,False,False
r2-public31-sannysoft-native,public31,sannysoft,2,native,0,3,True,1.80579,1.8057716,200,thin,warm,native,False,response,True,1,676ed139c95bef2cd6b584188d6b2d509de50ff8727332dc368648294379c5ff,diagnostic-only,False,False
r2-public31-sannysoft-auto,public31,sannysoft,2,auto,1,1,True,0.3722102,0.3722019,200,thin,http,emulated,False,response,True,1,f2a7718171dd378e35ad7dc3cee8c9228dd267cbccf2d71eadd53cf99542a701,diagnostic-only,False,False
r2-public31-sannysoft-auto,public31,sannysoft,2,auto,1,2,True,0.7298684,0.7298632,200,thin,http,emulated,False,response,True,1,f2a7718171dd378e35ad7dc3cee8c9228dd267cbccf2d71eadd53cf99542a701,diagnostic-only,False,False
r2-public31-sannysoft-auto,public31,sannysoft,2,auto,1,3,True,1.0104916,1.0104874,200,thin,http,emulated,False,response,True,1,f2a7718171dd378e35ad7dc3cee8c9228dd267cbccf2d71eadd53cf99542a701,diagnostic-only,False,False
r2-public31-ceo-ca-native,public31,ceo-ca,2,native,0,1,True,3.3817944,3.3817855,204,thin,warm,native,False,response,True,1,443c4321daf4ec3a49cd78a092551e72f3c19113c57e07711144a2a2af2f1c62,useful,True,True
r2-public31-ceo-ca-native,public31,ceo-ca,2,native,0,2,True,1.8393693,1.8393538999999999,200,thin,warm,native,False,response,True,1,969c88ce65b7958399b5e4587df827df22139c189b1677738d100eaffda03793,useful,True,True
r2-public31-ceo-ca-native,public31,ceo-ca,2,native,0,3,True,1.8583706,1.8583591,200,thin,warm,native,False,response,True,1,969c88ce65b7958399b5e4587df827df22139c189b1677738d100eaffda03793,useful,True,True
r2-public31-ceo-ca-auto,public31,ceo-ca,2,auto,1,1,True,4.692318,4.6923,200,thin,browser,emulated,False,response,True,1,bea65bf911677912d01729a196203af8b1a6a2dbe1570a4f3eea03bcee88bfdf,useful,True,True
r2-public31-ceo-ca-auto,public31,ceo-ca,2,auto,1,2,True,1.9009109,1.9009011999999998,200,thin,browser,emulated,False,response,True,1,bea65bf911677912d01729a196203af8b1a6a2dbe1570a4f3eea03bcee88bfdf,useful,True,True
r2-public31-ceo-ca-auto,public31,ceo-ca,2,auto,1,3,True,1.8455116,1.8454972,200,thin,browser,emulated,False,response,True,1,bea65bf911677912d01729a196203af8b1a6a2dbe1570a4f3eea03bcee88bfdf,useful,True,True
r2-public31-canadianinsider-native,public31,canadianinsider,2,native,0,1,True,13.9759454,13.9759388,200,thin,warm,native,False,response,True,1,709f342e9e390cfdf9d486838d69f995944fdb8e3aaa3acd415d29df45298951,useful,True,True
r2-public31-canadianinsider-native,public31,canadianinsider,2,native,0,2,True,5.13712,5.1371138,200,thin,warm,native,False,response,True,1,d9d2a28f40936b07f2183c358dcd0ac7855d61663355b6aa4a5fe2ef3099a095,useful,True,True
r2-public31-canadianinsider-native,public31,canadianinsider,2,native,0,3,False,0.0001639,0.0001628,0,,,,False,local_deferral,True,1,4690065ddc9e1491b004905606e85e792ca22fe47edde83be556c0a740aa6801,unavailable,False,False
r2-public31-canadianinsider-auto,public31,canadianinsider,2,auto,1,1,False,0.0014353,0.0014293,0,,,,False,local_deferral,True,1,4690065ddc9e1491b004905606e85e792ca22fe47edde83be556c0a740aa6801,unavailable,False,False
r2-public31-canadianinsider-auto,public31,canadianinsider,2,auto,1,2,False,8.47e-05,8.37e-05,0,,,,False,local_deferral,True,1,4690065ddc9e1491b004905606e85e792ca22fe47edde83be556c0a740aa6801,unavailable,False,False
r2-public31-canadianinsider-auto,public31,canadianinsider,2,auto,1,3,False,6.39e-05,6.3e-05,0,,,,False,local_deferral,True,1,4690065ddc9e1491b004905606e85e792ca22fe47edde83be556c0a740aa6801,unavailable,False,False
r2-public31-sedarplus-auto,public31,sedarplus,2,auto,0,1,True,0.6648448,0.6648367,200,full,http,emulated,False,response,True,1,86cc88c59d74bf3997c08c33bab3f891d96d55deb9da54ec5d83690a5576519d,useful,True,True
r2-public31-sedarplus-auto,public31,sedarplus,2,auto,0,2,True,0.8291936,0.8291883,200,full,http,emulated,False,response,True,1,86cc88c59d74bf3997c08c33bab3f891d96d55deb9da54ec5d83690a5576519d,useful,True,True
r2-public31-sedarplus-auto,public31,sedarplus,2,auto,0,3,True,0.9888924,0.9888874,200,full,http,emulated,False,response,True,1,86cc88c59d74bf3997c08c33bab3f891d96d55deb9da54ec5d83690a5576519d,useful,True,True
r2-public31-sedarplus-native,public31,sedarplus,2,native,1,1,True,23.8378119,23.8378059,200,thin,warm,native,False,response,True,1,a89f09ded5052e85ec821c971912e2b55fd8f7f309433ba95be0a6c3ad0e20a1,wall,False,False
r2-public31-sedarplus-native,public31,sedarplus,2,native,1,2,True,22.4089428,22.4089371,200,thin,warm,native,False,response,True,1,83722716f626e601af8d3f5211e37ebc600a9a49c1a12e4d59cee41a838a7b6a,wall,False,False
r2-public31-sedarplus-native,public31,sedarplus,2,native,1,3,True,22.2909829,22.2909775,200,thin,warm,native,False,response,True,1,acc928ea3692f1dcdcdc729111f1fc1b38cb5a7bdd4dca65d75e2fb3d2826192,wall,False,False
r2-public31-tls-peet-native,public31,tls-peet,2,native,0,1,True,2.0351358,2.0351286,200,thin,warm,native,False,response,True,1,f1afdfd2f12e5313f33ec345afc6df4e80c8122fdf50b177aedbfb7878058a63,diagnostic-only,False,False
r2-public31-tls-peet-native,public31,tls-peet,2,native,0,2,True,1.4774959,1.4774892,200,thin,warm,native,False,response,True,1,38331d256b2377415574e9cda10476eb94c9cc29cdf77a47d5cbe797b59a66ff,diagnostic-only,False,False
r2-public31-tls-peet-native,public31,tls-peet,2,native,0,3,True,1.4602708,1.4602648,200,thin,warm,native,False,response,True,1,eebf20aabe51a41967b9acbbe591711878fee50fa447e7989ea8d4358ee35b61,diagnostic-only,False,False
r2-public31-tls-peet-auto,public31,tls-peet,2,auto,1,1,True,0.4711008,0.4710903,200,thin,http,emulated,False,response,True,1,95e005604d869f3df7b87fde8b89d85d7d2f705ad0967474506227558301120c,diagnostic-only,False,False
r2-public31-tls-peet-auto,public31,tls-peet,2,auto,1,2,True,0.8095131,0.8095075,200,thin,http,emulated,False,response,True,1,f64a43b2541ca87e16e3281d475de5ec8659a20636f221d2173f55b44379037e,diagnostic-only,False,False
r2-public31-tls-peet-auto,public31,tls-peet,2,auto,1,3,True,0.9990729,0.9990677,200,thin,http,emulated,False,response,True,1,54e6cd61f28490113770872ffd2775311dd9ed2a3c3676108c61f72eaa8aa5c2,diagnostic-only,False,False
r2-public31-x-explore-auto,public31,x-explore,2,auto,0,1,False,4.8405858,4.8405791,200,,stealth,emulated,False,wall_or_error,True,1,5c66dcd5389e5bb95cc52f5dce4bfa7fdbb04bd20cf513fa8c05d685d79be04b,wall,False,False
r2-public31-x-explore-auto,public31,x-explore,2,auto,0,2,False,0.0001257,0.0001246,0,,,,False,local_deferral,True,1,f60c72d66c18a139838d490bb561bd82c4f7d966869407d24e08cd557ece2b8e,unavailable,False,False
r2-public31-x-explore-auto,public31,x-explore,2,auto,0,3,False,6.43e-05,6.31e-05,0,,,,False,local_deferral,True,1,f60c72d66c18a139838d490bb561bd82c4f7d966869407d24e08cd557ece2b8e,unavailable,False,False
r2-public31-x-explore-native,public31,x-explore,2,native,1,1,False,0.0014929,0.0014865,0,,,,False,local_deferral,True,1,f60c72d66c18a139838d490bb561bd82c4f7d966869407d24e08cd557ece2b8e,unavailable,False,False
r2-public31-x-explore-native,public31,x-explore,2,native,1,2,False,8.38e-05,8.28e-05,0,,,,False,local_deferral,True,1,f60c72d66c18a139838d490bb561bd82c4f7d966869407d24e08cd557ece2b8e,unavailable,False,False
r2-public31-x-explore-native,public31,x-explore,2,native,1,3,False,6.28e-05,6.19e-05,0,,,,False,local_deferral,True,1,f60c72d66c18a139838d490bb561bd82c4f7d966869407d24e08cd557ece2b8e,unavailable,False,False
r2-hard12-wikipedia-auto,hard12,wikipedia,2,auto,0,1,True,0.3116739,0.3112343,200,full,http,emulated,False,response,False,1,c460e9223f2d51f292ad2fc4bd0bca228bae548a9fe9b18810788b8a96f4b316,useful,True,True
r2-hard12-wikipedia-auto,hard12,wikipedia,2,auto,0,2,True,0.8033678,0.8030733,200,full,http,emulated,False,response,False,1,c460e9223f2d51f292ad2fc4bd0bca228bae548a9fe9b18810788b8a96f4b316,useful,True,True
r2-hard12-wikipedia-auto,hard12,wikipedia,2,auto,0,3,True,0.9987754,0.9984541,200,full,http,emulated,False,response,False,1,c460e9223f2d51f292ad2fc4bd0bca228bae548a9fe9b18810788b8a96f4b316,useful,True,True
r2-hard12-wikipedia-native,hard12,wikipedia,2,native,1,1,True,1.9960813,1.9957481000000001,200,full,warm,native,False,response,False,1,67ab3543336d6146f57830e7d37df2e15b76d7e43afbc63fd038d8df675f625e,useful,True,True
r2-hard12-wikipedia-native,hard12,wikipedia,2,native,1,2,True,1.5830121,1.5826943,200,full,warm,native,False,response,False,1,67ab3543336d6146f57830e7d37df2e15b76d7e43afbc63fd038d8df675f625e,useful,True,True
r2-hard12-wikipedia-native,hard12,wikipedia,2,native,1,3,True,1.5984123000000001,1.5980835,200,full,warm,native,False,response,False,1,67ab3543336d6146f57830e7d37df2e15b76d7e43afbc63fd038d8df675f625e,useful,True,True
r2-public31-google-search-auto,public31,google-search,2,auto,0,1,True,5.593482,5.5934688,200,thin,browser,emulated,False,response,True,1,aa447966c3ecb8c4e9ff76df583e776f56f1bc04810e3d08e9cb240533dda773,partial,False,False
r2-public31-google-search-auto,public31,google-search,2,auto,0,2,True,5.5870237,5.5870123,200,thin,browser,emulated,False,response,True,1,ab330f2640b082b777a4613e4637b00b285d6c637b3a2e580d0b105b3b69d65e,partial,False,False
r2-public31-google-search-auto,public31,google-search,2,auto,0,3,True,2.7599754,2.7599664,200,thin,browser,emulated,False,response,True,1,1028d25cc73d96635ee313d75e475a300a7f9edf134176eda91010736fe026fc,partial,False,False
r2-public31-google-search-native,public31,google-search,2,native,1,1,True,4.4432555,4.4432452,200,thin,warm,native,False,response,True,1,a66a502849bf155dcf0be0349292cce10bd4b7d665a9867490b6bc1bd06d2e6a,partial,False,False
r2-public31-google-search-native,public31,google-search,2,native,1,2,True,2.6301736,2.6301665,200,thin,warm,native,False,response,True,1,6dbc5ec58b38236bf3178a650f988bf42dca0c4adfbe9d8a44f458ae2d279b69,partial,False,False
r2-public31-google-search-native,public31,google-search,2,native,1,3,True,2.359988,2.3599809,204,thin,warm,native,False,response,True,1,859450af3d25eb9d9704fc6d38951475ef1e9bd851e576ab8b4d46fc6c26673e,partial,False,False
r2-hard12-amazon-auto,hard12,amazon,2,auto,0,1,False,0.2397263,0.2397194,503,,http,emulated,False,wall_or_error,True,1,69009ccc60a2e03da6e3efaa6a5eec88926ba0369e89d17987e0f1133f216ba9,unavailable,False,False
r2-hard12-amazon-auto,hard12,amazon,2,auto,0,2,False,0.0001866,0.0001855,0,,,,False,local_deferral,True,1,942988624b387ded52da63d60894ad643a250ae021a3615a4c9903e9a0899433,unavailable,False,False
r2-hard12-amazon-auto,hard12,amazon,2,auto,0,3,False,0.0001454,0.0001444,0,,,,False,local_deferral,True,1,942988624b387ded52da63d60894ad643a250ae021a3615a4c9903e9a0899433,unavailable,False,False
r2-hard12-amazon-native,hard12,amazon,2,native,1,1,False,0.0015724,0.0015666,0,,,,False,local_deferral,True,1,942988624b387ded52da63d60894ad643a250ae021a3615a4c9903e9a0899433,unavailable,False,False
r2-hard12-amazon-native,hard12,amazon,2,native,1,2,False,0.0001536,0.0001526,0,,,,False,local_deferral,True,1,942988624b387ded52da63d60894ad643a250ae021a3615a4c9903e9a0899433,unavailable,False,False
r2-hard12-amazon-native,hard12,amazon,2,native,1,3,False,0.0001411,0.0001401,0,,,,False,local_deferral,True,1,942988624b387ded52da63d60894ad643a250ae021a3615a4c9903e9a0899433,unavailable,False,False
r2-public31-crunchbase-cf-auto,public31,crunchbase-cf,2,auto,0,1,True,0.0962591,0.0962462,200,full,http,emulated,False,response,True,1,cd1e39467411a8168d443a8b898185b1ad725042d054317d0cba513b80b594a0,useful,True,True
r2-public31-crunchbase-cf-auto,public31,crunchbase-cf,2,auto,0,2,False,9.51e-05,9.41e-05,0,,,,False,local_deferral,True,1,b3bf3d5dca098e39a76c797f11f09d4b2800feac8f7e2349dca1aa3b8c85fde7,unavailable,False,False
r2-public31-crunchbase-cf-auto,public31,crunchbase-cf,2,auto,0,3,False,6.38e-05,6.28e-05,0,,,,False,local_deferral,True,1,b3bf3d5dca098e39a76c797f11f09d4b2800feac8f7e2349dca1aa3b8c85fde7,unavailable,False,False
r2-public31-crunchbase-cf-native,public31,crunchbase-cf,2,native,1,1,False,0.001508,0.0015021,0,,,,False,local_deferral,True,1,b3bf3d5dca098e39a76c797f11f09d4b2800feac8f7e2349dca1aa3b8c85fde7,unavailable,False,False
r2-public31-crunchbase-cf-native,public31,crunchbase-cf,2,native,1,2,False,7.56e-05,7.42e-05,0,,,,False,local_deferral,True,1,b3bf3d5dca098e39a76c797f11f09d4b2800feac8f7e2349dca1aa3b8c85fde7,unavailable,False,False
r2-public31-crunchbase-cf-native,public31,crunchbase-cf,2,native,1,3,False,6.31e-05,6.22e-05,0,,,,False,local_deferral,True,1,b3bf3d5dca098e39a76c797f11f09d4b2800feac8f7e2349dca1aa3b8c85fde7,unavailable,False,False
r2-hard12-stackoverflow-native,hard12,stackoverflow,2,native,0,1,True,2.4310838,2.431073,200,thin,warm,native,False,response,True,1,82978a94f66b3a0cce82bfca3eaf9bd166acd83af17202483a908e66086919fe,useful,True,True
r2-hard12-stackoverflow-native,hard12,stackoverflow,2,native,0,2,True,1.9439245,1.9439164,200,thin,warm,native,False,response,True,1,82978a94f66b3a0cce82bfca3eaf9bd166acd83af17202483a908e66086919fe,useful,True,True
r2-hard12-stackoverflow-native,hard12,stackoverflow,2,native,0,3,True,2.0114711,2.0114612,200,thin,warm,native,False,response,True,1,82978a94f66b3a0cce82bfca3eaf9bd166acd83af17202483a908e66086919fe,useful,True,True
r2-hard12-stackoverflow-auto,hard12,stackoverflow,2,auto,1,1,True,7.6682329,7.6682196000000005,200,thin,stealth,emulated,False,response,True,1,82978a94f66b3a0cce82bfca3eaf9bd166acd83af17202483a908e66086919fe,useful,True,True
r2-hard12-stackoverflow-auto,hard12,stackoverflow,2,auto,1,2,True,3.3077252,3.307716,200,thin,browser,emulated,False,response,True,1,82978a94f66b3a0cce82bfca3eaf9bd166acd83af17202483a908e66086919fe,useful,True,True
r2-hard12-stackoverflow-auto,hard12,stackoverflow,2,auto,1,3,True,3.664001,3.6639955,200,thin,browser,emulated,False,response,True,1,82978a94f66b3a0cce82bfca3eaf9bd166acd83af17202483a908e66086919fe,useful,True,True
r2-public31-newsfilecorp-native,public31,newsfilecorp,2,native,0,1,True,3.6341965,3.6341779,200,thin,warm,native,False,response,True,1,e1f33b10cbdbee3ffe6bd0c8ab01298a3fa4e19f96f417a61f5b0ab4b6da0698,partial,False,False
r2-public31-newsfilecorp-native,public31,newsfilecorp,2,native,0,2,True,1.8676442,1.8676221,200,thin,warm,native,False,response,True,1,e1f33b10cbdbee3ffe6bd0c8ab01298a3fa4e19f96f417a61f5b0ab4b6da0698,partial,False,False
r2-public31-newsfilecorp-native,public31,newsfilecorp,2,native,0,3,True,1.8165456,1.8165288,200,thin,warm,native,False,response,True,1,e1f33b10cbdbee3ffe6bd0c8ab01298a3fa4e19f96f417a61f5b0ab4b6da0698,partial,False,False
r2-public31-newsfilecorp-auto,public31,newsfilecorp,2,auto,1,1,True,0.6276751,0.627654,200,full,http,emulated,False,response,True,1,e1f33b10cbdbee3ffe6bd0c8ab01298a3fa4e19f96f417a61f5b0ab4b6da0698,partial,False,False
r2-public31-newsfilecorp-auto,public31,newsfilecorp,2,auto,1,2,True,0.6886159,0.6885922,200,full,http,emulated,False,response,True,1,e1f33b10cbdbee3ffe6bd0c8ab01298a3fa4e19f96f417a61f5b0ab4b6da0698,partial,False,False
r2-public31-newsfilecorp-auto,public31,newsfilecorp,2,auto,1,3,True,7.0769485,7.0769429,200,thin,stealth,emulated,False,response,True,1,7d61190954e6288ab0b94e011ca276dba93bc25a6aff43d8a6900ee8bd17f285,wall,False,False
r2-public31-github-explore-native,public31,github-explore,2,native,0,1,True,4.2437783,4.2437675,200,thin,warm,native,False,response,True,1,984bdd77ce435688c876f812c7166268a6bf3d14ced7697cf161e43a4573c560,partial,False,False
r2-public31-github-explore-native,public31,github-explore,2,native,0,2,True,1.807941,1.8079295,200,thin,warm,native,False,response,True,1,984bdd77ce435688c876f812c7166268a6bf3d14ced7697cf161e43a4573c560,partial,False,False
r2-public31-github-explore-native,public31,github-explore,2,native,0,3,True,1.7125344999999998,1.7125252,200,thin,warm,native,False,response,True,1,984bdd77ce435688c876f812c7166268a6bf3d14ced7697cf161e43a4573c560,partial,False,False
r2-public31-github-explore-auto,public31,github-explore,2,auto,1,1,True,0.5168799,0.5168678,200,thin,http,emulated,False,response,True,1,984bdd77ce435688c876f812c7166268a6bf3d14ced7697cf161e43a4573c560,partial,False,False
r2-public31-github-explore-auto,public31,github-explore,2,auto,1,2,True,0.5876743,0.5876656,200,thin,http,emulated,False,response,True,1,984bdd77ce435688c876f812c7166268a6bf3d14ced7697cf161e43a4573c560,partial,False,False
r2-public31-github-explore-auto,public31,github-explore,2,auto,1,3,True,0.9911927,0.9911832,200,thin,http,emulated,False,response,True,1,984bdd77ce435688c876f812c7166268a6bf3d14ced7697cf161e43a4573c560,partial,False,False
r2-vendors8-datadome-idealista-native,vendors8,datadome-idealista,2,native,0,1,True,12.9615118,12.9614904,200,thin,warm,native,False,response,True,1,a33ecbb080e585eeff0cbab8c06338ee3143f6ff240dd40aa15e72853ed5f88d,useful,True,True
r2-vendors8-datadome-idealista-native,vendors8,datadome-idealista,2,native,0,2,True,3.568747,3.5687205,200,thin,warm,native,False,response,True,1,20c388a24c67476dba150bacd160c470426c3e90342ca612b937b4fb33852e29,useful,True,True
r2-vendors8-datadome-idealista-native,vendors8,datadome-idealista,2,native,0,3,True,12.0623964,12.0623754,200,thin,warm,native,False,response,True,1,20c388a24c67476dba150bacd160c470426c3e90342ca612b937b4fb33852e29,useful,True,True
r2-vendors8-datadome-idealista-auto,vendors8,datadome-idealista,2,auto,1,1,False,13.352057,13.3520504,200,,stealth,emulated,False,wall_or_error,True,1,de102d0afd9df486f41cf16d563a4a099c55e6f36100a7667da6d50202c6781a,unavailable,False,False
r2-vendors8-datadome-idealista-auto,vendors8,datadome-idealista,2,auto,1,2,False,0.0001155,0.0001145,0,,,,False,local_deferral,True,1,aa20214658ca523f6fd19adeba1f8335d9b977485b614b47f7929e32e1fe358d,unavailable,False,False
r2-vendors8-datadome-idealista-auto,vendors8,datadome-idealista,2,auto,1,3,False,6.44e-05,6.35e-05,0,,,,False,local_deferral,True,1,aa20214658ca523f6fd19adeba1f8335d9b977485b614b47f7929e32e1fe358d,unavailable,False,False
r2-public31-booking-search-native,public31,booking-search,2,native,0,1,True,5.2299445,5.2299353,200,thin,warm,native,False,response,True,1,f9bc25e63cfef231cc21a597c3ec2b20bad07111088a83f9e49cdaf072d968e2,useful,True,True
r2-public31-booking-search-native,public31,booking-search,2,native,0,2,True,3.0150606,3.0150538,200,thin,warm,native,False,response,True,1,2f3adb2c5cdbf4fd9c5b8e0766665b1f2f5059c763a5d0513682212cabda2a13,useful,True,True
r2-public31-booking-search-native,public31,booking-search,2,native,0,3,True,3.007909,3.0079032,200,thin,warm,native,False,response,True,1,2f3adb2c5cdbf4fd9c5b8e0766665b1f2f5059c763a5d0513682212cabda2a13,useful,True,True
r2-public31-booking-search-auto,public31,booking-search,2,auto,1,1,True,8.4015866,8.4015749,200,thin,stealth,emulated,False,response,True,1,f9bc25e63cfef231cc21a597c3ec2b20bad07111088a83f9e49cdaf072d968e2,useful,True,True
r2-public31-booking-search-auto,public31,booking-search,2,auto,1,2,True,3.9004083,3.9004023,200,thin,browser,emulated,False,response,True,1,f9bc25e63cfef231cc21a597c3ec2b20bad07111088a83f9e49cdaf072d968e2,useful,True,True
r2-public31-booking-search-auto,public31,booking-search,2,auto,1,3,True,3.9485862000000003,3.9485770000000002,200,thin,browser,emulated,False,response,True,1,2f177e7ed23561fe26aa18782c057e98006d12c57bd2f8b2fc946e38bddba5aa,useful,True,True
r2-vendors8-cloudflare-crunchbase-auto,vendors8,cloudflare-crunchbase,2,auto,0,1,False,4.176903,4.1768955,200,,stealth,emulated,False,wall_or_error,True,1,19b6b9014f1862477223d954bbb64e0750b8932d9a862c501cd2ffe1bab7a5cf,wall,False,False
r2-vendors8-cloudflare-crunchbase-auto,vendors8,cloudflare-crunchbase,2,auto,0,2,False,0.0001297,0.0001283,0,,,,False,local_deferral,True,1,1244029dff925f904d364bb3a8306944c2da4a587916d9579decde8d707063cf,unavailable,False,False
r2-vendors8-cloudflare-crunchbase-auto,vendors8,cloudflare-crunchbase,2,auto,0,3,False,7.93e-05,7.83e-05,0,,,,False,local_deferral,True,1,1244029dff925f904d364bb3a8306944c2da4a587916d9579decde8d707063cf,unavailable,False,False
r2-vendors8-cloudflare-crunchbase-native,vendors8,cloudflare-crunchbase,2,native,1,1,False,0.0013823,0.0013764,0,,,,False,local_deferral,True,1,1244029dff925f904d364bb3a8306944c2da4a587916d9579decde8d707063cf,unavailable,False,False
r2-vendors8-cloudflare-crunchbase-native,vendors8,cloudflare-crunchbase,2,native,1,2,False,7.42e-05,7.32e-05,0,,,,False,local_deferral,True,1,1244029dff925f904d364bb3a8306944c2da4a587916d9579decde8d707063cf,unavailable,False,False
r2-vendors8-cloudflare-crunchbase-native,vendors8,cloudflare-crunchbase,2,native,1,3,False,6.18e-05,6.09e-05,0,,,,False,local_deferral,True,1,1244029dff925f904d364bb3a8306944c2da4a587916d9579decde8d707063cf,unavailable,False,False
r2-hard12-newegg-native,hard12,newegg,2,native,0,1,True,7.1237045,7.1236795,200,thin,warm,native,False,response,True,1,33420709dda75908023747ffe96c1ca5ae585244f8dff521074e726d48bb6726,useful,True,True
r2-hard12-newegg-native,hard12,newegg,2,native,0,2,True,6.3493593,6.3493341,200,thin,warm,native,False,response,True,1,f73103ca5b4fd9696dd271d9817f4d98e6845f3e66b0af8269b9601f15292c75,useful,True,True
r2-hard12-newegg-native,hard12,newegg,2,native,0,3,True,6.6447802,6.6447543,204,thin,warm,native,False,response,True,1,1f543c9330c13f46b342d298d5e16c48d3b5eeccfb2a5047ce1b0a58495f75cd,useful,True,True
r2-hard12-newegg-auto,hard12,newegg,2,auto,1,1,True,0.5979884,0.5979679,200,thin,http,emulated,False,response,True,1,b5d270fd4393563bccec5c9893f58729d3163c807f95aa733fc94e88c1db7329,useful,True,True
r2-hard12-newegg-auto,hard12,newegg,2,auto,1,2,True,0.8025182,0.8025025,200,thin,http,emulated,False,response,True,1,b5d270fd4393563bccec5c9893f58729d3163c807f95aa733fc94e88c1db7329,useful,True,True
r2-hard12-newegg-auto,hard12,newegg,2,auto,1,3,True,1.0379081000000001,1.0378828,200,thin,http,emulated,False,response,True,1,b5d270fd4393563bccec5c9893f58729d3163c807f95aa733fc94e88c1db7329,useful,True,True
r2-public31-instagram-post-native,public31,instagram-post,2,native,0,1,True,22.4114768,22.4114702,200,thin,warm,native,False,response,True,1,c9c3513873c0b4dafe628724ebb8b71d3ce807031dbc8a71f05974bcefc0a1b1,unavailable,False,False
r2-public31-instagram-post-native,public31,instagram-post,2,native,0,2,True,21.5545759,21.5545708,200,thin,warm,native,False,response,True,1,c9c3513873c0b4dafe628724ebb8b71d3ce807031dbc8a71f05974bcefc0a1b1,unavailable,False,False
r2-public31-instagram-post-native,public31,instagram-post,2,native,0,3,True,23.0796442,23.0796394,200,thin,warm,native,False,response,True,1,c9c3513873c0b4dafe628724ebb8b71d3ce807031dbc8a71f05974bcefc0a1b1,unavailable,False,False
r2-public31-instagram-post-auto,public31,instagram-post,2,auto,1,1,True,2.7592331,2.7592247,200,thin,browser,emulated,False,response,True,1,1fca0289753eb2981bff32b44504848c2a8cbcf4eabc802456a77ceebc40f6c6,unavailable,False,False
r2-public31-instagram-post-auto,public31,instagram-post,2,auto,1,2,True,2.1658717,2.1658681,200,thin,browser,emulated,False,response,True,1,1fca0289753eb2981bff32b44504848c2a8cbcf4eabc802456a77ceebc40f6c6,unavailable,False,False
r2-public31-instagram-post-auto,public31,instagram-post,2,auto,1,3,True,4.4686083,4.4686022,200,thin,browser,emulated,False,response,True,1,1fca0289753eb2981bff32b44504848c2a8cbcf4eabc802456a77ceebc40f6c6,unavailable,False,False
r2-public31-reddit-auto,public31,reddit,2,auto,0,1,True,4.2699228,4.269896,200,thin,browser,emulated,False,response,True,1,f217c5292ae1b07d764d24a1b96349d362b8a8ed1159c8878e6065cc8db0a18a,useful,True,True
r2-public31-reddit-auto,public31,reddit,2,auto,0,2,True,2.3363447,2.336316,200,thin,browser,emulated,False,response,True,1,bd0e6152992302575fe6ff01fd698e4a6e5cb45e85d5bfbaf7fd46878114c723,useful,True,True
r2-public31-reddit-auto,public31,reddit,2,auto,0,3,True,2.3221517,2.3221137,200,thin,browser,emulated,False,response,True,1,e559f952d8fce4b99991f0ac95b2edd90fe6659cf41ad9ca68c2bf881161eef2,useful,True,True
r2-public31-reddit-native,public31,reddit,2,native,1,1,True,2.8073791999999997,2.807348,200,thin,warm,native,False,response,True,1,e3f002283c10a70e8c8db96121ae4976eafd6f855465defdd52f2f300af70357,useful,True,True
r2-public31-reddit-native,public31,reddit,2,native,1,2,True,2.1822097,2.1821813,200,thin,warm,native,False,response,True,1,d4bccdf1c84950dce98350c18018df68600c6cf70ab5785ef681e1d3e479b980,useful,True,True
r2-public31-reddit-native,public31,reddit,2,native,1,3,True,2.2242065,2.2241663,200,thin,warm,native,False,response,True,1,9f764560f63b177257fafca00f4089b988f29b8a2f63113cf3d66fbadcb6e779,useful,True,True
r2-public31-browserleaks-tls-auto,public31,browserleaks-tls,2,auto,0,1,True,0.4219277,0.4219176,200,thin,http,emulated,False,response,True,1,13f505c66ba9aa6d3e1e886cebc9eceb61e3a8dbc2b2bc2d9bf20184228309a5,diagnostic-only,False,False
r2-public31-browserleaks-tls-auto,public31,browserleaks-tls,2,auto,0,2,True,0.8059892,0.8059838,200,thin,http,emulated,False,response,True,1,0aa6ed93076f05712216ca87f567e1f3ba997d98040ad13d0bbd42df67ca745f,diagnostic-only,False,False
r2-public31-browserleaks-tls-auto,public31,browserleaks-tls,2,auto,0,3,True,0.9959534,0.9959481,200,thin,http,emulated,False,response,True,1,5e6415c233f4c7120aa7605d93b861df94762820b3a14972a7e7085a36d4c4fd,diagnostic-only,False,False
r2-public31-browserleaks-tls-native,public31,browserleaks-tls,2,native,1,1,True,1.9863963999999998,1.9863889000000001,200,thin,warm,native,False,response,True,1,80e19363a9f8aae173d3c17bfdbcc2c23aa60fea2fb06abd092561acc5217e44,diagnostic-only,False,False
r2-public31-browserleaks-tls-native,public31,browserleaks-tls,2,native,1,2,True,1.4663332,1.4663291,200,thin,warm,native,False,response,True,1,80e19363a9f8aae173d3c17bfdbcc2c23aa60fea2fb06abd092561acc5217e44,diagnostic-only,False,False
r2-public31-browserleaks-tls-native,public31,browserleaks-tls,2,native,1,3,True,1.469642,1.4696372,200,thin,warm,native,False,response,True,1,80e19363a9f8aae173d3c17bfdbcc2c23aa60fea2fb06abd092561acc5217e44,diagnostic-only,False,False
r2-public31-creepjs-auto,public31,creepjs,2,auto,0,1,True,0.1533328,0.1533254,200,full,http,emulated,False,response,True,1,ed61b53b0992ba42ea21adf916248068e97d405c2de360d63106abd9ff4fc018,diagnostic-only,False,False
r2-public31-creepjs-auto,public31,creepjs,2,auto,0,2,True,0.8889258,0.8889203,200,full,http,emulated,False,response,True,1,ed61b53b0992ba42ea21adf916248068e97d405c2de360d63106abd9ff4fc018,diagnostic-only,False,False
r2-public31-creepjs-auto,public31,creepjs,2,auto,0,3,True,0.9925883,0.9925829,200,full,http,emulated,False,response,True,1,ed61b53b0992ba42ea21adf916248068e97d405c2de360d63106abd9ff4fc018,diagnostic-only,False,False
r2-public31-creepjs-native,public31,creepjs,2,native,1,1,True,1.8878064,1.8878008,200,full,warm,native,False,response,True,1,ed61b53b0992ba42ea21adf916248068e97d405c2de360d63106abd9ff4fc018,diagnostic-only,False,False
r2-public31-creepjs-native,public31,creepjs,2,native,1,2,True,1.5000327,1.5000274,200,full,warm,native,False,response,True,1,ed61b53b0992ba42ea21adf916248068e97d405c2de360d63106abd9ff4fc018,diagnostic-only,False,False
r2-public31-creepjs-native,public31,creepjs,2,native,1,3,True,1.4333211000000001,1.433317,200,full,warm,native,False,response,True,1,ed61b53b0992ba42ea21adf916248068e97d405c2de360d63106abd9ff4fc018,diagnostic-only,False,False
r2-public31-nowsecure-cf-native,public31,nowsecure-cf,2,native,0,1,True,23.2030992,23.2030924,200,thin,warm,native,False,response,True,1,f48402c8e452204b8ccadc105ec7bb61bd971e066fa27978cc4f843804b78b5a,diagnostic-only,False,False
r2-public31-nowsecure-cf-native,public31,nowsecure-cf,2,native,0,2,False,0.0001262,0.0001251,0,,,,False,local_deferral,True,1,c45390d7e139beb7fb13eee4aae6bb6f457168a8fff9db485f56e1756f60df8d,unavailable,False,False
r2-public31-nowsecure-cf-native,public31,nowsecure-cf,2,native,0,3,False,6.52e-05,6.42e-05,0,,,,False,local_deferral,True,1,c45390d7e139beb7fb13eee4aae6bb6f457168a8fff9db485f56e1756f60df8d,unavailable,False,False
r2-public31-nowsecure-cf-auto,public31,nowsecure-cf,2,auto,1,1,False,0.0014368,0.0014288,0,,,,False,local_deferral,True,1,c45390d7e139beb7fb13eee4aae6bb6f457168a8fff9db485f56e1756f60df8d,unavailable,False,False
r2-public31-nowsecure-cf-auto,public31,nowsecure-cf,2,auto,1,2,False,0.0001087,0.0001073,0,,,,False,local_deferral,True,1,c45390d7e139beb7fb13eee4aae6bb6f457168a8fff9db485f56e1756f60df8d,unavailable,False,False
r2-public31-nowsecure-cf-auto,public31,nowsecure-cf,2,auto,1,3,False,6.36e-05,6.24e-05,0,,,,False,local_deferral,True,1,c45390d7e139beb7fb13eee4aae6bb6f457168a8fff9db485f56e1756f60df8d,unavailable,False,False
r2-hard12-idealista-native,hard12,idealista,2,native,0,1,False,0.001357,0.0013511,0,,,,False,local_deferral,True,1,aa20214658ca523f6fd19adeba1f8335d9b977485b614b47f7929e32e1fe358d,unavailable,False,False
r2-hard12-idealista-native,hard12,idealista,2,native,0,2,False,7.61e-05,7.5e-05,0,,,,False,local_deferral,True,1,aa20214658ca523f6fd19adeba1f8335d9b977485b614b47f7929e32e1fe358d,unavailable,False,False
r2-hard12-idealista-native,hard12,idealista,2,native,0,3,False,6.44e-05,6.35e-05,0,,,,False,local_deferral,True,1,aa20214658ca523f6fd19adeba1f8335d9b977485b614b47f7929e32e1fe358d,unavailable,False,False
r2-hard12-idealista-auto,hard12,idealista,2,auto,1,1,False,0.0014598,0.0014546,0,,,,False,local_deferral,True,1,aa20214658ca523f6fd19adeba1f8335d9b977485b614b47f7929e32e1fe358d,unavailable,False,False
r2-hard12-idealista-auto,hard12,idealista,2,auto,1,2,False,7.67e-05,7.56e-05,0,,,,False,local_deferral,True,1,aa20214658ca523f6fd19adeba1f8335d9b977485b614b47f7929e32e1fe358d,unavailable,False,False
r2-hard12-idealista-auto,hard12,idealista,2,auto,1,3,False,6.21e-05,6.13e-05,0,,,,False,local_deferral,True,1,aa20214658ca523f6fd19adeba1f8335d9b977485b614b47f7929e32e1fe358d,unavailable,False,False
r2-public31-browserleaks-native,public31,browserleaks,2,native,0,1,True,2.1974419,2.1974295,200,thin,warm,native,False,response,True,1,3d0b1b30e716d7646c846d9450f185481d0f414a6d51e15b7a58c1f739771038,diagnostic-only,False,False
r2-public31-browserleaks-native,public31,browserleaks,2,native,0,2,True,1.4468201,1.4468068,200,thin,warm,native,False,response,True,1,35a9a16751fb626446fcab40239cbd872a71f706080bb51c4adc3c28b26423ab,diagnostic-only,False,False
r2-public31-browserleaks-native,public31,browserleaks,2,native,0,3,True,1.4462233,1.4462033,200,thin,warm,native,False,response,True,1,d076cd257807cf450e7c799bb3d9845d2130fb8fc024ba64c477b0818f66b51e,diagnostic-only,False,False
r2-public31-browserleaks-auto,public31,browserleaks,2,auto,1,1,True,0.2997295,0.2997205,200,thin,http,emulated,False,response,True,1,53cbe71a9c3115b89cce434f1d6f736a059e4b81e9671a789f6990967006406f,diagnostic-only,False,False
r2-public31-browserleaks-auto,public31,browserleaks,2,auto,1,2,True,0.78541,0.7854041,200,thin,http,emulated,False,response,True,1,53cbe71a9c3115b89cce434f1d6f736a059e4b81e9671a789f6990967006406f,diagnostic-only,False,False
r2-public31-browserleaks-auto,public31,browserleaks,2,auto,1,3,True,1.0123065,1.0122998,200,thin,http,emulated,False,response,True,1,53cbe71a9c3115b89cce434f1d6f736a059e4b81e9671a789f6990967006406f,diagnostic-only,False,False
r2-public31-glassdoor-native,public31,glassdoor,2,native,0,1,True,4.0658315,4.0658194,200,thin,warm,native,False,response,True,1,0dd04ecc71b1f7e704428b24884490bd07b74b21d64f40ff1bf12a5264b1d269,useful,True,True
r2-public31-glassdoor-native,public31,glassdoor,2,native,0,2,True,3.0617483,3.0617328,200,thin,warm,native,False,response,True,1,0dd04ecc71b1f7e704428b24884490bd07b74b21d64f40ff1bf12a5264b1d269,useful,True,True
r2-public31-glassdoor-native,public31,glassdoor,2,native,0,3,True,2.8608684,2.8608565,304,thin,warm,native,False,response,True,1,f5ad46b8ddd2f821d4d5d249e4ba84a561f5a7cd9d5e67739a36ad6373a9ca80,useful,True,True
r2-public31-glassdoor-auto,public31,glassdoor,2,auto,1,1,True,13.3566864,13.3566681,200,thin,real,emulated,False,response,True,1,0dd04ecc71b1f7e704428b24884490bd07b74b21d64f40ff1bf12a5264b1d269,useful,True,True
r2-public31-glassdoor-auto,public31,glassdoor,2,auto,1,2,True,3.5869218,3.5869058000000003,200,thin,browser,emulated,False,response,True,1,0dd04ecc71b1f7e704428b24884490bd07b74b21d64f40ff1bf12a5264b1d269,useful,True,True
r2-public31-glassdoor-auto,public31,glassdoor,2,auto,1,3,True,3.3700952,3.3700799,200,thin,browser,emulated,False,response,True,1,0dd04ecc71b1f7e704428b24884490bd07b74b21d64f40ff1bf12a5264b1d269,useful,True,True
r2-public31-pixelscan-bot-native,public31,pixelscan-bot,2,native,0,1,True,4.2943122,4.2943056,200,thin,warm,native,False,response,True,1,15a94dbf945e34c8274f1b0182c7e7cd2eb07c198a68094db715bcdd62dc9f1b,diagnostic-only,False,False
r2-public31-pixelscan-bot-native,public31,pixelscan-bot,2,native,0,2,True,2.5428547,2.5428493,200,thin,warm,native,False,response,True,1,15a94dbf945e34c8274f1b0182c7e7cd2eb07c198a68094db715bcdd62dc9f1b,diagnostic-only,False,False
r2-public31-pixelscan-bot-native,public31,pixelscan-bot,2,native,0,3,True,2.4968567,2.4968504,200,thin,warm,native,False,response,True,1,15a94dbf945e34c8274f1b0182c7e7cd2eb07c198a68094db715bcdd62dc9f1b,diagnostic-only,False,False
r2-public31-pixelscan-bot-auto,public31,pixelscan-bot,2,auto,1,1,True,1.9042876,1.9042793,200,thin,http,emulated,False,response,True,1,6ea77fdfd6ff198998f99fe5195c83b80823f648a622ca043f5b6bb916df12c1,diagnostic-only,False,False
r2-public31-pixelscan-bot-auto,public31,pixelscan-bot,2,auto,1,2,True,0.9240738,0.9240686,200,thin,http,emulated,False,response,True,1,6ea77fdfd6ff198998f99fe5195c83b80823f648a622ca043f5b6bb916df12c1,diagnostic-only,False,False
r2-public31-pixelscan-bot-auto,public31,pixelscan-bot,2,auto,1,3,True,0.9572906,0.9572844,200,thin,http,emulated,False,response,True,1,6ea77fdfd6ff198998f99fe5195c83b80823f648a622ca043f5b6bb916df12c1,diagnostic-only,False,False
r2-vendors8-kasada-twitch-native,vendors8,kasada-twitch,2,native,0,1,True,2.1454321,2.1454161,200,thin,warm,native,False,response,True,1,ec8573482b18f0885d70b054e4ee141562e569eea46e188f8f69e03e15185e1e,useful,True,True
r2-vendors8-kasada-twitch-native,vendors8,kasada-twitch,2,native,0,2,True,1.6761333999999999,1.6761178,200,thin,warm,native,False,response,True,1,c4f0232a0fc4f6c010b9ff06abf654144b352f5d80bc80ae0bc59d13a480443c,useful,True,True
r2-vendors8-kasada-twitch-native,vendors8,kasada-twitch,2,native,0,3,True,1.7034601,1.7034444,200,thin,warm,native,False,response,True,1,16caebefda217ae5f0a03bdde66f937ef85035106e9030994f63eb4ff2690a77,useful,True,True
r2-vendors8-kasada-twitch-auto,vendors8,kasada-twitch,2,auto,1,1,True,3.9039766,3.9039577,200,thin,browser,emulated,False,response,True,1,0cc808758af40a1d4bbe4a46effa3c3ce3204e0fdceaaa55107c782a8f0f6770,useful,True,True
r2-vendors8-kasada-twitch-auto,vendors8,kasada-twitch,2,auto,1,2,True,5.2739774,5.2739611,200,thin,browser,emulated,False,response,True,1,0cc808758af40a1d4bbe4a46effa3c3ce3204e0fdceaaa55107c782a8f0f6770,useful,True,True
r2-vendors8-kasada-twitch-auto,vendors8,kasada-twitch,2,auto,1,3,True,1.6728017,1.67279,200,thin,browser,emulated,False,response,True,1,4b91884578dd53c6ba1dca9312df177573f77b97b68b96ea3c3424fbbfc370b6,useful,True,True
r2-hard12-nowsecure-native,hard12,nowsecure,2,native,0,1,False,0.0014357,0.0014297,0,,,,False,local_deferral,True,1,c45390d7e139beb7fb13eee4aae6bb6f457168a8fff9db485f56e1756f60df8d,unavailable,False,False
r2-hard12-nowsecure-native,hard12,nowsecure,2,native,0,2,False,7.9e-05,7.79e-05,0,,,,False,local_deferral,True,1,c45390d7e139beb7fb13eee4aae6bb6f457168a8fff9db485f56e1756f60df8d,unavailable,False,False
r2-hard12-nowsecure-native,hard12,nowsecure,2,native,0,3,False,6.28e-05,6.19e-05,0,,,,False,local_deferral,True,1,c45390d7e139beb7fb13eee4aae6bb6f457168a8fff9db485f56e1756f60df8d,unavailable,False,False
r2-hard12-nowsecure-auto,hard12,nowsecure,2,auto,1,1,False,0.0015028,0.0014966,0,,,,False,local_deferral,True,1,c45390d7e139beb7fb13eee4aae6bb6f457168a8fff9db485f56e1756f60df8d,unavailable,False,False
r2-hard12-nowsecure-auto,hard12,nowsecure,2,auto,1,2,False,7.91e-05,7.79e-05,0,,,,False,local_deferral,True,1,c45390d7e139beb7fb13eee4aae6bb6f457168a8fff9db485f56e1756f60df8d,unavailable,False,False
r2-hard12-nowsecure-auto,hard12,nowsecure,2,auto,1,3,False,6.56e-05,6.47e-05,0,,,,False,local_deferral,True,1,c45390d7e139beb7fb13eee4aae6bb6f457168a8fff9db485f56e1756f60df8d,unavailable,False,False
r2-public31-tiktok-user-auto,public31,tiktok-user,2,auto,0,1,False,59.9031265,59.90312,200,,warm,emulated,False,timeout,True,1,2685d70b0bb7b101a18a46959131900684d9ad72cd157cde38cabf2a73af08d3,shell,False,False
r2-public31-tiktok-user-auto,public31,tiktok-user,2,auto,0,2,False,0.0001257,0.0001247,0,,,,False,local_deferral,True,1,5eba95fa44777804f205f15ce39c540471cbebf29e3e40d123e19ac038d31177,unavailable,False,False
r2-public31-tiktok-user-auto,public31,tiktok-user,2,auto,0,3,False,6.52e-05,6.43e-05,0,,,,False,local_deferral,True,1,5eba95fa44777804f205f15ce39c540471cbebf29e3e40d123e19ac038d31177,unavailable,False,False
r2-public31-tiktok-user-native,public31,tiktok-user,2,native,1,1,False,0.0014384,0.0014325,0,,,,False,local_deferral,True,1,5eba95fa44777804f205f15ce39c540471cbebf29e3e40d123e19ac038d31177,unavailable,False,False
r2-public31-tiktok-user-native,public31,tiktok-user,2,native,1,2,False,8.34e-05,8.25e-05,0,,,,False,local_deferral,True,1,5eba95fa44777804f205f15ce39c540471cbebf29e3e40d123e19ac038d31177,unavailable,False,False
r2-public31-tiktok-user-native,public31,tiktok-user,2,native,1,3,False,6.43e-05,6.34e-05,0,,,,False,local_deferral,True,1,5eba95fa44777804f205f15ce39c540471cbebf29e3e40d123e19ac038d31177,unavailable,False,False
r2-public31-medium-auto,public31,medium,2,auto,0,1,True,3.0419033,3.0418939,200,thin,http,emulated,False,response,True,1,3f17e5ee20b369a758965520e96f95b7af4c7ec58fe7669352cd15f14fe98878,useful,True,True
r2-public31-medium-auto,public31,medium,2,auto,0,2,True,0.0478362,0.0478308,200,thin,http,emulated,False,response,True,1,3f17e5ee20b369a758965520e96f95b7af4c7ec58fe7669352cd15f14fe98878,useful,True,True
r2-public31-medium-auto,public31,medium,2,auto,0,3,True,1.0109566,1.0109503,200,thin,http,emulated,False,response,True,1,3f17e5ee20b369a758965520e96f95b7af4c7ec58fe7669352cd15f14fe98878,useful,True,True
r2-public31-medium-native,public31,medium,2,native,1,1,True,23.9035669,23.9035604,200,thin,warm,native,False,response,True,1,3f17e5ee20b369a758965520e96f95b7af4c7ec58fe7669352cd15f14fe98878,useful,True,True
r2-public31-medium-native,public31,medium,2,native,1,2,True,22.6526366,22.6526304,200,thin,warm,native,False,response,True,1,3f17e5ee20b369a758965520e96f95b7af4c7ec58fe7669352cd15f14fe98878,useful,True,True
r2-public31-medium-native,public31,medium,2,native,1,3,True,24.9008278,24.9008229,200,thin,warm,native,False,response,True,1,3f17e5ee20b369a758965520e96f95b7af4c7ec58fe7669352cd15f14fe98878,useful,True,True
r2-public31-amazon-product-native,public31,amazon-product,2,native,0,1,False,0.0015571,0.0015513,0,,,,False,local_deferral,True,1,d054fb66b3cd3f5c6217133186d998c37f8988c7a877be7e87e06f75fbb11618,unavailable,False,False
r2-public31-amazon-product-native,public31,amazon-product,2,native,0,2,False,0.0001767,0.0001754,0,,,,False,local_deferral,True,1,d054fb66b3cd3f5c6217133186d998c37f8988c7a877be7e87e06f75fbb11618,unavailable,False,False
r2-public31-amazon-product-native,public31,amazon-product,2,native,0,3,False,0.0001459,0.000145,0,,,,False,local_deferral,True,1,d054fb66b3cd3f5c6217133186d998c37f8988c7a877be7e87e06f75fbb11618,unavailable,False,False
r2-public31-amazon-product-auto,public31,amazon-product,2,auto,1,1,False,0.0016905,0.001685,0,,,,False,local_deferral,True,1,d054fb66b3cd3f5c6217133186d998c37f8988c7a877be7e87e06f75fbb11618,unavailable,False,False
r2-public31-amazon-product-auto,public31,amazon-product,2,auto,1,2,False,0.0001821,0.0001811,0,,,,False,local_deferral,True,1,d054fb66b3cd3f5c6217133186d998c37f8988c7a877be7e87e06f75fbb11618,unavailable,False,False
r2-public31-amazon-product-auto,public31,amazon-product,2,auto,1,3,False,0.000145,0.000144,0,,,,False,local_deferral,True,1,d054fb66b3cd3f5c6217133186d998c37f8988c7a877be7e87e06f75fbb11618,unavailable,False,False
r2-hard12-g2-auto,hard12,g2,2,auto,0,1,False,11.1515069,11.1514996,200,,stealth,emulated,False,wall_or_error,True,1,2cedcc2cda28bce12e8d875f5613c706645b1da7b104e7677b489a1b224fe174,unavailable,False,False
r2-hard12-g2-auto,hard12,g2,2,auto,0,2,False,0.0001274,0.0001263,0,,,,False,local_deferral,True,1,f5f0fe638ed1ed8aacff7f083479fe69bd0ae6f123b97a4fc8990155107f06ed,unavailable,False,False
r2-hard12-g2-auto,hard12,g2,2,auto,0,3,False,6.45e-05,6.34e-05,0,,,,False,local_deferral,True,1,f5f0fe638ed1ed8aacff7f083479fe69bd0ae6f123b97a4fc8990155107f06ed,unavailable,False,False
r2-hard12-g2-native,hard12,g2,2,native,1,1,False,0.001412,0.0014062,0,,,,False,local_deferral,True,1,f5f0fe638ed1ed8aacff7f083479fe69bd0ae6f123b97a4fc8990155107f06ed,unavailable,False,False
r2-hard12-g2-native,hard12,g2,2,native,1,2,False,8.45e-05,8.35e-05,0,,,,False,local_deferral,True,1,f5f0fe638ed1ed8aacff7f083479fe69bd0ae6f123b97a4fc8990155107f06ed,unavailable,False,False
r2-hard12-g2-native,hard12,g2,2,native,1,3,False,6.41e-05,6.29e-05,0,,,,False,local_deferral,True,1,f5f0fe638ed1ed8aacff7f083479fe69bd0ae6f123b97a4fc8990155107f06ed,unavailable,False,False
r2-public31-indeed-jobs-native,public31,indeed-jobs,2,native,0,1,True,4.6247028,4.6246832,200,thin,warm,native,False,response,True,1,33f3f6ebbc14baede07a76608843803c3a75d222b362ff3c9b27fa472f9c1d70,partial,False,False
r2-public31-indeed-jobs-native,public31,indeed-jobs,2,native,0,2,True,4.8674892,4.8674719,200,thin,warm,native,False,response,True,1,8af5c6b586c7370d901a863ff4e87847222f96156d16b29d65df1dd46f4a7874,partial,False,False
r2-public31-indeed-jobs-native,public31,indeed-jobs,2,native,0,3,True,8.9809733,8.9809568,200,thin,warm,native,False,response,True,1,ee92c31c79b21622a56d63a81ca6af87c1ac92019a298653cb4331991bcdb9b8,partial,False,False
r2-public31-indeed-jobs-auto,public31,indeed-jobs,2,auto,1,1,False,0.0014243,0.0014184,0,,,,False,local_deferral,True,1,39f672a8a7ef836bc099fa6d1c198e00c88308db9d2cedd6d1438bec0ff65276,unavailable,False,False
r2-public31-indeed-jobs-auto,public31,indeed-jobs,2,auto,1,2,False,7.5e-05,7.41e-05,0,,,,False,local_deferral,True,1,39f672a8a7ef836bc099fa6d1c198e00c88308db9d2cedd6d1438bec0ff65276,unavailable,False,False
r2-public31-indeed-jobs-auto,public31,indeed-jobs,2,auto,1,3,False,6.65e-05,6.56e-05,0,,,,False,local_deferral,True,1,39f672a8a7ef836bc099fa6d1c198e00c88308db9d2cedd6d1438bec0ff65276,unavailable,False,False
r2-vendors8-datadome-g2-auto,vendors8,datadome-g2,2,auto,0,1,False,0.0016622,0.0016563,0,,,,False,local_deferral,True,1,f5f0fe638ed1ed8aacff7f083479fe69bd0ae6f123b97a4fc8990155107f06ed,unavailable,False,False
r2-vendors8-datadome-g2-auto,vendors8,datadome-g2,2,auto,0,2,False,7.53e-05,7.43e-05,0,,,,False,local_deferral,True,1,f5f0fe638ed1ed8aacff7f083479fe69bd0ae6f123b97a4fc8990155107f06ed,unavailable,False,False
r2-vendors8-datadome-g2-auto,vendors8,datadome-g2,2,auto,0,3,False,6.26e-05,6.15e-05,0,,,,False,local_deferral,True,1,f5f0fe638ed1ed8aacff7f083479fe69bd0ae6f123b97a4fc8990155107f06ed,unavailable,False,False
r2-vendors8-datadome-g2-native,vendors8,datadome-g2,2,native,1,1,False,0.0013762,0.0013709,0,,,,False,local_deferral,True,1,f5f0fe638ed1ed8aacff7f083479fe69bd0ae6f123b97a4fc8990155107f06ed,unavailable,False,False
r2-vendors8-datadome-g2-native,vendors8,datadome-g2,2,native,1,2,False,7.21e-05,7.1e-05,0,,,,False,local_deferral,True,1,f5f0fe638ed1ed8aacff7f083479fe69bd0ae6f123b97a4fc8990155107f06ed,unavailable,False,False
r2-vendors8-datadome-g2-native,vendors8,datadome-g2,2,native,1,3,False,6.13e-05,6.05e-05,0,,,,False,local_deferral,True,1,f5f0fe638ed1ed8aacff7f083479fe69bd0ae6f123b97a4fc8990155107f06ed,unavailable,False,False
r2-public31-rebrowser-detector-auto,public31,rebrowser-detector,2,auto,0,1,True,0.2651523,0.2651443,200,full,http,emulated,False,response,True,1,dd129aeb7dfd7cfdcfebdc8499384e5333bcbb8c812e2dafb9cd3d39a43de145,diagnostic-only,False,False
r2-public31-rebrowser-detector-auto,public31,rebrowser-detector,2,auto,0,2,True,0.8240027,0.8239981,200,full,http,emulated,False,response,True,1,dd129aeb7dfd7cfdcfebdc8499384e5333bcbb8c812e2dafb9cd3d39a43de145,diagnostic-only,False,False
r2-public31-rebrowser-detector-auto,public31,rebrowser-detector,2,auto,0,3,True,1.003511,1.0035056,200,full,http,emulated,False,response,True,1,dd129aeb7dfd7cfdcfebdc8499384e5333bcbb8c812e2dafb9cd3d39a43de145,diagnostic-only,False,False
r2-public31-rebrowser-detector-native,public31,rebrowser-detector,2,native,1,1,True,2.1591404,2.1591334,200,thin,warm,native,False,response,True,1,3ed2b8ea77182cd9eea82012fe7f86680fce11f371cf4b396ff19f967f4414b9,diagnostic-only,False,False
r2-public31-rebrowser-detector-native,public31,rebrowser-detector,2,native,1,2,True,1.4171861,1.4171794,200,thin,warm,native,False,response,True,1,8c73c89b62f6f0dbdb9e5cd7cc71ab0b3b8b74cef55fb4fb258aa4d8efc396d5,diagnostic-only,False,False
r2-public31-rebrowser-detector-native,public31,rebrowser-detector,2,native,1,3,True,1.4557468,1.4557387,200,thin,warm,native,False,response,True,1,16cc6b6f2a8c37a4faf0cc1958d7eb9ec86f2af907e4179606dbb7cef8848795,diagnostic-only,False,False
r2-public31-stackoverflow-auto,public31,stackoverflow,2,auto,0,1,True,11.3574541,11.3574434,204,partial,stealth,emulated,False,response,True,1,e1936f2b17b7af0279b36df4294c8d0f5687b0f69c1c0bee2d25ab733703179e,useful,True,True
r2-public31-stackoverflow-auto,public31,stackoverflow,2,auto,0,2,True,4.3067616,4.3067525,200,partial,browser,emulated,False,response,True,1,1fc7c7f99f6006f1ae10450f524d67558a8c9e5a80a83d81667aef027e9b0ea1,useful,True,True
r2-public31-stackoverflow-auto,public31,stackoverflow,2,auto,0,3,True,5.033281,5.0332727,200,partial,browser,emulated,False,response,True,1,1fc7c7f99f6006f1ae10450f524d67558a8c9e5a80a83d81667aef027e9b0ea1,useful,True,True
r2-public31-stackoverflow-native,public31,stackoverflow,2,native,1,1,True,2.3655575,2.365547,200,partial,warm,native,False,response,True,1,1fc7c7f99f6006f1ae10450f524d67558a8c9e5a80a83d81667aef027e9b0ea1,useful,True,True
r2-public31-stackoverflow-native,public31,stackoverflow,2,native,1,2,True,2.7105264,2.7105166,200,partial,warm,native,False,response,True,1,1fc7c7f99f6006f1ae10450f524d67558a8c9e5a80a83d81667aef027e9b0ea1,useful,True,True
r2-public31-stackoverflow-native,public31,stackoverflow,2,native,1,3,False,0.0001445,0.0001433,0,,,,False,local_deferral,True,1,3ead0f6a916f089b80d6e7abeecfb912a5ecc93a5c937c82d2037af6f71a1a53,unavailable,False,False
r2-public31-browserscan-bot-auto,public31,browserscan-bot,2,auto,0,1,True,0.1075206,0.1075119,200,full,http,emulated,False,response,True,1,9838a395b0e235222d605fb5036d59bda16b9f0ce119725360f9b29c46a013cf,diagnostic-only,False,False
r2-public31-browserscan-bot-auto,public31,browserscan-bot,2,auto,0,2,True,0.938998,0.9389927,200,full,http,emulated,False,response,True,1,9838a395b0e235222d605fb5036d59bda16b9f0ce119725360f9b29c46a013cf,diagnostic-only,False,False
r2-public31-browserscan-bot-auto,public31,browserscan-bot,2,auto,0,3,True,0.9930109,0.9930053,200,full,http,emulated,False,response,True,1,9838a395b0e235222d605fb5036d59bda16b9f0ce119725360f9b29c46a013cf,diagnostic-only,False,False
r2-public31-browserscan-bot-native,public31,browserscan-bot,2,native,1,1,True,2.3554494999999998,2.3554423,200,thin,warm,native,False,response,True,1,bef8ba910f83c2c04633231569918b52dbe9c10c06198377c2af1d22c1ce8186,diagnostic-only,False,False
r2-public31-browserscan-bot-native,public31,browserscan-bot,2,native,1,2,True,1.8284894999999999,1.8284796,200,thin,warm,native,False,response,True,1,bef8ba910f83c2c04633231569918b52dbe9c10c06198377c2af1d22c1ce8186,diagnostic-only,False,False
r2-public31-browserscan-bot-native,public31,browserscan-bot,2,native,1,3,True,1.8146533,1.8146412,200,thin,warm,native,False,response,True,1,bef8ba910f83c2c04633231569918b52dbe9c10c06198377c2af1d22c1ce8186,diagnostic-only,False,False
r2-hard12-zillow-auto,hard12,zillow,2,auto,0,1,True,11.8938161,11.8938077,200,thin,browser,emulated,False,response,True,1,a1944500372ba1dee8443640923139487644f662b826c441553172367582c966,partial,False,False
r2-hard12-zillow-auto,hard12,zillow,2,auto,0,2,False,50.9246788,50.924676,200,,real,emulated,False,wall_or_error,True,1,4be3ab4729d0c0fa1571a9455989f6f53f285e685caecbdd994cda8979103257,wall,False,False
r2-hard12-zillow-auto,hard12,zillow,2,auto,0,3,False,0.0001067,0.0001057,0,,,,False,local_deferral,True,1,6304af10b65cfb506526ce1c40a35828900c806a4497ed582bc4d3641d26d5d8,unavailable,False,False
r2-hard12-zillow-native,hard12,zillow,2,native,1,1,False,0.0023314,0.0023238,0,,,,False,local_deferral,True,1,6304af10b65cfb506526ce1c40a35828900c806a4497ed582bc4d3641d26d5d8,unavailable,False,False
r2-hard12-zillow-native,hard12,zillow,2,native,1,2,False,0.000102,0.0001007,0,,,,False,local_deferral,True,1,6304af10b65cfb506526ce1c40a35828900c806a4497ed582bc4d3641d26d5d8,unavailable,False,False
r2-hard12-zillow-native,hard12,zillow,2,native,1,3,False,6.83e-05,6.72e-05,0,,,,False,local_deferral,True,1,6304af10b65cfb506526ce1c40a35828900c806a4497ed582bc4d3641d26d5d8,unavailable,False,False
r2-hard12-hackernews-native,hard12,hackernews,2,native,0,1,True,2.5480257,2.5480063,200,thin,warm,native,False,response,True,1,156b784a474dcff811b0ca53397228ae053f453ee79b023394412c5ce9fdac3b,useful,True,True
r2-hard12-hackernews-native,hard12,hackernews,2,native,0,2,True,1.3926053999999999,1.3925876,200,thin,warm,native,False,response,True,1,156b784a474dcff811b0ca53397228ae053f453ee79b023394412c5ce9fdac3b,useful,True,True
r2-hard12-hackernews-native,hard12,hackernews,2,native,0,3,True,1.3910092,1.3909961,200,thin,warm,native,False,response,True,1,156b784a474dcff811b0ca53397228ae053f453ee79b023394412c5ce9fdac3b,useful,True,True
r2-hard12-hackernews-auto,hard12,hackernews,2,auto,1,1,True,0.3861568,0.3861361,200,thin,http,emulated,False,response,True,1,156b784a474dcff811b0ca53397228ae053f453ee79b023394412c5ce9fdac3b,useful,True,True
r2-hard12-hackernews-auto,hard12,hackernews,2,auto,1,2,True,0.7301504,0.7301411,200,thin,http,emulated,False,response,True,1,156b784a474dcff811b0ca53397228ae053f453ee79b023394412c5ce9fdac3b,useful,True,True
r2-hard12-hackernews-auto,hard12,hackernews,2,auto,1,3,True,0.9944459,0.9944356,200,thin,http,emulated,False,response,True,1,156b784a474dcff811b0ca53397228ae053f453ee79b023394412c5ce9fdac3b,useful,True,True
r2-vendors8-cloudflare-indeed-native,vendors8,cloudflare-indeed,2,native,0,1,False,0.0014652,0.0014592,0,,,,False,local_deferral,True,1,6cb2512d3bc631db0185100591e95da5fabce97c497b291129557096f5bfe6b8,unavailable,False,False
r2-vendors8-cloudflare-indeed-native,vendors8,cloudflare-indeed,2,native,0,2,False,8.38e-05,8.28e-05,0,,,,False,local_deferral,True,1,6cb2512d3bc631db0185100591e95da5fabce97c497b291129557096f5bfe6b8,unavailable,False,False
r2-vendors8-cloudflare-indeed-native,vendors8,cloudflare-indeed,2,native,0,3,False,6.2e-05,6.06e-05,0,,,,False,local_deferral,True,1,6cb2512d3bc631db0185100591e95da5fabce97c497b291129557096f5bfe6b8,unavailable,False,False
r2-vendors8-cloudflare-indeed-auto,vendors8,cloudflare-indeed,2,auto,1,1,False,0.001418,0.0014122,0,,,,False,local_deferral,True,1,6cb2512d3bc631db0185100591e95da5fabce97c497b291129557096f5bfe6b8,unavailable,False,False
r2-vendors8-cloudflare-indeed-auto,vendors8,cloudflare-indeed,2,auto,1,2,False,8.38e-05,8.28e-05,0,,,,False,local_deferral,True,1,6cb2512d3bc631db0185100591e95da5fabce97c497b291129557096f5bfe6b8,unavailable,False,False
r2-vendors8-cloudflare-indeed-auto,vendors8,cloudflare-indeed,2,auto,1,3,False,6.35e-05,6.25e-05,0,,,,False,local_deferral,True,1,6cb2512d3bc631db0185100591e95da5fabce97c497b291129557096f5bfe6b8,unavailable,False,False
r2-hard12-example-auto,hard12,example,2,auto,0,1,True,0.2040086,0.2040014,200,thin,http,emulated,False,response,True,1,7a5d955914cbd88734d88d9d6a43bcf1c4cdfe8fd2ebd014f44522ca1e6f35a6,useful,True,True
r2-hard12-example-auto,hard12,example,2,auto,0,2,True,0.8614695,0.8614649,200,thin,http,emulated,False,response,True,1,7a5d955914cbd88734d88d9d6a43bcf1c4cdfe8fd2ebd014f44522ca1e6f35a6,useful,True,True
r2-hard12-example-auto,hard12,example,2,auto,0,3,True,0.9934529,0.9934478,200,thin,http,emulated,False,response,True,1,7a5d955914cbd88734d88d9d6a43bcf1c4cdfe8fd2ebd014f44522ca1e6f35a6,useful,True,True
r2-hard12-example-native,hard12,example,2,native,1,1,True,23.2811529,23.281144,200,thin,warm,native,False,response,True,1,7a5d955914cbd88734d88d9d6a43bcf1c4cdfe8fd2ebd014f44522ca1e6f35a6,useful,True,True
r2-hard12-example-native,hard12,example,2,native,1,2,True,22.1417555,22.1417497,200,thin,warm,native,False,response,True,1,7a5d955914cbd88734d88d9d6a43bcf1c4cdfe8fd2ebd014f44522ca1e6f35a6,useful,True,True
r2-hard12-example-native,hard12,example,2,native,1,3,True,21.7314618,21.7314565,200,thin,warm,native,False,response,True,1,7a5d955914cbd88734d88d9d6a43bcf1c4cdfe8fd2ebd014f44522ca1e6f35a6,useful,True,True
r2-public31-pixelscan-fp-auto,public31,pixelscan-fp,2,auto,0,1,True,1.9133936,1.9133862000000001,200,thin,http,emulated,False,response,True,1,84779cbc165c9b51e9807708ad2f6e35cf13b42eb374447f6696704b4dbefac5,diagnostic-only,False,False
r2-public31-pixelscan-fp-auto,public31,pixelscan-fp,2,auto,0,2,True,0.9716272,0.9716228,200,thin,http,emulated,False,response,True,1,84779cbc165c9b51e9807708ad2f6e35cf13b42eb374447f6696704b4dbefac5,diagnostic-only,False,False
r2-public31-pixelscan-fp-auto,public31,pixelscan-fp,2,auto,0,3,True,0.8656447,0.8656398,200,thin,http,emulated,False,response,True,1,84779cbc165c9b51e9807708ad2f6e35cf13b42eb374447f6696704b4dbefac5,diagnostic-only,False,False
r2-public31-pixelscan-fp-native,public31,pixelscan-fp,2,native,1,1,True,7.0391545,7.039149,200,thin,warm,native,False,response,True,1,c996573f8529dbb018f3409fb04a5a6e18e5632c098f2d1da1060d6b19c173cb,diagnostic-only,False,False
r2-public31-pixelscan-fp-native,public31,pixelscan-fp,2,native,1,2,True,2.8518471,2.8518414,200,thin,warm,native,False,response,True,1,1de2f185a4c0844823fc44cb947ba2531399306be88d172c62e9a2a1601da16f,diagnostic-only,False,False
r2-public31-pixelscan-fp-native,public31,pixelscan-fp,2,native,1,3,True,3.0878096,3.0878049,200,thin,warm,native,False,response,True,1,26f679b1ea7e658e4b30a34393b255df80b687d328ebec003d28d18595e9e6ab,diagnostic-only,False,False
r2-hard12-indeed-auto,hard12,indeed,2,auto,0,1,False,0.0016705,0.0016639,0,,,,False,local_deferral,True,1,3d1fdff00a184204e4bd19a2bc3080b99249a53c03dd315817a6628ab9e9271a,unavailable,False,False
r2-hard12-indeed-auto,hard12,indeed,2,auto,0,2,False,8.15e-05,7.99e-05,0,,,,False,local_deferral,True,1,3d1fdff00a184204e4bd19a2bc3080b99249a53c03dd315817a6628ab9e9271a,unavailable,False,False
r2-hard12-indeed-auto,hard12,indeed,2,auto,0,3,False,6.62e-05,6.52e-05,0,,,,False,local_deferral,True,1,3d1fdff00a184204e4bd19a2bc3080b99249a53c03dd315817a6628ab9e9271a,unavailable,False,False
r2-hard12-indeed-native,hard12,indeed,2,native,1,1,False,0.0016835,0.001677,0,,,,False,local_deferral,True,1,3d1fdff00a184204e4bd19a2bc3080b99249a53c03dd315817a6628ab9e9271a,unavailable,False,False
r2-hard12-indeed-native,hard12,indeed,2,native,1,2,False,8.07e-05,7.96e-05,0,,,,False,local_deferral,True,1,3d1fdff00a184204e4bd19a2bc3080b99249a53c03dd315817a6628ab9e9271a,unavailable,False,False
r2-hard12-indeed-native,hard12,indeed,2,native,1,3,False,6.45e-05,6.33e-05,0,,,,False,local_deferral,True,1,3d1fdff00a184204e4bd19a2bc3080b99249a53c03dd315817a6628ab9e9271a,unavailable,False,False
r2-public31-linkedin-jobs-auto,public31,linkedin-jobs,2,auto,0,1,True,0.8536611,0.8536326,200,thin,http,emulated,False,response,True,1,e2f680f1fae356251cab667de33f576b2994430af6fafd6cb02ad7b79247a6de,useful,True,True
r2-public31-linkedin-jobs-auto,public31,linkedin-jobs,2,auto,0,2,True,0.7651558,0.7651307,200,thin,http,emulated,False,response,True,1,012fbb54c499024cb0832e0a5b42aa73ba0995d0568afa52fb701b4ed559a9a9,useful,True,True
r2-public31-linkedin-jobs-auto,public31,linkedin-jobs,2,auto,0,3,True,1.0162443,1.0162176,200,thin,http,emulated,False,response,True,1,bbcfacc1aa04910639fbdf6b12e5e7c53d406f6019c65dc29885f0feecfea326,useful,True,True
r2-public31-linkedin-jobs-native,public31,linkedin-jobs,2,native,1,1,False,23.9306131,23.9306059,200,,warm,native,False,wall_or_error,True,1,cdd0a4e808e89f4134cb375f7985f445894a868becf042c61c55587cfa65baf8,useful,False,True
r2-public31-linkedin-jobs-native,public31,linkedin-jobs,2,native,1,2,False,23.5325645,23.5325596,200,,warm,native,False,wall_or_error,True,1,433b1a9060df0bb0415f43c103da52113c4ef4dd73ce9be6cbe2de9ccaf206b0,useful,False,True
r2-public31-linkedin-jobs-native,public31,linkedin-jobs,2,native,1,3,False,22.1898326,22.1898273,200,,warm,native,False,wall_or_error,True,1,b99e120bb220b7d51da55cabeffa925471f2a36063791c10fa823269cc8444fa,useful,False,True
r2-public31-stockwatch-auto,public31,stockwatch,2,auto,0,1,True,0.5442617,0.5442489,200,full,http,emulated,False,response,True,1,7bd52b06106eff408a96978e9b8c4c0b23bcde0f13052c9d22d9dcd7cb41d3a0,uncertain,False,False
r2-public31-stockwatch-auto,public31,stockwatch,2,auto,0,2,True,0.5704552,0.5704484,200,full,http,emulated,False,response,True,1,7ae49e195e6ec6dd77cec25cfff4bd8c5121604bf72e8166ac2f038a7d208fed,uncertain,False,False
r2-public31-stockwatch-auto,public31,stockwatch,2,auto,0,3,True,1.0893755999999999,1.089368,200,full,http,emulated,False,response,True,1,0abe8e3ed1881449f725f264d320bfb3bc170963f391c51a75153d5ef7acc5ba,uncertain,False,False
r2-public31-stockwatch-native,public31,stockwatch,2,native,1,1,True,24.5539978,24.5539889,200,thin,warm,native,False,response,True,1,0859dab70389e94d2ae7e40a2f8327b13f2722bebe7755448c2b49c98497f066,uncertain,False,False
r2-public31-stockwatch-native,public31,stockwatch,2,native,1,2,True,22.9589367,22.9589287,200,thin,warm,native,False,response,True,1,195678f01890d1cc343edf54f99dbd64ac600b6e69caba4dd17272ee66879a43,uncertain,False,False
r2-public31-stockwatch-native,public31,stockwatch,2,native,1,3,True,22.7954944,22.7954876,200,thin,warm,native,False,response,True,1,d2565cd68f2128a7807684624d36c1dfdf4a60ac2e05770f630cddaf1883deae,uncertain,False,False
r2-hard12-crunchbase-native,hard12,crunchbase,2,native,0,1,False,0.0015462,0.0015402,0,,,,False,local_deferral,True,1,741a693abfa635a5f3ddad57491e3b8aff1b6c8062a905dd09a88b1271fbd91b,unavailable,False,False
r2-hard12-crunchbase-native,hard12,crunchbase,2,native,0,2,False,7.75e-05,7.66e-05,0,,,,False,local_deferral,True,1,741a693abfa635a5f3ddad57491e3b8aff1b6c8062a905dd09a88b1271fbd91b,unavailable,False,False
r2-hard12-crunchbase-native,hard12,crunchbase,2,native,0,3,False,6.26e-05,6.18e-05,0,,,,False,local_deferral,True,1,741a693abfa635a5f3ddad57491e3b8aff1b6c8062a905dd09a88b1271fbd91b,unavailable,False,False
r2-hard12-crunchbase-auto,hard12,crunchbase,2,auto,1,1,False,0.0016688,0.0016633,0,,,,False,local_deferral,True,1,741a693abfa635a5f3ddad57491e3b8aff1b6c8062a905dd09a88b1271fbd91b,unavailable,False,False
r2-hard12-crunchbase-auto,hard12,crunchbase,2,auto,1,2,False,7.25e-05,7.15e-05,0,,,,False,local_deferral,True,1,741a693abfa635a5f3ddad57491e3b8aff1b6c8062a905dd09a88b1271fbd91b,unavailable,False,False
r2-hard12-crunchbase-auto,hard12,crunchbase,2,auto,1,3,False,6.06e-05,5.95e-05,0,,,,False,local_deferral,True,1,741a693abfa635a5f3ddad57491e3b8aff1b6c8062a905dd09a88b1271fbd91b,unavailable,False,False
r2-vendors8-akamai-homedepot-native,vendors8,akamai-homedepot,2,native,0,1,True,5.2409128,5.2409046,200,thin,warm,native,False,response,True,1,9d0bafbc4875627781143b4afdd76733e598520c8cef08db07b3ea2a7eb1450b,shell,False,False
r2-vendors8-akamai-homedepot-native,vendors8,akamai-homedepot,2,native,0,2,True,4.4417418,4.4417363,200,thin,warm,native,False,response,True,1,9d0bafbc4875627781143b4afdd76733e598520c8cef08db07b3ea2a7eb1450b,shell,False,False
r2-vendors8-akamai-homedepot-native,vendors8,akamai-homedepot,2,native,0,3,True,8.761500999999999,8.7614951,200,thin,warm,native,False,response,True,1,9d0bafbc4875627781143b4afdd76733e598520c8cef08db07b3ea2a7eb1450b,shell,False,False
r2-vendors8-akamai-homedepot-auto,vendors8,akamai-homedepot,2,auto,1,1,False,0.0014742,0.001465,0,,,,False,local_deferral,True,1,80c1ae9ad5c93a05d471470f5dd8fc7e4a643c8378c4fa3d28f0abbb32682cdb,unavailable,False,False
r2-vendors8-akamai-homedepot-auto,vendors8,akamai-homedepot,2,auto,1,2,False,7.38e-05,7.28e-05,0,,,,False,local_deferral,True,1,80c1ae9ad5c93a05d471470f5dd8fc7e4a643c8378c4fa3d28f0abbb32682cdb,unavailable,False,False
r2-vendors8-akamai-homedepot-auto,vendors8,akamai-homedepot,2,auto,1,3,False,6.28e-05,6.19e-05,0,,,,False,local_deferral,True,1,80c1ae9ad5c93a05d471470f5dd8fc7e4a643c8378c4fa3d28f0abbb32682cdb,unavailable,False,False
r2-public31-bot-incolumitas-native,public31,bot-incolumitas,2,native,0,1,True,2.6062912000000003,2.6062655,200,full,warm,native,False,response,True,1,7c432f90f5c1e98f93aab31bef29f1c0ef44a52842214ba866a42e3e2a9cc7df,diagnostic-only,False,False
r2-public31-bot-incolumitas-native,public31,bot-incolumitas,2,native,0,2,True,2.142916,2.1428924,200,full,warm,native,False,response,True,1,d5984adaa7a2d958cbf60e43575f5d99ab6983da30121d2560e14cf06e65048a,diagnostic-only,False,False
r2-public31-bot-incolumitas-native,public31,bot-incolumitas,2,native,0,3,True,2.2620697,2.2620457,200,full,warm,native,False,response,True,1,c8bd0c7a9095fa037865470a88b1eb96c67d10f7e3bb7fd81f981200741791c4,diagnostic-only,False,False
r2-public31-bot-incolumitas-auto,public31,bot-incolumitas,2,auto,1,1,True,0.6837551,0.6837473,200,full,http,emulated,False,response,True,1,c8171629aae01e2c3a2c33c5ddbf2a8d7a30c154d665252896b00b479707409a,diagnostic-only,False,False
r2-public31-bot-incolumitas-auto,public31,bot-incolumitas,2,auto,1,2,True,0.4977029,0.4976913,200,full,http,emulated,False,response,True,1,c8171629aae01e2c3a2c33c5ddbf2a8d7a30c154d665252896b00b479707409a,diagnostic-only,False,False
r2-public31-bot-incolumitas-auto,public31,bot-incolumitas,2,auto,1,3,True,1.0090343,1.0090271,200,full,http,emulated,False,response,True,1,c8171629aae01e2c3a2c33c5ddbf2a8d7a30c154d665252896b00b479707409a,diagnostic-only,False,False
r2-vendors8-akamai-newegg-auto,vendors8,akamai-newegg,2,auto,0,1,True,0.5105991,0.5105849,200,thin,http,emulated,False,response,True,1,d561fea7ca63e7c98c569a24366122c00b38e29b1bc1be1fc40aeec52e45bba8,useful,True,True
r2-vendors8-akamai-newegg-auto,vendors8,akamai-newegg,2,auto,0,2,True,0.6733705,0.6733573,200,thin,http,emulated,False,response,True,1,d561fea7ca63e7c98c569a24366122c00b38e29b1bc1be1fc40aeec52e45bba8,useful,True,True
r2-vendors8-akamai-newegg-auto,vendors8,akamai-newegg,2,auto,0,3,True,1.0016701,1.001658,200,thin,http,emulated,False,response,True,1,ea8488cef8f02b87cac38a17a588d5db5e03c193a42027088fd105132f071d45,useful,True,True
r2-vendors8-akamai-newegg-native,vendors8,akamai-newegg,2,native,1,1,True,6.2042325,6.2042146,204,thin,warm,native,False,response,True,1,b5452b000c54d70f782406961cf389db184e8c564a908c7fc1953b6326aeb7be,useful,True,True
r2-vendors8-akamai-newegg-native,vendors8,akamai-newegg,2,native,1,2,True,5.2158552,5.2158409,200,thin,warm,native,False,response,True,1,904976187f1974987b2ee7253a2cb5c00f2c8ca8412b4ff789e0643a259d30ac,useful,True,True
r2-vendors8-akamai-newegg-native,vendors8,akamai-newegg,2,native,1,3,True,5.5653369,5.5653215,204,thin,warm,native,False,response,True,1,b5452b000c54d70f782406961cf389db184e8c564a908c7fc1953b6326aeb7be,useful,True,True
r2-public31-devto-native,public31,devto,2,native,0,1,True,2.5251415,2.5251111,200,partial,warm,native,False,response,True,1,93448601fa5413ed5ca287a8bd0b3e1d2233c21b6106de9b772f4f3633723fb5,useful,True,True
r2-public31-devto-native,public31,devto,2,native,0,2,True,1.6967354000000001,1.696706,200,partial,warm,native,False,response,True,1,93448601fa5413ed5ca287a8bd0b3e1d2233c21b6106de9b772f4f3633723fb5,useful,True,True
r2-public31-devto-native,public31,devto,2,native,0,3,True,1.862006,1.8619771,200,partial,warm,native,False,response,True,1,93448601fa5413ed5ca287a8bd0b3e1d2233c21b6106de9b772f4f3633723fb5,useful,True,True
r2-public31-devto-auto,public31,devto,2,auto,1,1,True,0.1208114,0.1207808,200,partial,http,emulated,False,response,True,1,40752e8593506dd7915d14e8e08eb7adc096a5cc1889f390db5903783d9c09d5,useful,True,True
r2-public31-devto-auto,public31,devto,2,auto,1,2,True,0.9158851,0.9158574,200,partial,http,emulated,False,response,True,1,40752e8593506dd7915d14e8e08eb7adc096a5cc1889f390db5903783d9c09d5,useful,True,True
r2-public31-devto-auto,public31,devto,2,auto,1,3,True,1.0133569,1.013324,200,partial,http,emulated,False,response,True,1,40752e8593506dd7915d14e8e08eb7adc096a5cc1889f390db5903783d9c09d5,useful,True,True
r3-public31-indeed-jobs-auto,public31,indeed-jobs,3,auto,0,1,False,0.0856429,0.0856366,403,,http,emulated,False,wall_or_error,True,1,42ee73a0acaf8d5015bcd985be74b776cc8abbb7606ebdb0bce6194ff5bdd352,unavailable,False,False
r3-public31-indeed-jobs-auto,public31,indeed-jobs,3,auto,0,2,False,8.2e-05,8.1e-05,0,,,,False,local_deferral,True,1,39f672a8a7ef836bc099fa6d1c198e00c88308db9d2cedd6d1438bec0ff65276,unavailable,False,False
r3-public31-indeed-jobs-auto,public31,indeed-jobs,3,auto,0,3,False,6.14e-05,6.06e-05,0,,,,False,local_deferral,True,1,39f672a8a7ef836bc099fa6d1c198e00c88308db9d2cedd6d1438bec0ff65276,unavailable,False,False
r3-public31-indeed-jobs-native,public31,indeed-jobs,3,native,1,1,False,0.0014723,0.001466,0,,,,False,local_deferral,True,1,39f672a8a7ef836bc099fa6d1c198e00c88308db9d2cedd6d1438bec0ff65276,unavailable,False,False
r3-public31-indeed-jobs-native,public31,indeed-jobs,3,native,1,2,False,8e-05,7.9e-05,0,,,,False,local_deferral,True,1,39f672a8a7ef836bc099fa6d1c198e00c88308db9d2cedd6d1438bec0ff65276,unavailable,False,False
r3-public31-indeed-jobs-native,public31,indeed-jobs,3,native,1,3,False,6.38e-05,6.28e-05,0,,,,False,local_deferral,True,1,39f672a8a7ef836bc099fa6d1c198e00c88308db9d2cedd6d1438bec0ff65276,unavailable,False,False
r3-hard12-nowsecure-auto,hard12,nowsecure,3,auto,0,1,False,0.0017431,0.001737,0,,,,False,local_deferral,True,1,c45390d7e139beb7fb13eee4aae6bb6f457168a8fff9db485f56e1756f60df8d,unavailable,False,False
r3-hard12-nowsecure-auto,hard12,nowsecure,3,auto,0,2,False,8.18e-05,8.07e-05,0,,,,False,local_deferral,True,1,c45390d7e139beb7fb13eee4aae6bb6f457168a8fff9db485f56e1756f60df8d,unavailable,False,False
r3-hard12-nowsecure-auto,hard12,nowsecure,3,auto,0,3,False,6.48e-05,6.39e-05,0,,,,False,local_deferral,True,1,c45390d7e139beb7fb13eee4aae6bb6f457168a8fff9db485f56e1756f60df8d,unavailable,False,False
r3-hard12-nowsecure-native,hard12,nowsecure,3,native,1,1,False,0.0013607,0.0013551,0,,,,False,local_deferral,True,1,c45390d7e139beb7fb13eee4aae6bb6f457168a8fff9db485f56e1756f60df8d,unavailable,False,False
r3-hard12-nowsecure-native,hard12,nowsecure,3,native,1,2,False,7.36e-05,7.27e-05,0,,,,False,local_deferral,True,1,c45390d7e139beb7fb13eee4aae6bb6f457168a8fff9db485f56e1756f60df8d,unavailable,False,False
r3-hard12-nowsecure-native,hard12,nowsecure,3,native,1,3,False,6.29e-05,6.19e-05,0,,,,False,local_deferral,True,1,c45390d7e139beb7fb13eee4aae6bb6f457168a8fff9db485f56e1756f60df8d,unavailable,False,False
r3-public31-medium-native,public31,medium,3,native,0,1,True,23.5576441,23.5576367,200,thin,warm,native,False,response,True,1,3f17e5ee20b369a758965520e96f95b7af4c7ec58fe7669352cd15f14fe98878,useful,True,True
r3-public31-medium-native,public31,medium,3,native,0,2,False,0.0001355,0.0001343,0,,,,False,local_deferral,True,1,e484e034e1efb7dac0b0fd93423a6b3eed571fd2714d4dc20b360be9575a452c,unavailable,False,False
r3-public31-medium-native,public31,medium,3,native,0,3,False,6.57e-05,6.5e-05,0,,,,False,local_deferral,True,1,e484e034e1efb7dac0b0fd93423a6b3eed571fd2714d4dc20b360be9575a452c,unavailable,False,False
r3-public31-medium-auto,public31,medium,3,auto,1,1,False,0.0019408,0.0019331,0,,,,False,local_deferral,True,1,e484e034e1efb7dac0b0fd93423a6b3eed571fd2714d4dc20b360be9575a452c,unavailable,False,False
r3-public31-medium-auto,public31,medium,3,auto,1,2,False,8.49e-05,8.36e-05,0,,,,False,local_deferral,True,1,e484e034e1efb7dac0b0fd93423a6b3eed571fd2714d4dc20b360be9575a452c,unavailable,False,False
r3-public31-medium-auto,public31,medium,3,auto,1,3,False,6.59e-05,6.51e-05,0,,,,False,local_deferral,True,1,e484e034e1efb7dac0b0fd93423a6b3eed571fd2714d4dc20b360be9575a452c,unavailable,False,False
r3-public31-canadianinsider-auto,public31,canadianinsider,3,auto,0,1,False,0.001451,0.0014409,0,,,,False,local_deferral,True,1,4690065ddc9e1491b004905606e85e792ca22fe47edde83be556c0a740aa6801,unavailable,False,False
r3-public31-canadianinsider-auto,public31,canadianinsider,3,auto,0,2,False,0.0001083,0.0001068,0,,,,False,local_deferral,True,1,4690065ddc9e1491b004905606e85e792ca22fe47edde83be556c0a740aa6801,unavailable,False,False
r3-public31-canadianinsider-auto,public31,canadianinsider,3,auto,0,3,False,6.36e-05,6.26e-05,0,,,,False,local_deferral,True,1,4690065ddc9e1491b004905606e85e792ca22fe47edde83be556c0a740aa6801,unavailable,False,False
r3-public31-canadianinsider-native,public31,canadianinsider,3,native,1,1,False,0.0014226,0.0014171,0,,,,False,local_deferral,True,1,4690065ddc9e1491b004905606e85e792ca22fe47edde83be556c0a740aa6801,unavailable,False,False
r3-public31-canadianinsider-native,public31,canadianinsider,3,native,1,2,False,7.43e-05,7.33e-05,0,,,,False,local_deferral,True,1,4690065ddc9e1491b004905606e85e792ca22fe47edde83be556c0a740aa6801,unavailable,False,False
r3-public31-canadianinsider-native,public31,canadianinsider,3,native,1,3,False,6.22e-05,6.11e-05,0,,,,False,local_deferral,True,1,4690065ddc9e1491b004905606e85e792ca22fe47edde83be556c0a740aa6801,unavailable,False,False
r3-vendors8-cloudflare-crunchbase-native,vendors8,cloudflare-crunchbase,3,native,0,1,True,6.4192625,6.4192452,200,thin,warm,native,False,response,True,1,bbe8e2dbd2c5d803d433496fceda1c6d936fdbbe9115039948d9e702695dc5b6,useful,True,True
r3-vendors8-cloudflare-crunchbase-native,vendors8,cloudflare-crunchbase,3,native,0,2,False,0.0001355,0.0001341,0,,,,False,local_deferral,True,1,1244029dff925f904d364bb3a8306944c2da4a587916d9579decde8d707063cf,unavailable,False,False
r3-vendors8-cloudflare-crunchbase-native,vendors8,cloudflare-crunchbase,3,native,0,3,False,6.72e-05,6.61e-05,0,,,,False,local_deferral,True,1,1244029dff925f904d364bb3a8306944c2da4a587916d9579decde8d707063cf,unavailable,False,False
r3-vendors8-cloudflare-crunchbase-auto,vendors8,cloudflare-crunchbase,3,auto,1,1,False,0.0013889,0.0013834,0,,,,False,local_deferral,True,1,1244029dff925f904d364bb3a8306944c2da4a587916d9579decde8d707063cf,unavailable,False,False
r3-vendors8-cloudflare-crunchbase-auto,vendors8,cloudflare-crunchbase,3,auto,1,2,False,7.32e-05,7.2e-05,0,,,,False,local_deferral,True,1,1244029dff925f904d364bb3a8306944c2da4a587916d9579decde8d707063cf,unavailable,False,False
r3-vendors8-cloudflare-crunchbase-auto,vendors8,cloudflare-crunchbase,3,auto,1,3,False,6.06e-05,5.96e-05,0,,,,False,local_deferral,True,1,1244029dff925f904d364bb3a8306944c2da4a587916d9579decde8d707063cf,unavailable,False,False
r3-public31-linkedin-jobs-native,public31,linkedin-jobs,3,native,0,1,False,25.2066191,25.2066122,200,,warm,native,False,wall_or_error,True,1,6dd01a1cffaaf334cb947516b136a1ceb9ac1e5236103582a7ffcea2e2f99686,useful,False,True
r3-public31-linkedin-jobs-native,public31,linkedin-jobs,3,native,0,2,False,22.8122491,22.8122434,200,,warm,native,False,wall_or_error,True,1,797e763f8ef75db5f09706dfc6f0f70bb2eb35049e8a9240350ba9f531243d74,useful,False,True
r3-public31-linkedin-jobs-native,public31,linkedin-jobs,3,native,0,3,False,22.3198632,22.3198586,200,,warm,native,False,wall_or_error,True,1,840e9c83e8e38b58865e2117a082290f5024c96907a866af9a6706f7c1650add,useful,False,True
r3-public31-linkedin-jobs-auto,public31,linkedin-jobs,3,auto,1,1,True,0.7231971,0.723173,200,thin,http,emulated,False,response,True,1,4a5e0ac9f3b90436773c2bde9ca3f8515ff54e0b972377cc3d3f0b3517bdaca6,useful,True,True
r3-public31-linkedin-jobs-auto,public31,linkedin-jobs,3,auto,1,2,True,0.8230446,0.8230205,200,thin,http,emulated,False,response,True,1,66d81433c0fd118b446b3b46948fe76e70a518c2ca23c9bd4da3fce2c34cce88,useful,True,True
r3-public31-linkedin-jobs-auto,public31,linkedin-jobs,3,auto,1,3,True,1.0258084,1.025786,200,thin,http,emulated,False,response,True,1,7feab392796bf23ee5f86d4daa802367be82f90ad8af18c6534f0da2f006c990,useful,True,True
r3-public31-amazon-product-auto,public31,amazon-product,3,auto,0,1,False,2.9094568,2.9094506,200,,browser,emulated,False,wall_or_error,True,1,6e20cc160896c3dbbe1ae87e25d0881cc2add4ab16314776db090937e9eb7a9a,unavailable,False,False
r3-public31-amazon-product-auto,public31,amazon-product,3,auto,0,2,False,1.4306431,1.4306401,200,,browser,emulated,False,wall_or_error,True,1,0187998a95d986f795721c2e4246654fc94819a64c883a991e0729cc84413940,unavailable,False,False
r3-public31-amazon-product-auto,public31,amazon-product,3,auto,0,3,False,1.8934672,1.8934633,200,,browser,emulated,False,wall_or_error,True,1,d73f7c3833327e635a9d6568e9f026c328ff7c8113e65a541f80b4c580224a9f,unavailable,False,False
r3-public31-amazon-product-native,public31,amazon-product,3,native,1,1,False,1.7427296,1.7427242,200,,warm,native,False,wall_or_error,True,1,02aa43f3dcfc33d74542b1676b7f1834603ebe56e4055701f018a17ebab614e6,unavailable,False,False
r3-public31-amazon-product-native,public31,amazon-product,3,native,1,2,False,1.4673274,1.4673245,200,,warm,native,False,wall_or_error,True,1,ed2c0dc130ff129589565db9d08db03372dab910da17fb13021f4189def386f1,unavailable,False,False
r3-public31-amazon-product-native,public31,amazon-product,3,native,1,3,False,3.6976869,3.6976824,200,,warm,native,False,wall_or_error,True,1,8e2db1f94162fa8e23c3d8b87c043b09d54c27b606e605cec8b4db754ec7fda8,unavailable,False,False
r3-public31-pixelscan-bot-auto,public31,pixelscan-bot,3,auto,0,1,True,1.9180456000000001,1.9180355,200,thin,http,emulated,False,response,True,1,6ea77fdfd6ff198998f99fe5195c83b80823f648a622ca043f5b6bb916df12c1,diagnostic-only,False,False
r3-public31-pixelscan-bot-auto,public31,pixelscan-bot,3,auto,0,2,True,0.994296,0.9942909,200,thin,http,emulated,False,response,True,1,6ea77fdfd6ff198998f99fe5195c83b80823f648a622ca043f5b6bb916df12c1,diagnostic-only,False,False
r3-public31-pixelscan-bot-auto,public31,pixelscan-bot,3,auto,0,3,True,0.8475591,0.8475543,200,thin,http,emulated,False,response,True,1,6ea77fdfd6ff198998f99fe5195c83b80823f648a622ca043f5b6bb916df12c1,diagnostic-only,False,False
r3-public31-pixelscan-bot-native,public31,pixelscan-bot,3,native,1,1,True,3.8952115000000003,3.8952042000000002,200,thin,warm,native,False,response,True,1,15a94dbf945e34c8274f1b0182c7e7cd2eb07c198a68094db715bcdd62dc9f1b,diagnostic-only,False,False
r3-public31-pixelscan-bot-native,public31,pixelscan-bot,3,native,1,2,True,2.436497,2.436491,200,thin,warm,native,False,response,True,1,15a94dbf945e34c8274f1b0182c7e7cd2eb07c198a68094db715bcdd62dc9f1b,diagnostic-only,False,False
r3-public31-pixelscan-bot-native,public31,pixelscan-bot,3,native,1,3,True,2.4880886,2.4880829,200,thin,warm,native,False,response,True,1,15a94dbf945e34c8274f1b0182c7e7cd2eb07c198a68094db715bcdd62dc9f1b,diagnostic-only,False,False
r3-public31-tiktok-user-native,public31,tiktok-user,3,native,0,1,False,0.0016883,0.0016819,0,,,,False,local_deferral,True,1,5eba95fa44777804f205f15ce39c540471cbebf29e3e40d123e19ac038d31177,unavailable,False,False
r3-public31-tiktok-user-native,public31,tiktok-user,3,native,0,2,False,8.15e-05,8.04e-05,0,,,,False,local_deferral,True,1,5eba95fa44777804f205f15ce39c540471cbebf29e3e40d123e19ac038d31177,unavailable,False,False
r3-public31-tiktok-user-native,public31,tiktok-user,3,native,0,3,False,6.42e-05,6.31e-05,0,,,,False,local_deferral,True,1,5eba95fa44777804f205f15ce39c540471cbebf29e3e40d123e19ac038d31177,unavailable,False,False
r3-public31-tiktok-user-auto,public31,tiktok-user,3,auto,1,1,False,0.0014207,0.0014149,0,,,,False,local_deferral,True,1,5eba95fa44777804f205f15ce39c540471cbebf29e3e40d123e19ac038d31177,unavailable,False,False
r3-public31-tiktok-user-auto,public31,tiktok-user,3,auto,1,2,False,7.31e-05,7.2e-05,0,,,,False,local_deferral,True,1,5eba95fa44777804f205f15ce39c540471cbebf29e3e40d123e19ac038d31177,unavailable,False,False
r3-public31-tiktok-user-auto,public31,tiktok-user,3,auto,1,3,False,6.01e-05,5.93e-05,0,,,,False,local_deferral,True,1,5eba95fa44777804f205f15ce39c540471cbebf29e3e40d123e19ac038d31177,unavailable,False,False
r3-public31-stackoverflow-native,public31,stackoverflow,3,native,0,1,False,0.0013649,0.0013591,0,,,,False,local_deferral,True,1,3ead0f6a916f089b80d6e7abeecfb912a5ecc93a5c937c82d2037af6f71a1a53,unavailable,False,False
r3-public31-stackoverflow-native,public31,stackoverflow,3,native,0,2,False,7.46e-05,7.35e-05,0,,,,False,local_deferral,True,1,3ead0f6a916f089b80d6e7abeecfb912a5ecc93a5c937c82d2037af6f71a1a53,unavailable,False,False
r3-public31-stackoverflow-native,public31,stackoverflow,3,native,0,3,False,6.2e-05,6.11e-05,0,,,,False,local_deferral,True,1,3ead0f6a916f089b80d6e7abeecfb912a5ecc93a5c937c82d2037af6f71a1a53,unavailable,False,False
r3-public31-stackoverflow-auto,public31,stackoverflow,3,auto,1,1,False,0.0014492,0.0014438,0,,,,False,local_deferral,True,1,3ead0f6a916f089b80d6e7abeecfb912a5ecc93a5c937c82d2037af6f71a1a53,unavailable,False,False
r3-public31-stackoverflow-auto,public31,stackoverflow,3,auto,1,2,False,7.4e-05,7.29e-05,0,,,,False,local_deferral,True,1,3ead0f6a916f089b80d6e7abeecfb912a5ecc93a5c937c82d2037af6f71a1a53,unavailable,False,False
r3-public31-stackoverflow-auto,public31,stackoverflow,3,auto,1,3,False,6.6e-05,6.51e-05,0,,,,False,local_deferral,True,1,3ead0f6a916f089b80d6e7abeecfb912a5ecc93a5c937c82d2037af6f71a1a53,unavailable,False,False
r3-public31-browserscan-bot-native,public31,browserscan-bot,3,native,0,1,True,2.2524667,2.2524525,200,thin,warm,native,False,response,True,1,bef8ba910f83c2c04633231569918b52dbe9c10c06198377c2af1d22c1ce8186,diagnostic-only,False,False
r3-public31-browserscan-bot-native,public31,browserscan-bot,3,native,0,2,True,1.7967445,1.7967363,200,thin,warm,native,False,response,True,1,bef8ba910f83c2c04633231569918b52dbe9c10c06198377c2af1d22c1ce8186,diagnostic-only,False,False
r3-public31-browserscan-bot-native,public31,browserscan-bot,3,native,0,3,True,1.8131675999999999,1.8131556,200,thin,warm,native,False,response,True,1,bef8ba910f83c2c04633231569918b52dbe9c10c06198377c2af1d22c1ce8186,diagnostic-only,False,False
r3-public31-browserscan-bot-auto,public31,browserscan-bot,3,auto,1,1,True,0.0770739,0.0770666,200,full,http,emulated,False,response,True,1,9838a395b0e235222d605fb5036d59bda16b9f0ce119725360f9b29c46a013cf,diagnostic-only,False,False
r3-public31-browserscan-bot-auto,public31,browserscan-bot,3,auto,1,2,True,0.9680017,0.9679969,200,full,http,emulated,False,response,True,1,9838a395b0e235222d605fb5036d59bda16b9f0ce119725360f9b29c46a013cf,diagnostic-only,False,False
r3-public31-browserscan-bot-auto,public31,browserscan-bot,3,auto,1,3,True,0.9970263,0.9970207,200,full,http,emulated,False,response,True,1,9838a395b0e235222d605fb5036d59bda16b9f0ce119725360f9b29c46a013cf,diagnostic-only,False,False
r3-public31-newsfilecorp-auto,public31,newsfilecorp,3,auto,0,1,True,0.9358145,0.9357904,200,full,http,emulated,False,response,True,1,aa9d22ebfdc61fa3d33d85397595ee14674a2d0d0b11b33041d3aba11e9dbade,partial,False,False
r3-public31-newsfilecorp-auto,public31,newsfilecorp,3,auto,0,2,True,0.4035179,0.4034979,200,full,http,emulated,False,response,True,1,aa9d22ebfdc61fa3d33d85397595ee14674a2d0d0b11b33041d3aba11e9dbade,partial,False,False
r3-public31-newsfilecorp-auto,public31,newsfilecorp,3,auto,0,3,True,0.918587,0.9185664,200,full,http,emulated,False,response,True,1,aa9d22ebfdc61fa3d33d85397595ee14674a2d0d0b11b33041d3aba11e9dbade,partial,False,False
r3-public31-newsfilecorp-native,public31,newsfilecorp,3,native,1,1,True,3.1100304,3.1100096,200,thin,warm,native,False,response,True,1,aa9d22ebfdc61fa3d33d85397595ee14674a2d0d0b11b33041d3aba11e9dbade,partial,False,False
r3-public31-newsfilecorp-native,public31,newsfilecorp,3,native,1,2,True,1.654568,1.6545630999999998,200,thin,warm,native,False,response,True,1,7d61190954e6288ab0b94e011ca276dba93bc25a6aff43d8a6900ee8bd17f285,wall,False,False
r3-public31-newsfilecorp-native,public31,newsfilecorp,3,native,1,3,False,1.7912549,1.7912523999999999,0,,,,False,wall_or_error,True,1,19be420ea148bff7e39a4aeebe36d0dc04e7a799e925e4383241591a689ef592,unavailable,False,False
r3-public31-github-explore-auto,public31,github-explore,3,auto,0,1,True,1.8339368999999999,1.8339264,200,thin,http,emulated,False,response,True,1,362255dd64da81300f52cf6a09e521fd31ba9dfba7beb9f2bc47c79715c0842b,partial,False,False
r3-public31-github-explore-auto,public31,github-explore,3,auto,0,2,True,0.0866739,0.0866611,200,thin,http,emulated,False,response,True,1,362255dd64da81300f52cf6a09e521fd31ba9dfba7beb9f2bc47c79715c0842b,partial,False,False
r3-public31-github-explore-auto,public31,github-explore,3,auto,0,3,True,1.013363,1.0133529,200,thin,http,emulated,False,response,True,1,362255dd64da81300f52cf6a09e521fd31ba9dfba7beb9f2bc47c79715c0842b,partial,False,False
r3-public31-github-explore-native,public31,github-explore,3,native,1,1,True,4.6191658,4.6191546,200,thin,warm,native,False,response,True,1,1896e349fc3b1f4f4ff74d8dc399907e237269dfeba7f34e7ab4ca99138fa43c,partial,False,False
r3-public31-github-explore-native,public31,github-explore,3,native,1,2,True,1.8848428,1.8848338999999998,200,thin,warm,native,False,response,True,1,1896e349fc3b1f4f4ff74d8dc399907e237269dfeba7f34e7ab4ca99138fa43c,partial,False,False
r3-public31-github-explore-native,public31,github-explore,3,native,1,3,True,1.8442794999999998,1.8442682000000001,200,thin,warm,native,False,response,True,1,1896e349fc3b1f4f4ff74d8dc399907e237269dfeba7f34e7ab4ca99138fa43c,partial,False,False
r3-public31-devto-auto,public31,devto,3,auto,0,1,True,0.3824956,0.3824554,200,partial,http,emulated,False,response,True,1,e9e0dfd46158156df8c27abc38fd3c80294c6567558fdfaedc792f307ec92eaf,useful,True,True
r3-public31-devto-auto,public31,devto,3,auto,0,2,True,0.6683374,0.6683095,200,partial,http,emulated,False,response,True,1,e9e0dfd46158156df8c27abc38fd3c80294c6567558fdfaedc792f307ec92eaf,useful,True,True
r3-public31-devto-auto,public31,devto,3,auto,0,3,True,0.9901068,0.9900814,200,partial,http,emulated,False,response,True,1,e9e0dfd46158156df8c27abc38fd3c80294c6567558fdfaedc792f307ec92eaf,useful,True,True
r3-public31-devto-native,public31,devto,3,native,1,1,True,2.2183019,2.2182695,200,partial,warm,native,False,response,True,1,343911543219d0e32f7e28d27f1e3d29284916b4c4a0b5e991b6acbfa2257063,useful,True,True
r3-public31-devto-native,public31,devto,3,native,1,2,True,1.6780852,1.6780462,200,partial,warm,native,False,response,True,1,343911543219d0e32f7e28d27f1e3d29284916b4c4a0b5e991b6acbfa2257063,useful,True,True
r3-public31-devto-native,public31,devto,3,native,1,3,True,1.5474957,1.5474649999999999,200,partial,warm,native,False,response,True,1,343911543219d0e32f7e28d27f1e3d29284916b4c4a0b5e991b6acbfa2257063,useful,True,True
r3-public31-instagram-post-auto,public31,instagram-post,3,auto,0,1,True,4.2626127,4.2626037,200,thin,browser,emulated,False,response,True,1,1fca0289753eb2981bff32b44504848c2a8cbcf4eabc802456a77ceebc40f6c6,unavailable,False,False
r3-public31-instagram-post-auto,public31,instagram-post,3,auto,0,2,True,3.1046694,3.1046644,200,thin,browser,emulated,False,response,True,1,1fca0289753eb2981bff32b44504848c2a8cbcf4eabc802456a77ceebc40f6c6,unavailable,False,False
r3-public31-instagram-post-auto,public31,instagram-post,3,auto,0,3,True,5.6393128,5.6393084,200,thin,browser,emulated,False,response,True,1,1fca0289753eb2981bff32b44504848c2a8cbcf4eabc802456a77ceebc40f6c6,unavailable,False,False
r3-public31-instagram-post-native,public31,instagram-post,3,native,1,1,True,22.7225261,22.7225203,200,thin,warm,native,False,response,True,1,c9c3513873c0b4dafe628724ebb8b71d3ce807031dbc8a71f05974bcefc0a1b1,unavailable,False,False
r3-public31-instagram-post-native,public31,instagram-post,3,native,1,2,False,0.000132,0.000131,0,,,,False,local_deferral,True,1,189057070f1e926489dd0f712be6ff0ec36c793482f76787cfefcc4d885ab336,unavailable,False,False
r3-public31-instagram-post-native,public31,instagram-post,3,native,1,3,False,6.59e-05,6.51e-05,0,,,,False,local_deferral,True,1,189057070f1e926489dd0f712be6ff0ec36c793482f76787cfefcc4d885ab336,unavailable,False,False
r3-public31-ceo-ca-auto,public31,ceo-ca,3,auto,0,1,True,3.9032178,3.9032007,200,thin,browser,emulated,False,response,True,1,bea65bf911677912d01729a196203af8b1a6a2dbe1570a4f3eea03bcee88bfdf,useful,True,True
r3-public31-ceo-ca-auto,public31,ceo-ca,3,auto,0,2,True,1.8630605,1.8630477,200,thin,browser,emulated,False,response,True,1,bea65bf911677912d01729a196203af8b1a6a2dbe1570a4f3eea03bcee88bfdf,useful,True,True
r3-public31-ceo-ca-auto,public31,ceo-ca,3,auto,0,3,True,1.7849914999999998,1.7849759,200,thin,browser,emulated,False,response,True,1,bea65bf911677912d01729a196203af8b1a6a2dbe1570a4f3eea03bcee88bfdf,useful,True,True
r3-public31-ceo-ca-native,public31,ceo-ca,3,native,1,1,True,3.2779914,3.2779795,200,thin,warm,native,False,response,True,1,969c88ce65b7958399b5e4587df827df22139c189b1677738d100eaffda03793,useful,True,True
r3-public31-ceo-ca-native,public31,ceo-ca,3,native,1,2,True,1.8214171000000001,1.8214012,200,thin,warm,native,False,response,True,1,969c88ce65b7958399b5e4587df827df22139c189b1677738d100eaffda03793,useful,True,True
r3-public31-ceo-ca-native,public31,ceo-ca,3,native,1,3,True,1.8273866,1.8273707,200,thin,warm,native,False,response,True,1,969c88ce65b7958399b5e4587df827df22139c189b1677738d100eaffda03793,useful,True,True
r3-hard12-crunchbase-auto,hard12,crunchbase,3,auto,0,1,False,0.0014674,0.0014615,0,,,,False,local_deferral,True,1,741a693abfa635a5f3ddad57491e3b8aff1b6c8062a905dd09a88b1271fbd91b,unavailable,False,False
r3-hard12-crunchbase-auto,hard12,crunchbase,3,auto,0,2,False,8.75e-05,8.64e-05,0,,,,False,local_deferral,True,1,741a693abfa635a5f3ddad57491e3b8aff1b6c8062a905dd09a88b1271fbd91b,unavailable,False,False
r3-hard12-crunchbase-auto,hard12,crunchbase,3,auto,0,3,False,6.32e-05,6.23e-05,0,,,,False,local_deferral,True,1,741a693abfa635a5f3ddad57491e3b8aff1b6c8062a905dd09a88b1271fbd91b,unavailable,False,False
r3-hard12-crunchbase-native,hard12,crunchbase,3,native,1,1,False,0.0013966,0.0013879,0,,,,False,local_deferral,True,1,741a693abfa635a5f3ddad57491e3b8aff1b6c8062a905dd09a88b1271fbd91b,unavailable,False,False
r3-hard12-crunchbase-native,hard12,crunchbase,3,native,1,2,False,7.21e-05,7.09e-05,0,,,,False,local_deferral,True,1,741a693abfa635a5f3ddad57491e3b8aff1b6c8062a905dd09a88b1271fbd91b,unavailable,False,False
r3-hard12-crunchbase-native,hard12,crunchbase,3,native,1,3,False,6.14e-05,6.06e-05,0,,,,False,local_deferral,True,1,741a693abfa635a5f3ddad57491e3b8aff1b6c8062a905dd09a88b1271fbd91b,unavailable,False,False
r3-public31-glassdoor-auto,public31,glassdoor,3,auto,0,1,True,8.8409751,8.8409548,200,thin,real,emulated,False,response,True,1,0dd04ecc71b1f7e704428b24884490bd07b74b21d64f40ff1bf12a5264b1d269,useful,True,True
r3-public31-glassdoor-auto,public31,glassdoor,3,auto,0,2,True,9.1344322,9.1344153,200,thin,real,emulated,False,response,True,1,0dd04ecc71b1f7e704428b24884490bd07b74b21d64f40ff1bf12a5264b1d269,useful,True,True
r3-public31-glassdoor-auto,public31,glassdoor,3,auto,0,3,True,3.0748779,3.0748609,200,thin,real,emulated,False,response,True,1,0dd04ecc71b1f7e704428b24884490bd07b74b21d64f40ff1bf12a5264b1d269,useful,True,True
r3-public31-glassdoor-native,public31,glassdoor,3,native,1,1,True,4.2974642,4.2974483,200,thin,warm,native,False,response,True,1,0dd04ecc71b1f7e704428b24884490bd07b74b21d64f40ff1bf12a5264b1d269,useful,True,True
r3-public31-glassdoor-native,public31,glassdoor,3,native,1,2,True,2.8057818,2.8057674,200,thin,warm,native,False,response,True,1,0dd04ecc71b1f7e704428b24884490bd07b74b21d64f40ff1bf12a5264b1d269,useful,True,True
r3-public31-glassdoor-native,public31,glassdoor,3,native,1,3,True,4.9063199,4.9063061999999995,304,thin,warm,native,False,response,True,1,f5ad46b8ddd2f821d4d5d249e4ba84a561f5a7cd9d5e67739a36ad6373a9ca80,useful,True,True
r3-hard12-zillow-native,hard12,zillow,3,native,0,1,False,0.0015806,0.0015748,0,,,,False,local_deferral,True,1,6304af10b65cfb506526ce1c40a35828900c806a4497ed582bc4d3641d26d5d8,unavailable,False,False
r3-hard12-zillow-native,hard12,zillow,3,native,0,2,False,7.4e-05,7.3e-05,0,,,,False,local_deferral,True,1,6304af10b65cfb506526ce1c40a35828900c806a4497ed582bc4d3641d26d5d8,unavailable,False,False
r3-hard12-zillow-native,hard12,zillow,3,native,0,3,False,7.47e-05,7.37e-05,0,,,,False,local_deferral,True,1,6304af10b65cfb506526ce1c40a35828900c806a4497ed582bc4d3641d26d5d8,unavailable,False,False
r3-hard12-zillow-auto,hard12,zillow,3,auto,1,1,False,0.0015658,0.0015599,0,,,,False,local_deferral,True,1,6304af10b65cfb506526ce1c40a35828900c806a4497ed582bc4d3641d26d5d8,unavailable,False,False
r3-hard12-zillow-auto,hard12,zillow,3,auto,1,2,False,0.0001048,0.0001033,0,,,,False,local_deferral,True,1,6304af10b65cfb506526ce1c40a35828900c806a4497ed582bc4d3641d26d5d8,unavailable,False,False
r3-hard12-zillow-auto,hard12,zillow,3,auto,1,3,False,8.76e-05,8.62e-05,0,,,,False,local_deferral,True,1,6304af10b65cfb506526ce1c40a35828900c806a4497ed582bc4d3641d26d5d8,unavailable,False,False
r3-public31-reddit-native,public31,reddit,3,native,0,1,True,2.9343145,2.9342795,200,thin,warm,native,False,response,True,1,290d60e58287277491a92c474fd0646262791a42eff45b689c4eb3715a936d33,useful,True,True
r3-public31-reddit-native,public31,reddit,3,native,0,2,True,2.3072208,2.3071974,200,thin,warm,native,False,response,True,1,b6951316503a09e13803258462441caeafa20ef88de2125baf692885d1433f56,useful,True,True
r3-public31-reddit-native,public31,reddit,3,native,0,3,True,2.4585611,2.4585173,200,thin,warm,native,False,response,True,1,30fe87b03ae87c9316094a6090fddfb5386e10408ff57d9f79dd916a8c9145af,useful,True,True
r3-public31-reddit-auto,public31,reddit,3,auto,1,1,True,3.6412903,3.641279,200,thin,browser,emulated,False,response,True,1,5d46b654ff018508226eaa755ac83c2a82ff74d2a9420a1caec4bfc077ba7b39,useful,True,True
r3-public31-reddit-auto,public31,reddit,3,auto,1,2,True,2.3293979,2.3293676,200,thin,browser,emulated,False,response,True,1,95d46368646214795047b0e02bdc8ccbcd03bbaaec0270e9da7c0e13f38c16ba,useful,True,True
r3-public31-reddit-auto,public31,reddit,3,auto,1,3,True,2.251478,2.2514433,206,thin,browser,emulated,False,response,True,1,4bf8ff8b043d54ed13e0e9ef12227b7a59b8d11448763dea93ee97448b589303,useful,True,True
r3-vendors8-akamai-homedepot-auto,vendors8,akamai-homedepot,3,auto,0,1,False,0.0017766,0.0017698,0,,,,False,local_deferral,True,1,80c1ae9ad5c93a05d471470f5dd8fc7e4a643c8378c4fa3d28f0abbb32682cdb,unavailable,False,False
r3-vendors8-akamai-homedepot-auto,vendors8,akamai-homedepot,3,auto,0,2,False,7.77e-05,7.64e-05,0,,,,False,local_deferral,True,1,80c1ae9ad5c93a05d471470f5dd8fc7e4a643c8378c4fa3d28f0abbb32682cdb,unavailable,False,False
r3-vendors8-akamai-homedepot-auto,vendors8,akamai-homedepot,3,auto,0,3,False,6.42e-05,6.31e-05,0,,,,False,local_deferral,True,1,80c1ae9ad5c93a05d471470f5dd8fc7e4a643c8378c4fa3d28f0abbb32682cdb,unavailable,False,False
r3-vendors8-akamai-homedepot-native,vendors8,akamai-homedepot,3,native,1,1,False,0.0015546,0.0015482,0,,,,False,local_deferral,True,1,80c1ae9ad5c93a05d471470f5dd8fc7e4a643c8378c4fa3d28f0abbb32682cdb,unavailable,False,False
r3-vendors8-akamai-homedepot-native,vendors8,akamai-homedepot,3,native,1,2,False,7.72e-05,7.62e-05,0,,,,False,local_deferral,True,1,80c1ae9ad5c93a05d471470f5dd8fc7e4a643c8378c4fa3d28f0abbb32682cdb,unavailable,False,False
r3-vendors8-akamai-homedepot-native,vendors8,akamai-homedepot,3,native,1,3,False,7.48e-05,7.38e-05,0,,,,False,local_deferral,True,1,80c1ae9ad5c93a05d471470f5dd8fc7e4a643c8378c4fa3d28f0abbb32682cdb,unavailable,False,False
r3-vendors8-cloudflare-indeed-auto,vendors8,cloudflare-indeed,3,auto,0,1,False,0.0895511,0.0895439,403,,http,emulated,False,wall_or_error,True,1,511f5a3c9c2de5874ed3d17b9917b5874f51b6cf7a13d717439a9ce7bb25cdb7,unavailable,False,False
r3-vendors8-cloudflare-indeed-auto,vendors8,cloudflare-indeed,3,auto,0,2,False,8.23e-05,8.08e-05,0,,,,False,local_deferral,True,1,6cb2512d3bc631db0185100591e95da5fabce97c497b291129557096f5bfe6b8,unavailable,False,False
r3-vendors8-cloudflare-indeed-auto,vendors8,cloudflare-indeed,3,auto,0,3,False,6.23e-05,6.14e-05,0,,,,False,local_deferral,True,1,6cb2512d3bc631db0185100591e95da5fabce97c497b291129557096f5bfe6b8,unavailable,False,False
r3-vendors8-cloudflare-indeed-native,vendors8,cloudflare-indeed,3,native,1,1,False,0.0016527,0.0016466,0,,,,False,local_deferral,True,1,6cb2512d3bc631db0185100591e95da5fabce97c497b291129557096f5bfe6b8,unavailable,False,False
r3-vendors8-cloudflare-indeed-native,vendors8,cloudflare-indeed,3,native,1,2,False,7.87e-05,7.77e-05,0,,,,False,local_deferral,True,1,6cb2512d3bc631db0185100591e95da5fabce97c497b291129557096f5bfe6b8,unavailable,False,False
r3-vendors8-cloudflare-indeed-native,vendors8,cloudflare-indeed,3,native,1,3,False,6.34e-05,6.25e-05,0,,,,False,local_deferral,True,1,6cb2512d3bc631db0185100591e95da5fabce97c497b291129557096f5bfe6b8,unavailable,False,False
r3-public31-sannysoft-auto,public31,sannysoft,3,auto,0,1,True,0.4533376,0.4533288,200,thin,http,emulated,False,response,True,1,f2a7718171dd378e35ad7dc3cee8c9228dd267cbccf2d71eadd53cf99542a701,diagnostic-only,False,False
r3-public31-sannysoft-auto,public31,sannysoft,3,auto,0,2,True,0.6616124,0.6616071,200,thin,http,emulated,False,response,True,1,f2a7718171dd378e35ad7dc3cee8c9228dd267cbccf2d71eadd53cf99542a701,diagnostic-only,False,False
r3-public31-sannysoft-auto,public31,sannysoft,3,auto,0,3,True,1.0061726,1.006167,200,thin,http,emulated,False,response,True,1,f2a7718171dd378e35ad7dc3cee8c9228dd267cbccf2d71eadd53cf99542a701,diagnostic-only,False,False
r3-public31-sannysoft-native,public31,sannysoft,3,native,1,1,True,4.16291,4.1628907,200,thin,warm,native,False,response,True,1,e04bfc45f699cf73d8d5598928078a9eeb707932af2996a5b541f22418b111d3,diagnostic-only,False,False
r3-public31-sannysoft-native,public31,sannysoft,3,native,1,2,True,1.7575072,1.7574893,200,thin,warm,native,False,response,True,1,ecba6e323b53a49b4b40cd95a9d4c98dc39cbcb5b5f41e3686951aa43e7b4391,diagnostic-only,False,False
r3-public31-sannysoft-native,public31,sannysoft,3,native,1,3,True,1.8532389999999999,1.853221,200,thin,warm,native,False,response,True,1,ae1b9e132b16b5e953570528ce68005fb72cad983457e96d443f2c7e252fd4ec,diagnostic-only,False,False
r3-hard12-hackernews-auto,hard12,hackernews,3,auto,0,1,True,0.3877625,0.3877498,200,thin,http,emulated,False,response,True,1,dc613958d679dbaa6db1244c1423a5a02d8edf7204dc67b5f50688ea9445d599,useful,True,True
r3-hard12-hackernews-auto,hard12,hackernews,3,auto,0,2,True,0.7313315,0.7313227,200,thin,http,emulated,False,response,True,1,dc613958d679dbaa6db1244c1423a5a02d8edf7204dc67b5f50688ea9445d599,useful,True,True
r3-hard12-hackernews-auto,hard12,hackernews,3,auto,0,3,True,0.9947698,0.9947632,200,thin,http,emulated,False,response,True,1,dc613958d679dbaa6db1244c1423a5a02d8edf7204dc67b5f50688ea9445d599,useful,True,True
r3-hard12-hackernews-native,hard12,hackernews,3,native,1,1,True,2.4595219,2.4595028,200,thin,warm,native,False,response,True,1,dc613958d679dbaa6db1244c1423a5a02d8edf7204dc67b5f50688ea9445d599,useful,True,True
r3-hard12-hackernews-native,hard12,hackernews,3,native,1,2,True,1.3960291,1.3960112,200,thin,warm,native,False,response,True,1,dc613958d679dbaa6db1244c1423a5a02d8edf7204dc67b5f50688ea9445d599,useful,True,True
r3-hard12-hackernews-native,hard12,hackernews,3,native,1,3,True,1.3978974,1.3978798000000001,200,thin,warm,native,False,response,True,1,dc613958d679dbaa6db1244c1423a5a02d8edf7204dc67b5f50688ea9445d599,useful,True,True
r3-public31-nowsecure-cf-auto,public31,nowsecure-cf,3,auto,0,1,False,0.0016333,0.0016259,0,,,,False,local_deferral,True,1,c45390d7e139beb7fb13eee4aae6bb6f457168a8fff9db485f56e1756f60df8d,unavailable,False,False
r3-public31-nowsecure-cf-auto,public31,nowsecure-cf,3,auto,0,2,False,9.18e-05,9.07e-05,0,,,,False,local_deferral,True,1,c45390d7e139beb7fb13eee4aae6bb6f457168a8fff9db485f56e1756f60df8d,unavailable,False,False
r3-public31-nowsecure-cf-auto,public31,nowsecure-cf,3,auto,0,3,False,6.23e-05,6.14e-05,0,,,,False,local_deferral,True,1,c45390d7e139beb7fb13eee4aae6bb6f457168a8fff9db485f56e1756f60df8d,unavailable,False,False
r3-public31-nowsecure-cf-native,public31,nowsecure-cf,3,native,1,1,False,0.0018088,0.0018024,0,,,,False,local_deferral,True,1,c45390d7e139beb7fb13eee4aae6bb6f457168a8fff9db485f56e1756f60df8d,unavailable,False,False
r3-public31-nowsecure-cf-native,public31,nowsecure-cf,3,native,1,2,False,9.19e-05,9.08e-05,0,,,,False,local_deferral,True,1,c45390d7e139beb7fb13eee4aae6bb6f457168a8fff9db485f56e1756f60df8d,unavailable,False,False
r3-public31-nowsecure-cf-native,public31,nowsecure-cf,3,native,1,3,False,6.84e-05,6.75e-05,0,,,,False,local_deferral,True,1,c45390d7e139beb7fb13eee4aae6bb6f457168a8fff9db485f56e1756f60df8d,unavailable,False,False
r3-vendors8-kasada-hyatt-native,vendors8,kasada-hyatt,3,native,0,1,False,55.759517,55.7595109,200,,warm,native,False,wall_or_error,True,1,582e789eea74ff60ae137b77e961b00fb3d6eed4b091770ca719fb8b48c2af62,unavailable,False,False
r3-vendors8-kasada-hyatt-native,vendors8,kasada-hyatt,3,native,0,2,False,52.2470358,52.247033,200,,warm,native,False,wall_or_error,True,1,582e789eea74ff60ae137b77e961b00fb3d6eed4b091770ca719fb8b48c2af62,unavailable,False,False
r3-vendors8-kasada-hyatt-native,vendors8,kasada-hyatt,3,native,0,3,False,53.3205764,53.320573,200,,warm,native,False,wall_or_error,True,1,582e789eea74ff60ae137b77e961b00fb3d6eed4b091770ca719fb8b48c2af62,unavailable,False,False
r3-vendors8-kasada-hyatt-auto,vendors8,kasada-hyatt,3,auto,1,1,False,0.2409781,0.2409711,429,,http,emulated,False,wall_or_error,True,1,d9bb9a6d0d03402b2541c4c4e570192cd093e2574705f963dd1df740588e18ce,unavailable,False,False
r3-vendors8-kasada-hyatt-auto,vendors8,kasada-hyatt,3,auto,1,2,False,0.0001906,0.0001895,0,,,,False,local_deferral,True,1,dabbaad9d533765176977299dde83391a78dcf5f1a09dfc7d6a775b522e5d832,unavailable,False,False
r3-vendors8-kasada-hyatt-auto,vendors8,kasada-hyatt,3,auto,1,3,False,0.0001606,0.0001596,0,,,,False,local_deferral,True,1,dabbaad9d533765176977299dde83391a78dcf5f1a09dfc7d6a775b522e5d832,unavailable,False,False
r3-public31-tls-peet-auto,public31,tls-peet,3,auto,0,1,True,0.4826156,0.4826054,200,thin,http,emulated,False,response,True,1,127a09cd4b483b38b18d1ad1d9f01eb90a0d712e833d2e6811b9b6935c872927,diagnostic-only,False,False
r3-public31-tls-peet-auto,public31,tls-peet,3,auto,0,2,True,0.7879266,0.7879208,200,thin,http,emulated,False,response,True,1,78dc05f658260cc1cfc3fbea9e0534752d0d8e7e2f6367f2a639d48b624cfc46,diagnostic-only,False,False
r3-public31-tls-peet-auto,public31,tls-peet,3,auto,0,3,True,0.9907093,0.9907037,200,thin,http,emulated,False,response,True,1,1dfe20ea4c04f9c3e820e7fc95b47b9336a28044156851ad4b0ecc762b7bd062,diagnostic-only,False,False
r3-public31-tls-peet-native,public31,tls-peet,3,native,1,1,True,1.9670532,1.9670454,200,thin,warm,native,False,response,True,1,3cdcc3e9f044d17c5acddf66eb3e0b90ccf63a8e81841f8e7827f4f37a17f0ec,diagnostic-only,False,False
r3-public31-tls-peet-native,public31,tls-peet,3,native,1,2,True,1.4680597,1.4680541,200,thin,warm,native,False,response,True,1,a5d7d284f81aa0ba27d905ff017a4934e6bcf700ec072624cad823cc11e73d0c,diagnostic-only,False,False
r3-public31-tls-peet-native,public31,tls-peet,3,native,1,3,True,1.4687035,1.4686973,200,thin,warm,native,False,response,True,1,a5b617b370042f044a00f3670b844493fbba7644edc427f0ddbbe4dba9956faa,diagnostic-only,False,False
r3-public31-sedarplus-native,public31,sedarplus,3,native,0,1,True,22.5063931,22.5063871,200,thin,warm,native,False,response,True,1,c70bd16d47b59a1768dd2572c6d6d8b6b313692b88bb3d945efb3413a6f8711c,wall,False,False
r3-public31-sedarplus-native,public31,sedarplus,3,native,0,2,True,22.9682378,22.9682322,200,thin,warm,native,False,response,True,1,c3e8ba866a48e4c80eff45c90ec0458f1fb73f5e99321915a1e819cb47e2ea02,wall,False,False
r3-public31-sedarplus-native,public31,sedarplus,3,native,0,3,True,23.2363913,23.2363848,200,thin,warm,native,False,response,True,1,c057d3f48e1c9563d5757a914ee547226c0d425a83da4c708e559ead84393b0c,wall,False,False
r3-public31-sedarplus-auto,public31,sedarplus,3,auto,1,1,True,0.6762407,0.6762321,200,full,http,emulated,False,response,True,1,86cc88c59d74bf3997c08c33bab3f891d96d55deb9da54ec5d83690a5576519d,useful,True,True
r3-public31-sedarplus-auto,public31,sedarplus,3,auto,1,2,True,0.8153561,0.8153512,200,full,http,emulated,False,response,True,1,86cc88c59d74bf3997c08c33bab3f891d96d55deb9da54ec5d83690a5576519d,useful,True,True
r3-public31-sedarplus-auto,public31,sedarplus,3,auto,1,3,True,1.0087345,1.0087288,200,full,http,emulated,False,response,True,1,86cc88c59d74bf3997c08c33bab3f891d96d55deb9da54ec5d83690a5576519d,useful,True,True
r3-public31-browserleaks-tls-native,public31,browserleaks-tls,3,native,0,1,True,1.9929193,1.9929128,200,thin,warm,native,False,response,True,1,80e19363a9f8aae173d3c17bfdbcc2c23aa60fea2fb06abd092561acc5217e44,diagnostic-only,False,False
r3-public31-browserleaks-tls-native,public31,browserleaks-tls,3,native,0,2,True,1.4611645,1.4611604,200,thin,warm,native,False,response,True,1,80e19363a9f8aae173d3c17bfdbcc2c23aa60fea2fb06abd092561acc5217e44,diagnostic-only,False,False
r3-public31-browserleaks-tls-native,public31,browserleaks-tls,3,native,0,3,True,1.4747851,1.4747802,200,thin,warm,native,False,response,True,1,80e19363a9f8aae173d3c17bfdbcc2c23aa60fea2fb06abd092561acc5217e44,diagnostic-only,False,False
r3-public31-browserleaks-tls-auto,public31,browserleaks-tls,3,auto,1,1,True,0.4271351,0.4271254,200,thin,http,emulated,False,response,True,1,02af60ed4ca8fb66cdb7d01330a7e12d2b49a10530f32619a8f0f41f96b2e963,diagnostic-only,False,False
r3-public31-browserleaks-tls-auto,public31,browserleaks-tls,3,auto,1,2,True,0.7975908,0.7975858,200,thin,http,emulated,False,response,True,1,e579bb3dda559a7a4c5fc6d3b4ef910943ecc9174a1446af9b639870b9e5b257,diagnostic-only,False,False
r3-public31-browserleaks-tls-auto,public31,browserleaks-tls,3,auto,1,3,True,1.0023048,1.0022993,200,thin,http,emulated,False,response,True,1,97ae985ec48526f7c787c1754253a3136152c04dbc8eb2f361cee09ea8093c3f,diagnostic-only,False,False
r3-hard12-idealista-auto,hard12,idealista,3,auto,0,1,False,2.364604,2.3645972,200,,real,emulated,False,wall_or_error,True,1,de102d0afd9df486f41cf16d563a4a099c55e6f36100a7667da6d50202c6781a,unavailable,False,False
r3-hard12-idealista-auto,hard12,idealista,3,auto,0,2,False,6.53e-05,6.43e-05,0,,,,False,local_deferral,True,1,aa20214658ca523f6fd19adeba1f8335d9b977485b614b47f7929e32e1fe358d,unavailable,False,False
r3-hard12-idealista-auto,hard12,idealista,3,auto,0,3,False,1.65e-05,1.56e-05,0,,,,False,local_deferral,True,1,aa20214658ca523f6fd19adeba1f8335d9b977485b614b47f7929e32e1fe358d,unavailable,False,False
r3-hard12-idealista-native,hard12,idealista,3,native,1,1,False,0.0014293,0.0014231,0,,,,False,local_deferral,True,1,aa20214658ca523f6fd19adeba1f8335d9b977485b614b47f7929e32e1fe358d,unavailable,False,False
r3-hard12-idealista-native,hard12,idealista,3,native,1,2,False,8.4e-05,8.31e-05,0,,,,False,local_deferral,True,1,aa20214658ca523f6fd19adeba1f8335d9b977485b614b47f7929e32e1fe358d,unavailable,False,False
r3-hard12-idealista-native,hard12,idealista,3,native,1,3,False,6.23e-05,6.14e-05,0,,,,False,local_deferral,True,1,aa20214658ca523f6fd19adeba1f8335d9b977485b614b47f7929e32e1fe358d,unavailable,False,False
r3-public31-bot-incolumitas-auto,public31,bot-incolumitas,3,auto,0,1,True,0.7101525,0.7101439,200,full,http,emulated,False,response,True,1,c8171629aae01e2c3a2c33c5ddbf2a8d7a30c154d665252896b00b479707409a,diagnostic-only,False,False
r3-public31-bot-incolumitas-auto,public31,bot-incolumitas,3,auto,0,2,True,0.4732165,0.4732112,200,full,http,emulated,False,response,True,1,c8171629aae01e2c3a2c33c5ddbf2a8d7a30c154d665252896b00b479707409a,diagnostic-only,False,False
r3-public31-bot-incolumitas-auto,public31,bot-incolumitas,3,auto,0,3,True,1.0026881,1.0026828,200,full,http,emulated,False,response,True,1,c8171629aae01e2c3a2c33c5ddbf2a8d7a30c154d665252896b00b479707409a,diagnostic-only,False,False
r3-public31-bot-incolumitas-native,public31,bot-incolumitas,3,native,1,1,True,2.5663936,2.5663684,200,full,warm,native,False,response,True,1,9e34f8cf6d014d39616888568feb43ee463c99fcdd64bb5884d8a9e3c9019abd,diagnostic-only,False,False
r3-public31-bot-incolumitas-native,public31,bot-incolumitas,3,native,1,2,True,2.1369209,2.1368966,200,full,warm,native,False,response,True,1,e735590038cf2c9365aeaf15d681509406bc0e992901784028b9881298325537,diagnostic-only,False,False
r3-public31-bot-incolumitas-native,public31,bot-incolumitas,3,native,1,3,True,2.2144385,2.2144138,200,full,warm,native,False,response,True,1,901f165b7c3bb58a589d1da153034ca751dda00f4b0efeb9ec89fb8ca5169e39,diagnostic-only,False,False
r3-public31-x-explore-native,public31,x-explore,3,native,0,1,False,25.090351,25.0903439,200,,warm,native,False,wall_or_error,True,1,5c66dcd5389e5bb95cc52f5dce4bfa7fdbb04bd20cf513fa8c05d685d79be04b,wall,False,False
r3-public31-x-explore-native,public31,x-explore,3,native,0,2,False,0.0001549,0.0001539,0,,,,False,local_deferral,True,1,f60c72d66c18a139838d490bb561bd82c4f7d966869407d24e08cd557ece2b8e,unavailable,False,False
r3-public31-x-explore-native,public31,x-explore,3,native,0,3,False,6.76e-05,6.66e-05,0,,,,False,local_deferral,True,1,f60c72d66c18a139838d490bb561bd82c4f7d966869407d24e08cd557ece2b8e,unavailable,False,False
r3-public31-x-explore-auto,public31,x-explore,3,auto,1,1,False,0.0015404,0.0015345,0,,,,False,local_deferral,True,1,f60c72d66c18a139838d490bb561bd82c4f7d966869407d24e08cd557ece2b8e,unavailable,False,False
r3-public31-x-explore-auto,public31,x-explore,3,auto,1,2,False,8.21e-05,8.11e-05,0,,,,False,local_deferral,True,1,f60c72d66c18a139838d490bb561bd82c4f7d966869407d24e08cd557ece2b8e,unavailable,False,False
r3-public31-x-explore-auto,public31,x-explore,3,auto,1,3,False,6.56e-05,6.47e-05,0,,,,False,local_deferral,True,1,f60c72d66c18a139838d490bb561bd82c4f7d966869407d24e08cd557ece2b8e,unavailable,False,False
r3-hard12-example-native,hard12,example,3,native,0,1,True,22.3639693,22.3639624,200,thin,warm,native,False,response,True,1,7a5d955914cbd88734d88d9d6a43bcf1c4cdfe8fd2ebd014f44522ca1e6f35a6,useful,True,True
r3-hard12-example-native,hard12,example,3,native,0,2,True,22.1621423,22.1621367,200,thin,warm,native,False,response,True,1,7a5d955914cbd88734d88d9d6a43bcf1c4cdfe8fd2ebd014f44522ca1e6f35a6,useful,True,True
r3-hard12-example-native,hard12,example,3,native,0,3,True,21.7236433,21.7236384,200,thin,warm,native,False,response,True,1,7a5d955914cbd88734d88d9d6a43bcf1c4cdfe8fd2ebd014f44522ca1e6f35a6,useful,True,True
r3-hard12-example-auto,hard12,example,3,auto,1,1,True,0.2129222,0.2129141,200,thin,http,emulated,False,response,True,1,7a5d955914cbd88734d88d9d6a43bcf1c4cdfe8fd2ebd014f44522ca1e6f35a6,useful,True,True
r3-hard12-example-auto,hard12,example,3,auto,1,2,True,0.869881,0.8698767,200,thin,http,emulated,False,response,True,1,7a5d955914cbd88734d88d9d6a43bcf1c4cdfe8fd2ebd014f44522ca1e6f35a6,useful,True,True
r3-hard12-example-auto,hard12,example,3,auto,1,3,True,0.9875296,0.9875255,200,thin,http,emulated,False,response,True,1,7a5d955914cbd88734d88d9d6a43bcf1c4cdfe8fd2ebd014f44522ca1e6f35a6,useful,True,True
r3-hard12-indeed-native,hard12,indeed,3,native,0,1,True,4.5266425,4.5266245000000005,200,thin,warm,native,False,response,True,1,937cb5f83e4bd30a12c0689dba079280b8928e3fb2125bcd1050cf2ed8bc5d0b,partial,False,False
r3-hard12-indeed-native,hard12,indeed,3,native,0,2,False,0.0001278,0.0001267,0,,,,False,local_deferral,True,1,3d1fdff00a184204e4bd19a2bc3080b99249a53c03dd315817a6628ab9e9271a,unavailable,False,False
r3-hard12-indeed-native,hard12,indeed,3,native,0,3,False,6.66e-05,6.58e-05,0,,,,False,local_deferral,True,1,3d1fdff00a184204e4bd19a2bc3080b99249a53c03dd315817a6628ab9e9271a,unavailable,False,False
r3-hard12-indeed-auto,hard12,indeed,3,auto,1,1,False,0.0017857,0.0017784,0,,,,False,local_deferral,True,1,3d1fdff00a184204e4bd19a2bc3080b99249a53c03dd315817a6628ab9e9271a,unavailable,False,False
r3-hard12-indeed-auto,hard12,indeed,3,auto,1,2,False,8.8e-05,8.65e-05,0,,,,False,local_deferral,True,1,3d1fdff00a184204e4bd19a2bc3080b99249a53c03dd315817a6628ab9e9271a,unavailable,False,False
r3-hard12-indeed-auto,hard12,indeed,3,auto,1,3,False,7.09e-05,6.98e-05,0,,,,False,local_deferral,True,1,3d1fdff00a184204e4bd19a2bc3080b99249a53c03dd315817a6628ab9e9271a,unavailable,False,False
r3-vendors8-datadome-g2-native,vendors8,datadome-g2,3,native,0,1,True,3.8713753,3.8713577,200,thin,warm,native,False,response,True,1,e9f707531c1de91c5e9563fd20a353dc74631c26a3751ef4e1c6590022734129,useful,True,True
r3-vendors8-datadome-g2-native,vendors8,datadome-g2,3,native,0,2,False,0.0001333,0.0001323,0,,,,False,local_deferral,True,1,f5f0fe638ed1ed8aacff7f083479fe69bd0ae6f123b97a4fc8990155107f06ed,unavailable,False,False
r3-vendors8-datadome-g2-native,vendors8,datadome-g2,3,native,0,3,False,6.64e-05,6.54e-05,0,,,,False,local_deferral,True,1,f5f0fe638ed1ed8aacff7f083479fe69bd0ae6f123b97a4fc8990155107f06ed,unavailable,False,False
r3-vendors8-datadome-g2-auto,vendors8,datadome-g2,3,auto,1,1,False,0.0015882,0.0015813,0,,,,False,local_deferral,True,1,f5f0fe638ed1ed8aacff7f083479fe69bd0ae6f123b97a4fc8990155107f06ed,unavailable,False,False
r3-vendors8-datadome-g2-auto,vendors8,datadome-g2,3,auto,1,2,False,7.86e-05,7.76e-05,0,,,,False,local_deferral,True,1,f5f0fe638ed1ed8aacff7f083479fe69bd0ae6f123b97a4fc8990155107f06ed,unavailable,False,False
r3-vendors8-datadome-g2-auto,vendors8,datadome-g2,3,auto,1,3,False,7.89e-05,7.76e-05,0,,,,False,local_deferral,True,1,f5f0fe638ed1ed8aacff7f083479fe69bd0ae6f123b97a4fc8990155107f06ed,unavailable,False,False
r3-public31-browserleaks-auto,public31,browserleaks,3,auto,0,1,True,0.2877191,0.2877094,200,thin,http,emulated,False,response,True,1,53cbe71a9c3115b89cce434f1d6f736a059e4b81e9671a789f6990967006406f,diagnostic-only,False,False
r3-public31-browserleaks-auto,public31,browserleaks,3,auto,0,2,True,0.7879065,0.7879007,200,thin,http,emulated,False,response,True,1,53cbe71a9c3115b89cce434f1d6f736a059e4b81e9671a789f6990967006406f,diagnostic-only,False,False
r3-public31-browserleaks-auto,public31,browserleaks,3,auto,0,3,True,1.0011521,1.0011466,200,thin,http,emulated,False,response,True,1,53cbe71a9c3115b89cce434f1d6f736a059e4b81e9671a789f6990967006406f,diagnostic-only,False,False
r3-public31-browserleaks-native,public31,browserleaks,3,native,1,1,True,2.2429388,2.242915,200,thin,warm,native,False,response,True,1,0ee07f560ec9d9eb141a504fbb75d4e85178b06829a71e32dd6d68dbe47994ed,diagnostic-only,False,False
r3-public31-browserleaks-native,public31,browserleaks,3,native,1,2,True,1.4489118,1.4488911,200,thin,warm,native,False,response,True,1,4dcb694d0b6767c722fb8f9a2f02687731fdad1a3239a9bc6000b6ab55aaad07,diagnostic-only,False,False
r3-public31-browserleaks-native,public31,browserleaks,3,native,1,3,True,1.4458119,1.4457944999999999,200,thin,warm,native,False,response,True,1,e939a64e84e62f009c61c3c05abdef7d9540e0f7c8b1d3b1d32091322847d85b,diagnostic-only,False,False
r3-public31-creepjs-native,public31,creepjs,3,native,0,1,True,1.9684453,1.9684398,200,full,warm,native,False,response,True,1,ed61b53b0992ba42ea21adf916248068e97d405c2de360d63106abd9ff4fc018,diagnostic-only,False,False
r3-public31-creepjs-native,public31,creepjs,3,native,0,2,True,1.4485948,1.4485899,200,full,warm,native,False,response,True,1,ed61b53b0992ba42ea21adf916248068e97d405c2de360d63106abd9ff4fc018,diagnostic-only,False,False
r3-public31-creepjs-native,public31,creepjs,3,native,0,3,True,1.4478276,1.447822,200,full,warm,native,False,response,True,1,ed61b53b0992ba42ea21adf916248068e97d405c2de360d63106abd9ff4fc018,diagnostic-only,False,False
r3-public31-creepjs-auto,public31,creepjs,3,auto,1,1,True,0.060952,0.0609447,200,full,http,emulated,False,response,True,1,ed61b53b0992ba42ea21adf916248068e97d405c2de360d63106abd9ff4fc018,diagnostic-only,False,False
r3-public31-creepjs-auto,public31,creepjs,3,auto,1,2,True,0.9609595,0.9609549,200,full,http,emulated,False,response,True,1,ed61b53b0992ba42ea21adf916248068e97d405c2de360d63106abd9ff4fc018,diagnostic-only,False,False
r3-public31-creepjs-auto,public31,creepjs,3,auto,1,3,True,1.0132616,1.0132562,200,full,http,emulated,False,response,True,1,ed61b53b0992ba42ea21adf916248068e97d405c2de360d63106abd9ff4fc018,diagnostic-only,False,False
r3-public31-pixelscan-fp-native,public31,pixelscan-fp,3,native,0,1,True,7.5225163,7.5225102,200,thin,warm,native,False,response,True,1,86f99a3f5260a7ca5f56c915f3fd6afdb4797484545498b8c2aa5d81d54c8cb7,diagnostic-only,False,False
r3-public31-pixelscan-fp-native,public31,pixelscan-fp,3,native,0,2,True,2.9261944,2.9261856,200,thin,warm,native,False,response,True,1,cbfa6f9d62a54afdf2a580ae7bcc18c31bc7068a1863f6f3ddc40cc608eb9782,diagnostic-only,False,False
r3-public31-pixelscan-fp-native,public31,pixelscan-fp,3,native,0,3,True,5.9869387,5.986933,200,thin,warm,native,False,response,True,1,e9e169a53d08c9c4c5b3f2c3a9591eaec0a260f16a8915615bb31a0220525ba0,diagnostic-only,False,False
r3-public31-pixelscan-fp-auto,public31,pixelscan-fp,3,auto,1,1,True,2.251029,2.2510215000000002,200,thin,http,emulated,False,response,True,1,84779cbc165c9b51e9807708ad2f6e35cf13b42eb374447f6696704b4dbefac5,diagnostic-only,False,False
r3-public31-pixelscan-fp-auto,public31,pixelscan-fp,3,auto,1,2,True,0.8532406,0.8532352,200,thin,http,emulated,False,response,True,1,84779cbc165c9b51e9807708ad2f6e35cf13b42eb374447f6696704b4dbefac5,diagnostic-only,False,False
r3-public31-pixelscan-fp-auto,public31,pixelscan-fp,3,auto,1,3,True,1.0117011,1.0116947,200,thin,http,emulated,False,response,True,1,84779cbc165c9b51e9807708ad2f6e35cf13b42eb374447f6696704b4dbefac5,diagnostic-only,False,False
r3-vendors8-datadome-idealista-auto,vendors8,datadome-idealista,3,auto,0,1,False,0.0016724,0.0016661,0,,,,False,local_deferral,True,1,aa20214658ca523f6fd19adeba1f8335d9b977485b614b47f7929e32e1fe358d,unavailable,False,False
r3-vendors8-datadome-idealista-auto,vendors8,datadome-idealista,3,auto,0,2,False,7.53e-05,7.42e-05,0,,,,False,local_deferral,True,1,aa20214658ca523f6fd19adeba1f8335d9b977485b614b47f7929e32e1fe358d,unavailable,False,False
r3-vendors8-datadome-idealista-auto,vendors8,datadome-idealista,3,auto,0,3,False,6.06e-05,5.98e-05,0,,,,False,local_deferral,True,1,aa20214658ca523f6fd19adeba1f8335d9b977485b614b47f7929e32e1fe358d,unavailable,False,False
r3-vendors8-datadome-idealista-native,vendors8,datadome-idealista,3,native,1,1,False,0.0014409,0.0014324,0,,,,False,local_deferral,True,1,aa20214658ca523f6fd19adeba1f8335d9b977485b614b47f7929e32e1fe358d,unavailable,False,False
r3-vendors8-datadome-idealista-native,vendors8,datadome-idealista,3,native,1,2,False,7.34e-05,7.23e-05,0,,,,False,local_deferral,True,1,aa20214658ca523f6fd19adeba1f8335d9b977485b614b47f7929e32e1fe358d,unavailable,False,False
r3-vendors8-datadome-idealista-native,vendors8,datadome-idealista,3,native,1,3,False,6.07e-05,5.99e-05,0,,,,False,local_deferral,True,1,aa20214658ca523f6fd19adeba1f8335d9b977485b614b47f7929e32e1fe358d,unavailable,False,False
r3-vendors8-akamai-newegg-native,vendors8,akamai-newegg,3,native,0,1,True,6.0179466,6.0179297,204,thin,warm,native,False,response,True,1,ee48fb09505d6cad1999d4cbcaf9e2b3d449b88acac9cd8edad81bf79db074bb,useful,True,True
r3-vendors8-akamai-newegg-native,vendors8,akamai-newegg,3,native,0,2,True,5.1741487,5.1741316,200,thin,warm,native,False,response,True,1,c277b6186416318c379541c0f8880af2baf06eef8fcd7b25ef8029d51df2bd31,useful,True,True
r3-vendors8-akamai-newegg-native,vendors8,akamai-newegg,3,native,0,3,True,4.3308554,4.3308395,200,thin,warm,native,False,response,True,1,09f43553fb55075cd4637e5f0716bc45891fdad05cc5808fd20a3f8e3947a663,useful,True,True
r3-vendors8-akamai-newegg-auto,vendors8,akamai-newegg,3,auto,1,1,True,0.3331921,0.3331773,200,thin,http,emulated,False,response,True,1,116bd3ba879830752ae337a2959f37a4bc311fddf0713c887296dd59c17b3556,useful,True,True
r3-vendors8-akamai-newegg-auto,vendors8,akamai-newegg,3,auto,1,2,True,1.1368148,1.1368012,200,thin,http,emulated,False,response,True,1,116bd3ba879830752ae337a2959f37a4bc311fddf0713c887296dd59c17b3556,useful,True,True
r3-vendors8-akamai-newegg-auto,vendors8,akamai-newegg,3,auto,1,3,True,0.7139761,0.7139638,200,thin,http,emulated,False,response,True,1,116bd3ba879830752ae337a2959f37a4bc311fddf0713c887296dd59c17b3556,useful,True,True
r3-public31-booking-search-auto,public31,booking-search,3,auto,0,1,True,9.9535876,9.9535765,200,thin,stealth,emulated,False,response,True,1,f5be3998ac31ac583ce15d9f3f12455759be8f513e97e3d5bc5286549b9a0de4,useful,True,True
r3-public31-booking-search-auto,public31,booking-search,3,auto,0,2,True,4.0168416,4.0168318,200,thin,browser,emulated,False,response,True,1,f9bc25e63cfef231cc21a597c3ec2b20bad07111088a83f9e49cdaf072d968e2,useful,True,True
r3-public31-booking-search-auto,public31,booking-search,3,auto,0,3,True,3.0076985,3.0076869,200,thin,browser,emulated,False,response,True,1,f5be3998ac31ac583ce15d9f3f12455759be8f513e97e3d5bc5286549b9a0de4,useful,True,True
r3-public31-booking-search-native,public31,booking-search,3,native,1,1,True,5.9188091,5.9188013,200,thin,warm,native,False,response,True,1,2f177e7ed23561fe26aa18782c057e98006d12c57bd2f8b2fc946e38bddba5aa,useful,True,True
r3-public31-booking-search-native,public31,booking-search,3,native,1,2,True,4.6575294,4.6575218,200,thin,warm,native,False,response,True,1,2f177e7ed23561fe26aa18782c057e98006d12c57bd2f8b2fc946e38bddba5aa,useful,True,True
r3-public31-booking-search-native,public31,booking-search,3,native,1,3,True,3.955359,3.9553511,200,thin,warm,native,False,response,True,1,2f3adb2c5cdbf4fd9c5b8e0766665b1f2f5059c763a5d0513682212cabda2a13,useful,True,True
r3-hard12-stackoverflow-auto,hard12,stackoverflow,3,auto,0,1,False,4.1986784,4.1986723,200,,browser,emulated,False,wall_or_error,True,1,387fa708d660dfcf3564bc0fcc5fa78efa7620e9266b42959df35c7d32abe3eb,unavailable,False,False
r3-hard12-stackoverflow-auto,hard12,stackoverflow,3,auto,0,2,False,0.0001065,0.0001055,0,,,,False,local_deferral,True,1,76738cbc7ac72739e62d90ba64a0a359cbd4bfca73cf65045b00915ee70d3299,unavailable,False,False
r3-hard12-stackoverflow-auto,hard12,stackoverflow,3,auto,0,3,False,6.41e-05,6.3e-05,0,,,,False,local_deferral,True,1,76738cbc7ac72739e62d90ba64a0a359cbd4bfca73cf65045b00915ee70d3299,unavailable,False,False
r3-hard12-stackoverflow-native,hard12,stackoverflow,3,native,1,1,False,0.0014644,0.0014582,0,,,,False,local_deferral,True,1,76738cbc7ac72739e62d90ba64a0a359cbd4bfca73cf65045b00915ee70d3299,unavailable,False,False
r3-hard12-stackoverflow-native,hard12,stackoverflow,3,native,1,2,False,7.29e-05,7.19e-05,0,,,,False,local_deferral,True,1,76738cbc7ac72739e62d90ba64a0a359cbd4bfca73cf65045b00915ee70d3299,unavailable,False,False
r3-hard12-stackoverflow-native,hard12,stackoverflow,3,native,1,3,False,6.2e-05,6.12e-05,0,,,,False,local_deferral,True,1,76738cbc7ac72739e62d90ba64a0a359cbd4bfca73cf65045b00915ee70d3299,unavailable,False,False
r3-public31-rebrowser-detector-native,public31,rebrowser-detector,3,native,0,1,True,2.1419522,2.1419455,200,thin,warm,native,False,response,True,1,839cfbfeb9fbf859fb7f3b1bde668fa09fc4b6879ba3911bf054ef3140630afe,diagnostic-only,False,False
r3-public31-rebrowser-detector-native,public31,rebrowser-detector,3,native,0,2,True,1.4135066,1.4135003,200,thin,warm,native,False,response,True,1,5361f55a071e94a7ff6262dc7567dbb14ec79fb031f2dcc775371e0faccb6da1,diagnostic-only,False,False
r3-public31-rebrowser-detector-native,public31,rebrowser-detector,3,native,0,3,True,1.4236328999999999,1.4236267,200,thin,warm,native,False,response,True,1,2c841e51f0b82a12da8976576c9127d741c2a0ce008d0f6d611344195e138924,diagnostic-only,False,False
r3-public31-rebrowser-detector-auto,public31,rebrowser-detector,3,auto,1,1,True,0.201433,0.2014249,200,full,http,emulated,False,response,True,1,dd129aeb7dfd7cfdcfebdc8499384e5333bcbb8c812e2dafb9cd3d39a43de145,diagnostic-only,False,False
r3-public31-rebrowser-detector-auto,public31,rebrowser-detector,3,auto,1,2,True,0.8793437,0.8793383,200,full,http,emulated,False,response,True,1,dd129aeb7dfd7cfdcfebdc8499384e5333bcbb8c812e2dafb9cd3d39a43de145,diagnostic-only,False,False
r3-public31-rebrowser-detector-auto,public31,rebrowser-detector,3,auto,1,3,True,1.0065101,1.0065053,200,full,http,emulated,False,response,True,1,dd129aeb7dfd7cfdcfebdc8499384e5333bcbb8c812e2dafb9cd3d39a43de145,diagnostic-only,False,False
r3-public31-crunchbase-cf-native,public31,crunchbase-cf,3,native,0,1,False,0.0013863,0.0013804,0,,,,False,local_deferral,True,1,b3bf3d5dca098e39a76c797f11f09d4b2800feac8f7e2349dca1aa3b8c85fde7,unavailable,False,False
r3-public31-crunchbase-cf-native,public31,crunchbase-cf,3,native,0,2,False,7.33e-05,7.23e-05,0,,,,False,local_deferral,True,1,b3bf3d5dca098e39a76c797f11f09d4b2800feac8f7e2349dca1aa3b8c85fde7,unavailable,False,False
r3-public31-crunchbase-cf-native,public31,crunchbase-cf,3,native,0,3,False,6.22e-05,6.13e-05,0,,,,False,local_deferral,True,1,b3bf3d5dca098e39a76c797f11f09d4b2800feac8f7e2349dca1aa3b8c85fde7,unavailable,False,False
r3-public31-crunchbase-cf-auto,public31,crunchbase-cf,3,auto,1,1,False,0.0014702,0.0014636,0,,,,False,local_deferral,True,1,b3bf3d5dca098e39a76c797f11f09d4b2800feac8f7e2349dca1aa3b8c85fde7,unavailable,False,False
r3-public31-crunchbase-cf-auto,public31,crunchbase-cf,3,auto,1,2,False,7.34e-05,7.22e-05,0,,,,False,local_deferral,True,1,b3bf3d5dca098e39a76c797f11f09d4b2800feac8f7e2349dca1aa3b8c85fde7,unavailable,False,False
r3-public31-crunchbase-cf-auto,public31,crunchbase-cf,3,auto,1,3,False,6.13e-05,6.03e-05,0,,,,False,local_deferral,True,1,b3bf3d5dca098e39a76c797f11f09d4b2800feac8f7e2349dca1aa3b8c85fde7,unavailable,False,False
r3-public31-stockwatch-native,public31,stockwatch,3,native,0,1,True,24.6695246,24.6695161,200,thin,warm,native,False,response,True,1,46609553decb97fa1d8e158e4d0c7fef86650ed5f864c8b2c73684e3ac685349,uncertain,False,False
r3-public31-stockwatch-native,public31,stockwatch,3,native,0,2,True,23.4764663,23.4764606,200,thin,warm,native,False,response,True,1,f41e8a203cd7718f1724f50a7f6a1f4077d421daccbbcdb30be3b7be5179b95f,uncertain,False,False
r3-public31-stockwatch-native,public31,stockwatch,3,native,0,3,True,22.7755629,22.7755588,200,thin,warm,native,False,response,True,1,fe9ee35423de818d35614dedb405ad4b3f4df6087e347088b3050ac5f13e5ea3,uncertain,False,False
r3-public31-stockwatch-auto,public31,stockwatch,3,auto,1,1,True,0.500221,0.5002122,200,full,http,emulated,False,response,True,1,52c4eb34b15b393d2ac02845341e68bfd63ba5590561ab7435ded5f1c8f59f82,uncertain,False,False
r3-public31-stockwatch-auto,public31,stockwatch,3,auto,1,2,True,0.689051,0.6890455,200,full,http,emulated,False,response,True,1,52c4eb34b15b393d2ac02845341e68bfd63ba5590561ab7435ded5f1c8f59f82,uncertain,False,False
r3-public31-stockwatch-auto,public31,stockwatch,3,auto,1,3,True,0.9298487,0.9298407,200,full,http,emulated,False,response,True,1,0b7b15b49ce9a2f0f63390e5fca6fa63f1cdf59d4131f74013a58e3bb254ea10,uncertain,False,False
r3-vendors8-kasada-twitch-auto,vendors8,kasada-twitch,3,auto,0,1,True,2.9461815,2.9461648,200,thin,browser,emulated,False,response,True,1,9f3443c501d875329499c239766ba1905a174321664aab9fcbcbc32a318ce422,useful,True,True
r3-vendors8-kasada-twitch-auto,vendors8,kasada-twitch,3,auto,0,2,True,5.7013452000000004,5.7013299,200,thin,browser,emulated,False,response,True,1,a6c55ad567cb4bf5253f4e8aff9cefa2b5711e910306cf236d1167eff4cbf9e7,useful,True,True
r3-vendors8-kasada-twitch-auto,vendors8,kasada-twitch,3,auto,0,3,True,1.787608,1.7875917000000001,200,thin,browser,emulated,False,response,True,1,6a818c28c67dfa3dd646d4c7d8837e24cfcf92f04a60c72ddfdebd00871dc210,useful,True,True
r3-vendors8-kasada-twitch-native,vendors8,kasada-twitch,3,native,1,1,True,2.2688311,2.2688233,200,thin,warm,native,False,response,True,1,027d0abba2b0b7df3efe37ec2f2a2008b61d622b6b4534fa527d3934874e9907,useful,True,True
r3-vendors8-kasada-twitch-native,vendors8,kasada-twitch,3,native,1,2,True,1.6634887,1.6634728,200,thin,warm,native,False,response,True,1,2bea1ee44efb89217e7b2866480ce00cdf5303e3d5e77cd08a84801796a9c0b3,useful,True,True
r3-vendors8-kasada-twitch-native,vendors8,kasada-twitch,3,native,1,3,True,1.7495045,1.7494889,200,thin,warm,native,False,response,True,1,027d0abba2b0b7df3efe37ec2f2a2008b61d622b6b4534fa527d3934874e9907,useful,True,True
r3-hard12-wikipedia-native,hard12,wikipedia,3,native,0,1,True,2.2207334,2.2203795,200,full,warm,native,False,response,False,1,67ab3543336d6146f57830e7d37df2e15b76d7e43afbc63fd038d8df675f625e,useful,True,True
r3-hard12-wikipedia-native,hard12,wikipedia,3,native,0,2,True,1.6031466,1.6028047,200,full,warm,native,False,response,False,1,67ab3543336d6146f57830e7d37df2e15b76d7e43afbc63fd038d8df675f625e,useful,True,True
r3-hard12-wikipedia-native,hard12,wikipedia,3,native,0,3,True,1.5928191,1.5925037,200,full,warm,native,False,response,False,1,67ab3543336d6146f57830e7d37df2e15b76d7e43afbc63fd038d8df675f625e,useful,True,True
r3-hard12-wikipedia-auto,hard12,wikipedia,3,auto,1,1,True,0.3130294,0.3126432,200,full,http,emulated,False,response,False,1,c460e9223f2d51f292ad2fc4bd0bca228bae548a9fe9b18810788b8a96f4b316,useful,True,True
r3-hard12-wikipedia-auto,hard12,wikipedia,3,auto,1,2,True,0.8077736,0.8073941,200,full,http,emulated,False,response,False,1,c460e9223f2d51f292ad2fc4bd0bca228bae548a9fe9b18810788b8a96f4b316,useful,True,True
r3-hard12-wikipedia-auto,hard12,wikipedia,3,auto,1,3,True,1.0033598,1.003039,200,full,http,emulated,False,response,False,1,c460e9223f2d51f292ad2fc4bd0bca228bae548a9fe9b18810788b8a96f4b316,useful,True,True
r3-public31-google-search-native,public31,google-search,3,native,0,1,True,3.4570116,3.4570043999999998,204,thin,warm,native,False,response,True,1,ea8975d59c56b210f0fbb65b5914d57d5c81c3a75f6d1dfbdb85582292baebc5,partial,False,False
r3-public31-google-search-native,public31,google-search,3,native,0,2,True,2.4804564,2.4804456999999998,200,thin,warm,native,False,response,True,1,494d39ab4090a5106bf56afbd6c109525a11b3917606b17f5789d33e3bfb60b6,partial,False,False
r3-public31-google-search-native,public31,google-search,3,native,0,3,True,2.6906659,2.6906568,200,thin,warm,native,False,response,True,1,fb762ef95b7d5fd90d361b7054d90879ec194bfd4cde6d1168f678acb79215bc,partial,False,False
r3-public31-google-search-auto,public31,google-search,3,auto,1,1,True,5.4058755,5.4058672,200,thin,browser,emulated,False,response,True,1,dc98c92646d563a21ca50b8699728151eb5c2a9f0ea91ac473f3f286636548e2,partial,False,False
r3-public31-google-search-auto,public31,google-search,3,auto,1,2,True,2.5552443,2.5552378,200,thin,browser,emulated,False,response,True,1,430c244217799b122cad79525607546c24897934b055f41df76a2cf7970f2273,partial,False,False
r3-public31-google-search-auto,public31,google-search,3,auto,1,3,True,2.4770014,2.4769958,200,thin,browser,emulated,False,response,True,1,9113dc3acb8a933dfb73d7761613c43907bcc19cd931903603d834fcf08f558f,partial,False,False
r3-hard12-newegg-auto,hard12,newegg,3,auto,0,1,True,0.7357081,0.7356844,200,thin,http,emulated,False,response,True,1,b5d270fd4393563bccec5c9893f58729d3163c807f95aa733fc94e88c1db7329,useful,True,True
r3-hard12-newegg-auto,hard12,newegg,3,auto,0,2,True,0.7908949,0.7908839,200,thin,http,emulated,False,response,True,1,b5d270fd4393563bccec5c9893f58729d3163c807f95aa733fc94e88c1db7329,useful,True,True
r3-hard12-newegg-auto,hard12,newegg,3,auto,0,3,True,0.9235083,0.9234849,200,thin,http,emulated,False,response,True,1,b5d270fd4393563bccec5c9893f58729d3163c807f95aa733fc94e88c1db7329,useful,True,True
r3-hard12-newegg-native,hard12,newegg,3,native,1,1,True,6.9337001,6.9336717,200,thin,warm,native,False,response,True,1,33420709dda75908023747ffe96c1ca5ae585244f8dff521074e726d48bb6726,useful,True,True
r3-hard12-newegg-native,hard12,newegg,3,native,1,2,True,6.5408861,6.5408609,204,thin,warm,native,False,response,True,1,1f543c9330c13f46b342d298d5e16c48d3b5eeccfb2a5047ce1b0a58495f75cd,useful,True,True
r3-hard12-newegg-native,hard12,newegg,3,native,1,3,True,8.8851394,8.8851156,204,thin,warm,native,False,response,True,1,b6f35f085d3ab885a9957f6de45ca0f9b77b271cc69e7c2634a3a5a2d78daafa,useful,True,True
r3-hard12-g2-native,hard12,g2,3,native,0,1,False,0.0014718,0.0014656,0,,,,False,local_deferral,True,1,f5f0fe638ed1ed8aacff7f083479fe69bd0ae6f123b97a4fc8990155107f06ed,unavailable,False,False
r3-hard12-g2-native,hard12,g2,3,native,0,2,False,9.64e-05,9.49e-05,0,,,,False,local_deferral,True,1,f5f0fe638ed1ed8aacff7f083479fe69bd0ae6f123b97a4fc8990155107f06ed,unavailable,False,False
r3-hard12-g2-native,hard12,g2,3,native,0,3,False,6.25e-05,6.16e-05,0,,,,False,local_deferral,True,1,f5f0fe638ed1ed8aacff7f083479fe69bd0ae6f123b97a4fc8990155107f06ed,unavailable,False,False
r3-hard12-g2-auto,hard12,g2,3,auto,1,1,False,0.0014092,0.0014034,0,,,,False,local_deferral,True,1,f5f0fe638ed1ed8aacff7f083479fe69bd0ae6f123b97a4fc8990155107f06ed,unavailable,False,False
r3-hard12-g2-auto,hard12,g2,3,auto,1,2,False,7.42e-05,7.32e-05,0,,,,False,local_deferral,True,1,f5f0fe638ed1ed8aacff7f083479fe69bd0ae6f123b97a4fc8990155107f06ed,unavailable,False,False
r3-hard12-g2-auto,hard12,g2,3,auto,1,3,False,6.3e-05,6.21e-05,0,,,,False,local_deferral,True,1,f5f0fe638ed1ed8aacff7f083479fe69bd0ae6f123b97a4fc8990155107f06ed,unavailable,False,False
r3-hard12-amazon-native,hard12,amazon,3,native,0,1,True,3.3680417,3.3679948,200,thin,warm,native,False,response,True,1,43b863bdf1617afb82a1674248c0b26180dbeeb8d6ea3762da4fd5becca07f6a,useful,True,True
r3-hard12-amazon-native,hard12,amazon,3,native,0,2,True,2.8089071,2.80885,200,thin,warm,native,False,response,True,1,c63bf3195eca3ef89c9a0609cdcc0d2c4fc901df56a84e9367dc9fa1d3610d71,useful,True,True
r3-hard12-amazon-native,hard12,amazon,3,native,0,3,True,5.6665349,5.6664541,200,thin,warm,native,False,response,True,1,0dd81ed4f0c372131c0564e2436c6c2c10b5881f7f55ffd9aa800b60d0543664,useful,True,True
r3-hard12-amazon-auto,hard12,amazon,3,auto,1,1,False,0.0014583,0.0014526,0,,,,False,local_deferral,True,1,942988624b387ded52da63d60894ad643a250ae021a3615a4c9903e9a0899433,unavailable,False,False
r3-hard12-amazon-auto,hard12,amazon,3,auto,1,2,False,7.33e-05,7.23e-05,0,,,,False,local_deferral,True,1,942988624b387ded52da63d60894ad643a250ae021a3615a4c9903e9a0899433,unavailable,False,False
r3-hard12-amazon-auto,hard12,amazon,3,auto,1,3,False,6.16e-05,6.07e-05,0,,,,False,local_deferral,True,1,942988624b387ded52da63d60894ad643a250ae021a3615a4c9903e9a0899433,unavailable,False,False
